:020000040800F2
:1000000000000320B1A00008495100084B5100082E
:100010004D5100084F5100085151000800000000E8
:100020000000000000000000000000003181000816
:100030005351000800000000D18100080D7D000828
:1000400001A1000801A1000801A1000801A1000808
:1000500001A1000801A1000801A1000801A10008F8
:1000600001A1000801A1000801A1000801A10008E8
:100070005551000801A100086551000801A10008C0
:1000800001A100087551000801A1000801A10008A4
:100090008551000801A1000801A1000801A1000884
:1000A00001A1000801A1000801A1000801A10008A8
:1000B00001A1000801A1000801A1000801A1000898
:1000C00001A1000801A1000801A1000801A1000888
:1000D00001A1000801A1000801A1000801A1000878
:1000E00001A1000801A1000801A1000801A1000868
:1000F00001A1000801A1000801A1000801A1000858
:1001000001A1000801A100089551000801A1000803
:1001100001A1000801A1000801A10008A5510008E3
:1001200001A10008B551000801A1000801A10008C3
:1001300001A1000801A1000801A1000801A1000817
:10014000C551000801A1000801A1000801A1000893
:1001500001A1000801A1000801A1000801A10008F7
:1001600001A1000801A1000801A1000801A10008E7
:1001700001A1000801A1000801A100080000000081
:1001800001A1000801A1000801A1000801A10008C7
:1001900001A1000801A1000801A1000801A10008B7
:0C01A000000000000000000001A10008A9
:1001B00081F0004102E000BF83F0004330B54FEA18
:1001C00041044FEA430594EA050F08BF90EA020F85
:1001D0001FBF54EA000C55EA020C7FEA645C7FEA18
:1001E000655C00F0E2804FEA5454D4EB5555B8BF3B
:1001F0006D420CDD2C4480EA020281EA030382EAAC
:10020000000083EA010180EA020281EA0303362D3D
:1002100088BF30BD11F0004F4FEA01314FF4801C10
:100220004CEA113102D0404261EB410113F0004F22
:100230004FEA03334CEA133302D0524263EB4303D9
:1002400094EA050F00F0A780A4F10104D5F1200E77
:100250000DDB02FA0EFC22FA05F2801841F10001D2
:1002600003FA0EF2801843FA05F359410EE0A5F1A6
:1002700020050EF1200E012A03FA0EFC28BF4CF0D7
:10028000020C43FA05F3C01851EBE37101F000458D
:1002900007D54FF0000EDCF1000C7EEB00006EEB9A
:1002A0000101B1F5801F1BD3B1F5001F0CD3490824
:1002B0005FEA30004FEA3C0C04F101044FEA44527B
:1002C00012F5800F80F09A80BCF1004F08BF5FEA02
:1002D000500C50F1000041EB045141EA050130BDE2
:1002E0005FEA4C0C404141EB0101013C28BFB1F5F4
:1002F000801FE9D291F0000F04BF01460020B1FA3F
:1003000081F308BF2033A3F10B03B3F120020CDA11
:100310000C3208DD02F1140CC2F10C0201FA0CF0EF
:1003200021FA02F10CE002F11402D8BFC2F1200C54
:1003300001FA02F120FA0CFCDCBF41EA0C0190400A
:10034000E41AA2BF01EB0451294330BD6FEA040453
:100350001F3C1CDA0C340EDC04F11404C4F120023E
:1003600020FA04F001FA02F340EA030021FA04F350
:1003700045EA030130BDC4F10C04C4F1200220FAA7
:1003800002F001FA04F340EA0300294630BD21FAE5
:1003900004F0294630BD94F0000F83F4801306BFAB
:1003A00081F480110134013D4EE77FEA645C18BF9F
:1003B0007FEA655C29D094EA050F08BF90EA020F36
:1003C00005D054EA000C04BF1946104630BD91EA2E
:1003D000030F1EBF0021002030BD5FEA545C05D131
:1003E0004000494128BF41F0004130BD14F5800470
:1003F0003CBF01F5801130BD01F0004545F0FE41E4
:1004000041F470014FF0000030BD7FEA645C1ABF18
:10041000194610467FEA655C1CBF0B46024650EA4F
:10042000013406BF52EA033591EA030F41F400217B
:1004300030BD00BF90F0000F04BF0021704730B501
:100440004FF4806404F132044FF000054FF00001D6
:1004500050E700BF90F0000F04BF0021704730B597
:100460004FF4806404F1320410F0004548BF40426C
:100470004FF000013EE700BF42004FEAE2014FEAC1
:1004800031014FEA02701FBF12F07F4393F07F4F9C
:1004900081F06051704732F07F4208BF704793F09F
:1004A0007F4F04BF41F40021704730B54FF46074B2
:1004B00001F0004521F000411CE700BF50EA0102B5
:1004C00008BF704730B54FF000050AE050EA01025E
:1004D00008BF704730B511F0004502D5404261EBCE
:1004E00041014FF4806404F132045FEA915C3FF40F
:1004F000D8AE4FF003025FEADC0C18BF03325FEAAC
:10050000DC0C18BF033202EBDC02C2F1200300FA5C
:1005100003FC20FA02F001FA03FE40EA0E0021FA81
:1005200002F11444BDE600BF70B54FF0FF0C4CF46F
:10053000E06C1CEA11541DBF1CEA135594EA0C0F21
:1005400095EA0C0F00F0DEF82C4481EA030621EA5C
:100550004C5123EA4C5350EA013518BF52EA033597
:1005600041F4801143F4801338D0A0FB02CE4FF049
:100570000005E1FB02E506F00042E0FB03E54FF079
:100580000006E1FB03569CF0000F18BF4EF0010E71
:10059000A4F1FF04B6F5007F64F5407404D25FEA6D
:1005A0004E0E6D4146EB060642EAC62141EA555120
:1005B0004FEAC52040EA5E504FEACE2EB4F1FD0C62
:1005C00088BFBCF5E06F1ED8BEF1004F08BF5FEAE0
:1005D000500E50F1000041EB045170BD06F0004692
:1005E00046EA010140EA020081EA0301B4EB5C043F
:1005F000C2BFD4EB0C0541EA045170BD41F4801137
:100600004FF0000E013C00F3AB8014F1360FDEBF5B
:10061000002001F0004170BDC4F10004203C35DA37
:100620000C341BDC04F11404C4F1200500FA05F3BA
:1006300020FA04F001FA05F240EA020001F000425B
:1006400021F0004110EBD37021FA04F642EB0601D1
:100650005EEA430E08BF20EAD37070BDC4F10C04FB
:10066000C4F1200500FA04F320FA05F001FA04F2BF
:1006700040EA020001F0004110EBD37041F10001AB
:100680005EEA430E08BF20EAD37070BDC4F12005B6
:1006900000FA05F24EEA020E20FA04F301FA05F21E
:1006A00043EA020321FA04F001F0004121FA04F2C6
:1006B00020EA020000EBD3705EEA430E08BF20EA96
:1006C000D37070BD94F0000F0FD101F000464000D0
:1006D00041EB010111F4801F08BF013CF7D041EA52
:1006E000060195F0000F18BF704703F00046520056
:1006F00043EB030313F4801F08BF013DF7D043EA27
:100700000603704794EA0C0F0CEA135518BF95EADC
:100710000C0F0CD050EA410618BF52EA4306D1D163
:1007200081EA030101F000414FF0000070BD50EA82
:10073000410606BF1046194652EA430619D094EA0C
:100740000C0F02D150EA013613D195EA0C0F05D1F6
:1007500052EA03361CBF104619460AD181EA03014A
:1007600001F0004141F0FE4141F470014FF0000002
:1007700070BD41F0FE4141F4780170BD70B54FF09D
:10078000FF0C4CF4E06C1CEA11541DBF1CEA13551D
:1007900094EA0C0F95EA0C0F00F0A7F8A4EB0504FF
:1007A00081EA030E52EA03354FEA013100F08880F6
:1007B0004FEA03334FF0805545EA131343EA1263BF
:1007C0004FEA022245EA111545EA10654FEA002674
:1007D0000EF000419D4208BF964244F1FD0404F52D
:1007E000407402D25B084FEA3202B61A65EB030589
:1007F0005B084FEA32024FF480104FF4002CB6EB46
:10080000020E75EB030E22BFB61A754640EA0C00C5
:100810005B084FEA3202B6EB020E75EB030E22BF05
:10082000B61A754640EA5C005B084FEA3202B6EB46
:10083000020E75EB030E22BFB61A754640EA9C0005
:100840005B084FEA3202B6EB020E75EB030E22BFD5
:10085000B61A754640EADC0055EA060E18D04FEA93
:10086000051545EA16754FEA06164FEAC30343EA33
:1008700052734FEAC2025FEA1C1CC0D111F4801F00
:100880000BD141EA00014FF000004FF0004CB6E7F9
:1008900011F4801F04BF01430020B4F1FD0C88BF98
:1008A000BCF5E06F3FF6AFAEB5EB030C04BFB6EBA3
:1008B000020C5FEA500C50F1000041EB045170BD96
:1008C0000EF0004E4EEA113114EB5C04C2BFD4EBC3
:1008D0000C0541EA045170BD41F480114FF0000E47
:1008E000013C90E645EA060E8DE60CEA135594EAC3
:1008F0000C0F08BF95EA0C0F3FF43BAF94EA0C0FC6
:100900000AD150EA01347FF434AF95EA0C0F7FF43A
:1009100025AF104619462CE795EA0C0F06D152EA8E
:1009200003353FF4FDAE1046194622E750EA410672
:1009300018BF52EA43067FF4C5AE50EA41047FF483
:100940000DAF52EA43057FF4EBAE12E74FF0FF3CE8
:1009500006E000BF4FF0010C02E000BF4FF0010CB9
:100960004DF804CD4FEA410C7FEA6C5C4FEA430C32
:1009700018BF7FEA6C5C1BD001B050EA410C0CBF81
:1009800052EA430C91EA030F02BF90EA020F0020E3
:10099000704710F1000F91EA030F58BF994208BF4A
:1009A00090422CBFD8176FEAE37040F00100704707
:1009B0004FEA410C7FEA6C5C02D150EA013C07D15E
:1009C0004FEA430C7FEA6C5CD6D152EA033CD3D0A9
:1009D0005DF8040B704700BF8446104662468C46A3
:1009E0001946634600E000BF01B5FFF7B7FF0028D6
:1009F00048BF10F1000F01BD4DF808EDFFF7F4FFFF
:100A00000CBF012000205DF808FB00BF4DF808ED89
:100A1000FFF7EAFF34BF012000205DF808FB00BFAC
:100A20004DF808EDFFF7E0FF94BF012000205DF8CE
:100A300008FB00BF4DF808EDFFF7CEFF94BF012083
:100A400000205DF808FB00BF4DF808EDFFF7C4FF7C
:100A500034BF012000205DF808FB00BF4FEA410CC5
:100A60007FEA6C5C02D150EA013C0AD14FEA430CA8
:100A70007FEA6C5C02D152EA033C02D14FF00000E5
:100A800070474FF0010070474FEA410212F5001223
:100A900015D211D56FF47873B3EB625212D94FEAC5
:100AA000C12343F0004343EA505311F0004F23FAAF
:100AB00002F018BF404270474FF00000704750EA04
:100AC000013005D111F0004008BF6FF000407047C1
:100AD0004FF00000704700BF4FEA4102B2F1E0431F
:100AE00024BFB3F5001CDCF1FE5C0DD901F0004C15
:100AF0004FEAC0024CEA5070B2F1004F40EB830065
:100B000008BF20F00100704711F0804F21D113F190
:100B10003872BCBF01F00040704741F480114FEAC9
:100B20005252C2F11802C2F1200C10FA0CF320FA52
:100B300002F018BF40F001004FEAC1234FEAD3236F
:100B400003FA0CFC40EA0C0023FA02F34FEA4303D9
:100B5000CCE77FEA625307D150EA01331EBF4FF062
:100B6000FE4040F44000704701F0004040F0FE407D
:100B700040F40000704700BF53B94AB9002908BFCC
:100B800000281CBF4FF0FF314FF0FF3000F00CB8D1
:100B9000ADF1080C6DE904CE0AF03AFDDDF804E091
:100BA000DDE9022304B07047704700BF0000000079
:100BB00001F0FF01102A2BDB10F0070F08D010F80E
:100BC000013B013A8B422DD010F0070F42B3F6D112
:100BD000F0B441EA012141EA014122F007047FF02B
:100BE00000070023F0E80256083C85EA010586EA82
:100BF000010685FA47F5A3FA87F586FA47F6A5FABE
:100C000087F68EB9EED1F0BC01F0FF0102F00702C9
:100C100032B110F8013B013A83EA010313B1F8D174
:100C20000020704701387047002D06BF3546033855
:100C3000073815F0010F07D1013015F4807F02BF8E
:100C4000013015F4C03F0130F0BC0138704700BFDF
:100C5000034613F8012B002AFBD1181A01387047FC
:100C60000348044B834202D0034B03B1184770473B
:100C70005003002050030020000000000548064BF0
:100C80001B1AD90F01EBA301491002D0034B03B18A
:100C90001847704750030020500300200000000058
:100CA00010B5064C237843B9FFF7DAFF044B13B1B4
:100CB0000448AFF300800123237010BD50030020CF
:100CC000000000001CE3000808B5054B1BB10549F6
:100CD0000548AFF30080BDE80840FFF7CFBF00BF75
:100CE00000000000540300201CE30008F0B5174684
:100CF000002418E00133A5EB040C9C4512DD10F82C
:100D000003E003F1010C10F80C209645F2D9CE5CFB
:100D1000C25400F80CE011F80CE001F803E001F80F
:100D20000C60E7E701347D1EA54201DD0023E2E708
:100D3000F0BD08B500F024FA00F02AFA01F01EFE1A
:100D400001F0D2FF01F0C2FE02F0F2FD08BD00008A
:100D50002DE9F04180460F4616461D4602E00A2066
:100D600007F068F80B4CA47D1CB10A4CE47D002C04
:100D7000F5D0084CC4F800806760A660002161755A
:100D800025610123A375E175034B186807F0B9F8D5
:100D9000BDE8F081AC070020A007002038B505466B
:100DA0000C4602E00A2007F045F80A4B9B7D1BB178
:100DB000084BDB7D002BF5D0064B1D7501225A75C3
:100DC0001C619A750021D975034B186807F099F8D2
:100DD00038BD00BFAC070020A007002070B5064654
:100DE0000D46144602E00A2007F024F80A4B9B7DCA
:100DF0001BB1094BDB7D002BF5D0074B1E735D73D8
:100E000003225A751C6101229A750021D975034B82
:100E1000186807F076F870BDAC070020A007002026
:100E200070B505460B46421E144C02EB420004EB23
:100E30008000D0ED006AD0ED017A0246104E96F89F
:100E400000C00CF1FF3C0CEB4C0004EB800090ED7B
:100E5000007A90ED016A77EEC67A0A4991ED006A50
:100E6000926877EE867A17EE901A76EEC77A17EECA
:100E7000900AFFF76DFF357070BD00BF00000020C5
:100E8000680100207003002038B504460A46034D6F
:100E900001462878FFF7A2FF2C7038BD68010020BA
:100EA000014B1870704700BF6801002010B5441E48
:100EB000074B53F8240006F0BDFF04EB4404054A39
:100EC00002EB8402002307CA02F018FD10BD00BF28
:100ED00050E30008E006002008B50238C0EB00101F
:100EE000C00007EE900AF8EEE77A17EE900A02F0DB
:100EF0002BF808BD38B504460D46082001F050FE19
:100F00002078012865D01A304FF0FF31C0B2FFF7CA
:100F100087FF2878FFF7E0FF2078043040F6B831EB
:100F2000C0B2FFF73BFF2078831EDBB2022B57D9FC
:100F30004FF0FF31374B186806F0E3FF2878FFF7D2
:100F4000B5FF2378012B50D0607809304FF0FF3186
:100F5000C0B2FFF765FF6878FFF7BEFF082001F019
:100F60001FFE6078043040F6B831C0B2FFF716FFBC
:100F70006078831EDBB2022B3FD94FF0FF31254B47
:100F8000186806F0BEFF6878FFF790FFA078052884
:100F900038D009304FF0FF31C0B2FFF741FFA878D9
:100FA000FFF79AFF082001F0FBFDA078043040F61F
:100FB000B831C0B2FFF7F2FE4FF0FF31154B1868A1
:100FC00006F09FFFA878FFF771FF082001F00AFEE6
:100FD00038BD09304FF0FF31C0B2FFF721FF98E76D
:100FE0000F30C0B2FFF75CFFA2E760781A304FF015
:100FF000FF31C0B2FFF748FFADE70F30C0B2FFF7D7
:101000004FFFBAE709304FF0FF31C0B2FFF73CFFA6
:10101000C5E700BFA007002038B5022908D0032982
:101020000BD001293BD14FF4E175F1EE0C7A07E0CA
:101030004FF4E175F2EE087A02E01425F2EE0E7A32
:10104000441E184B03EB840393ED007A77EE677A26
:1010500017EE900A01F046FF134B53F82440204648
:1010600006F0E8FE01F07CFF962006F0E3FE0F4854
:1010700001F038FF204606F0DDFE0D4801F0B0FC1F
:101080004FF4967006F0D6FE01F096FF284606F063
:10109000D1FE01F07BFF962006F0CCFE38BDDFEDDF
:1010A000057ACDE768E300085CE30008668686C33E
:1010B0000000114300000000F8B50746084611463D
:1010C0004FF0000E0FE05C1C84550EF101048C55AE
:1010D0000133042B05DC0A4C14F803C0AC45F7D1EE
:1010E000F1E70EF1010EBEF1020F04DC764657F86F
:1010F0002E500023EDE70322FFF7F8FDF8BD00BFF7
:101100000004002000B585B0C82006F093FE6946B3
:1011100000230093019302930393FF238DF8003083
:10112000AA228DF801208DF803306423052204489B
:1011300006F099FCC82006F07DFE05B05DF804FBC2
:10114000AC0A002000B585B06946002300930193E6
:1011500002930393FF238DF80030AA238DF801300A
:10116000A7238DF8023064230522044806F07BFC97
:10117000C82006F05FFE05B05DF804FBAC0A002055
:1011800008B5FFF7BFFFFFF7DDFF02F0D5FA08BD96
:1011900008B574200AF0B8FB144B1860002824D05E
:1011A0000023036243628362C36203634363836316
:1011B000C36303600D4A126853609360D360136188
:1011C00053619361D361136453649364D36413656F
:1011D00053659365D365136693665366D36604239C
:1011E00082F87030002382F8713008BD740300204B
:1011F00018490A680023136253629362D36213632F
:1012000053639363D36313600A6853609360D3603E
:10121000136153619361D361136453649364D36422
:10122000136553659365D365136693665366D366FA
:10123000042382F87030084A5168012381F8543041
:10124000916881F85430D16881F85430126982F87D
:101250005430704774030020580400200000000040
:101260002DE9F8432DED068B02F060FA142004F00E
:1012700045FF8F4BD3ED007A9FED8E7A67EE877A2C
:101280009FED8D7AC7EE877A17EE909A1868FFF770
:10129000F3F80022894B08F035FFFFF71DFC07EE3D
:1012A000900AF5EEC07AF1EE10FA00F1B7809FEDEA
:1012B000847AF4EEC77AF1EE10FA07D99FED817ABD
:1012C000F4EEC77AF1EE10FA40F3AD807E4B1B6866
:1012D000002283F871207C4B1C68754B1B682366C9
:1012E0007A4B1B68A3667A4B5F6897ED146A84EDAE
:1012F000046AD3F80880D8ED147AC4ED057ADE6864
:10130000D6ED146AC4ED066A1D6995ED147A84ED74
:10131000077A36EE278A36EE888A37EE088AB5EEE7
:10132000009A28EE098A84ED088A77EEC67A76EE6E
:10133000A78A78EEC78A68EE898AC4ED098A77EEB3
:10134000E67A77EE277A17EE900AFFF795F856A31C
:10135000D3E90023FFF712FAFFF7BEFB60664846A9
:1013600008F028FF09EE900A28EE29AA484608F05E
:101370005BFF06EE900A68EEA67A3AEE67AA84ED65
:1013800010AA28EE268A68EEA98A38EE288A84ED0B
:10139000118A97ED137AD8ED137A37EE277AD6EDC6
:1013A000137A37EE277AD5ED137A37EE277A27EEC0
:1013B000097A84ED0C7AD8ED137A97ED136A77EEFB
:1013C000C67A96ED136A77EE867A95ED136A77EE14
:1013D000C67A67EE897AC4ED0D7A94ED146A69EEE7
:1013E000875A26EEA75A75EEC55A36EE256A84ED61
:1013F000146A94ED156A66EE876A69EEA79A76EE2E
:10140000A96A76EE267AC4ED157A02F095F91420D1
:1014100004F070FEBDEC068BBDE8F8839FED2D7ADD
:1014200077EE877A43E79FED267AF4EEC77AF1EEFE
:1014300010FA21DD9FED287AF4EEC77AF1EE10FA6A
:1014400005D8214B1B68012283F8712043E79FEDEB
:10145000227AF4EEC77AF1EE10FA7FF73CAF9FEDF7
:101460001F7AF4EEC77AF1EE10FA05D8164B1B6816
:10147000022283F871202EE79FED187AF4EEC77AE6
:10148000F1EE10FA7FF727AF9FED0E7AF4EEC77AF0
:10149000F1EE10FA3FF61FAF0B4B1B68032283F8E7
:1014A000712018E7AFF300809B6CB2C9FC7F384015
:1014B000D8070020DB0F494000003443008076400D
:1014C0000000344200809D4374030020D4070020B4
:1014D000580400200000B4430000074300006143AB
:1014E00010B5012408E0074B53F8240001F0A0FEDA
:1014F000012006F09FFC0134042CF4DDFFF7B0FE60
:1015000010BD00BF580400202DE9F0432DED068BDF
:1015100083B0554D2C68D4ED187ADFED549A67EE00
:10152000A97A9FED537AC7EE877A17EE906A94ED09
:10153000128A304608F03EFE08EE900A28EE289AFD
:1015400094ED13AA304608F06FFE07EE100A6AEE1B
:10155000077A79EE277AC4ED0A7A28EE478A68EE90
:101560008A8A38EE288A84ED0B8A77EEC87A17EEDD
:10157000900AFEF781FF06460F46D4ED1B7A9FEDD9
:101580003D9A67EEC97A67EEA97A17EE900AFEF7E0
:1015900073FF0022384BFFF7F1F831A3D3E90023A2
:1015A000FEF7C2FF02460B4630463946FEF706FEFE
:1015B000FFF792FA20602C68D4ED0A8A94ED0B8A2A
:1015C00078EE887A17EE900AFEF756FF8046894635
:1015D000D4ED1B7A67EE897A67EEA97A17EE900A46
:1015E000FEF74AFF0022244BFFF7C8F81CA3D3E9FB
:1015F0000023FEF799FF06460F4602460B4640467B
:101600004946FEF7DBFDFFF767FA054660603246A4
:101610003B4640464946FEF7CFFDFFF75DFA804660
:10162000A06078EEC87A17EE900AFEF725FF024612
:101630000B4630463946FEF7C1FDFFF74DFA03462B
:10164000E06020680A2200924246294602F02CF807
:1016500003B0BDEC068BBDE8F08300BFAFF30080A4
:10166000000000002670E63F74030020DB0F4940B5
:1016700000003443AD8CF2430080664010B582B068
:10168000124B1B68042283F87020C0B9012400E0CB
:101690000134042C09DC0E4B53F824008379022B0F
:1016A000F6D0022101F024FDF2E70020022300938E
:1016B00003460246014601F0F7FF02B010BD01F0FB
:1016C0009BFF012001F066FFF7E700BF74030020D5
:1016D00058040020000000002DE9F04F2DED088B8C
:1016E00085B008EE100A08EE901A91461D4601F0EA
:1016F00073FF022001F04EFF01F05EFFFFF778FD5F
:10170000FFF7EEFEC64B186802F056FDC54B186891
:1017100002F052FDC44B186802F04EFDC34B18682E
:1017200002F04AFDC24B186802F046FDC14B186832
:1017300002F042FDC04B186802F03EFDBF4B186836
:1017400002F03AFD07EE909AFDEEE77A17EE908AE6
:10175000DFEDBB7AB4EEE78AF1EE10FA24D4DFEDC8
:10176000B97AB4EEE78AF1EE10FA28DADFEDB67A4C
:10177000F4EE678AF1EE10FA28D0F0EEE87A9FEDE9
:10178000B37AF4EEC77AF1EE10FA26D5F0EEC87A05
:10179000F4EEC77AF1EE10FA26D4F1EE04AAB0EE18
:1017A0006AAA4FF0040B05E0F0EE08AAB3EE04AA13
:1017B0004FF0010B04F042F88246002406E2F0EEFE
:1017C00008AAB3EE04AA4FF0010BF3E7F1EE04AA66
:1017D000B7EE00AA4FF0030BECE7F1EE04AAB0EE6F
:1017E0006AAA4FF0040BE5E7F1EE04AAB0EE08AAEE
:1017F0004FF0010BDEE7964B186806F0B6FB954BF1
:10180000002098750122DA75FFF738FFDFED8C7A3A
:10181000B4EEE78AF1EE10FA17D58F4B1B68D3EDC3
:10182000157A9FED8E7A77EE677A17EE900AFEF7BB
:1018300023FE79A3D3E90023FEF776FEFFF74CF9E8
:10184000874B186003F014FEEBE2854B00221A6010
:10185000F8E700249FED837AB4EEC78AF1EE10FA20
:101860001AD59FED787AF4EEC77AF1EE10FA10DD12
:101870009FED7D7AF4EEC77AF1EE10FA09D5B8F54E
:10188000877F31D0DFED758A1AE00024E2E700247B
:10189000E0E7B8F5877F24D09FED747AF4EE478AAD
:1018A000F1EE10FA0CD193ED157A37EE687AB0EEBE
:1018B000C77ADFED6F6AB4EEE67AF1EE10FA18D46B
:1018C0009FED747AB4EE478AF1EE10FA13D19FEDD2
:1018D000697AF4EEC77AF1EE10FA0CD5DFED668A7C
:1018E00009E0DFF8A891D7E7DFF8A491DFED5B8A84
:1018F000E6E79FED628AFFF7F3FDB0EEC89ADFEDF1
:10190000517AB4EEE79AF1EE10FA40F19681DFEDEC
:101910005C7AB4EEE79AF1EE10FA40F3BF80DFEDA7
:101920005D7AB4EE678AF1EE10FA00F0BE80F7EE51
:10193000007AF4EE678AF1EE10FA00F0AF80DFED86
:101940004E7AF4EE678AF1EE10FA00F0A780424B6F
:101950001B6893ED14BAF0EECB7A17EE900AFEF7FF
:101960008BFDCDE9000119EE100AFEF785FD064654
:101970000F46444B1868FEF77FFD02460B46304683
:101980003946FEF719FC02460B46DDE90001FFF778
:101990005BF808B10134E4B21BEE102A18EE101AFD
:1019A0001F4B186802F01EFC07EE900AF5EEC07A95
:1019B000F1EE10FA19DDF0EEE77A17EE900AFEF775
:1019C0005BFD0022304B08F067FC234B1E68FFF7DD
:1019D00083F8B064204B1E68726D18EE901A114B9C
:1019E000186802F0FFFBF064E5E0F0EEE77A17EE2E
:1019F000900AFEF741FD0022234B08F04DFCFFF753
:101A00006BF8154B1B6807EE900AF1EE677AC3ED91
:101A1000127ADFE7AFF300809A9999999999E93F93
:101A20004407002040070020280700203C07002032
:101A30003807002034070020300700202C07002042
:101A40000080BBC40080BB44000020420080894469
:101A5000A0070020AC0700207403002000E08DC424
:101A60007003002000401CC500401C45008003445A
:101A700000004843000048420000024400808443C4
:101A80000000C8426C010020008041400000344347
:101A900000008743008084C300004C425FED027A5F
:101AA000B4EEE79AF1EE10FA06D45FED067AB4EEE2
:101AB000678AF1EE10FA6BD1B0EEE89A5FED0A7A20
:101AC000B4EEE79AF1EE10FA62DDBB4B1B6893EDC2
:101AD00015BAF0EECB7A17EE900AFEF7CDFCCDE901
:101AE000000119EE100AFEF7C7FC06460F46B34B7D
:101AF0001868FEF7C1FC02460B4630463946FEF731
:101B00005BFB02460B46DDE90001FEF79DFF08B1D5
:101B10000134E4B21BEE102A18EE901AA84B186894
:101B200002F060FB07EE900AF5EEC07AF1EE10FAD3
:101B300019DDF0EEE77A17EE900AFEF79DFC002221
:101B4000A04B08F0A9FB9C4B1E68FEF7C5FFF06494
:101B5000994B1E68326D18EE101A9B4B186802F0F4
:101B600041FBB06427E0F0EEE77A17EE900AFEF74B
:101B700083FC0022934B08F08FFBFEF7ADFF8E4BEA
:101B80001B6807EE900AF1EE677AC3ED137ADFE780
:101B9000894E37683A6D18EE101A8B4B186802F0B0
:101BA00021FBB8643668726D18EE901A844B186881
:101BB00002F018FBF064804B1E68326E4946834B7E
:101BC000186802F0E1FBF066FFF79EFC03F036FEBA
:101BD000A0EB0A00A84280F019815C45BFF40BAE6F
:101BE000754B1B68D3ED147A77EEC87AF0EEE77A7E
:101BF000F4EECA7AF1EE10FA7FF52BAE93ED157A7A
:101C000037EE687AB0EEC77AB4EEEA7AF1EE10FAFF
:101C10007FF53BAE93ED187A06EE909A37EE667A32
:101C2000B0EEC77ADFED6A6AB4EEE67AF1EE10FA4A
:101C30007FF52DAE0134E4B20CE6DFED667AB4EE4A
:101C4000E78AF1EE10FA37DBDFED637AB4EEE78A6C
:101C5000F1EE10FAB8D5584B1B68D3ED147AB0EEFC
:101C6000E77AB4EEC79AF1EE10FA01D50134E4B286
:101C700017EE902A18EE101A584B186802F0B2FAB4
:101C8000FEF7FAFB00224F4B08F006FB4A4F3E6876
:101C9000FEF722FFB064726D18EE901A504B186870
:101CA00002F0A0FAF0643E68326E4946474B18686D
:101CB00002F06AFBF06687E7DFED4A7AB4EEE78A66
:101CC000F1EE10FA80D53C4B1B6893ED14BAF0EEA0
:101CD000CB7A17EE900AFEF7CFFB06460F4619EEB9
:101CE000100AFEF7C9FB02460B46CDE9002300228D
:101CF0003D4BFEF761FA02460B4630463946FEF789
:101D0000A3FE40B30134E4B2B7EE009A1BEE102AF2
:101D100018EE101A354B186802F064FA07EE900AB4
:101D2000254B1E6867EE897AC6ED127A726D18EE41
:101D3000901A2F4B186802F055FAF064B8F5877FB7
:101D40005AD01D4B1E68326E4946204B186802F06F
:101D50001BFBF06638E70022264BDDE90001FEF7A9
:101D60002BFA02460B4630463946FEF76DFEC8B1E7
:101D7000DDE9002330463946FEF71EFA029001F1F4
:101D80000043039300221B4BDDE90201FEF7F6FC42
:101D900007A3D3E9002308F07FFAFEF79DFE09EEC2
:101DA000100AB3E7B7EE009AB0E700BFAFF30080C8
:101DB0009A9999999999B93F740300206C01002070
:101DC00040070020008041404407002028070020F1
:101DD0009A99993E0080BB44008009453C07002049
:101DE000380700200080BBC40000144034070020E6
:101DF0003007002000406F400C4B1E68326E494691
:101E00000B4B186802F0C0FAF066DDE6094B186863
:101E100006F0ABF8084B002098750122DA75FFF741
:101E20002DFC05B0BDEC088BBDE8F08F74030020DD
:101E30002C070020A0070020AC07002000000000B5
:101E40002DE9F84F2DED048B06460C46032837D8B4
:101E5000DFE800F06E020E2BBD4B93ED068AD3F83F
:101E600040809FEDBC9AF0EE498A002701256EE084
:101E7000B74B93ED078AD3F84480B74B1B78012BFF
:101E800005D09FEDB69ADFEDB68A0027EEE7F7EEB4
:101E9000007A07EE108A77EE277A17EE908A9FED88
:101EA000AF9ADFEDAF8A0027E0E7A94B93ED088AF0
:101EB000D3F848809FEDA79AF0EE498A0027D5E72E
:101EC000A34B021D03EB820292ED018A00F10E0288
:101ED00003EB8203D3F80480031F052B20D8DFE82F
:101EE00003F003230F13171BDFED9D8A9D4F9A4BC1
:101EF0001B78012B27D104F516749FED9B9AB5E74B
:101F0000DFED9A8A974FF2E7DFED988A954FEEE77B
:101F1000DFED968A934FEAE7DFED918A944FE6E78B
:101F2000DFED8F8A0027E2E7DFED8D8A914FDEE754
:101F3000874B93ED058AD3F83C809FED869AF0EEAF
:101F4000498A002792E79FED889A8FE70135042D93
:101F500009DC894B53F825008379022BF6D0022146
:101F600001F0C6F8F2E7FFF743F9FFF7B9FA834B40
:101F7000186802F021F9824B186802F01DF9814BB4
:101F8000186802F019F9804B186802F015F903F08F
:101F900055FC05464BE07D4B186805F0E6FF7C4B91
:101FA000002098750122DA75FFF768FB03F060FAEC
:101FB00080E1DFF89CA1DAF80C2018EE101A704BC3
:101FC000186802F00FF9FEF757FADFF8D091D9F848
:101FD00000B05BA3D3E90023FEF7A6FAFEF77CFD71
:101FE000CBF84C00DAF810204146644B186802F038
:101FF000F9F8FEF741FAD9F8009051A3D3E900238C
:10200000FEF792FAFEF768FDC9F84800614B1A68BE
:1020100039465D4B186802F0B7F9C9F86C00022E1A
:1020200000F02C81FFF770FA052005F003FF03F0A4
:1020300005FC401BA04280F03281454BD3ED037A72
:1020400077EEC87AF0EEE77AF4EEE87AF1EE10FA7D
:102050001CD8D3ED047A07EE108A77EEC77AF0EE3B
:10206000E77AF4EEC97AF1EE10FA0FD8494BD3EDC6
:10207000007A07EE107A77EEC77AF0EEE77A9FEDF6
:10208000467AF4EEC77AF1EE10FA84D4434B1A681C
:102090002F4BD3ED037AF5EE407AF1EE10FA06D12C
:1020A000D3ED047AF5EE407AF1EE10FABFD092F853
:1020B0007130032BB3D801A252F823F0B31F0008EC
:1020C0000F220008CD200008A1210008DFF880A021
:1020D000DAF80C2018EE101A294B186802F082F872
:1020E000FEF7CAF9DFF8B490D9F800B016A3D3E927
:1020F0000023FEF719FAFEF7EFFCCBF84C00DAF8F4
:10210000102041461D4B186802F06CF8FEF7B4F938
:10211000D9F800900CA3D3E90023FEF705FAFEF7E7
:10212000DBFCC9F848001B4B1A683946164B186887
:1021300002F02AF9C9F86C0071E700BFAFF3008024
:102140009A9999999999E13F9A9999999999E1BFA1
:102150009C0300203333E3406C0300203333A3405F
:102160009A99114100003443666646403333C842B1
:102170000000B442000087435804002024070020D8
:10218000200700201C07002028070020A0070020AF
:10219000AC070020D80700209A99993E74030020CC
:1021A000DFF850A1DAF80C2018EE101A4A4B186824
:1021B00002F018F8FEF760F9DFF82C91D9F800B0BA
:1021C0003FA3D3E90023FEF7AFF9FEF785FCCBF878
:1021D0004800DAF810204146404B186802F002F837
:1021E000FEF74AF9D9F8009037A3D3E90023FEF7A8
:1021F0009BF9FEF771FCC9F84C00394B1A68394657
:10220000384B186802F0C0F8C9F86C0007E7DFF82F
:10221000E4A0DAF80C2018EE101A2F4B186801F021
:10222000E1FFFEF729F9DFF8C090D9F800B026A346
:10223000D3E90023FEF778F9FEF74EFCCBF848000F
:10224000DAF810204146254B186801F0CBFFFEF765
:1022500013F9D9F800901AA3D3E90023FEF764F923
:10226000FEF73AFCC9F84C001D4B1A6839461D4B65
:10227000186802F089F8C9F86C00D0E61A4BD3F858
:102280000090D9F84800FEF7F7F811A3D3E900232E
:10229000FEF74AF9FEF720FCC9F84800C2E6134BE6
:1022A000186805F062FE124B002098750122DA755D
:1022B000FFF7E4F9BDEC048BBDE8F88FAFF30080C5
:1022C0009A9999999999E13F9A9999999999E1BF20
:1022D0009A9999999999E93F2007002024070020AD
:1022E000D80700202807002074030020A007002042
:1022F000AC0700209C0300202DE9F0472DED028B58
:1023000008EE100A8A4616469846012400E0013479
:10231000042C09DC4A4B53F824008379022BF6D0B5
:10232000022100F0E5FEF2E7FEF762FFFFF7D8F8C2
:10233000444B186801F040FF434B186801F03CFF24
:10234000424B186801F038FF07EE90AAF0EEE77AEA
:102350009FED3F7AF4EEC77AF1EE10FA06D4F2EE72
:10236000008A03F06BFA0746002529E0F2EE048AA2
:10237000F7E7002500E00025FFF7B2F8354CD4F868
:102380000090D9F8502018EE101A2E4B186801F062
:1023900029FFC9F84800D4F80090D9F854205146D4
:1023A000294B186801F01EFFC9F84C002468226E02
:1023B0003146264B186801F0E7FFE066FFF7A4F806
:1023C00003F03CFAC01B404531D2224B1C68D4EDCF
:1023D000147A77EEC87AF0EEE77AF4EEE87AF1EE66
:1023E00010FAC6D5D4ED157A07EE10AA77EEC77AA3
:1023F000F0EEE77AB2EE087AF4EEC77AF1EE10FA70
:10240000B9D5D4ED187A07EE106A77EEC77AF0EEF8
:10241000E77A9FED117AF4EEC77AF1EE10FA0DD556
:102420000135EDB2042DA7D90020FFF727F90020D0
:10243000FFF724F9BDEC028BBDE8F08700259BE790
:10244000580400201807002014070020100700205F
:1024500000007A4474030020CDCCCC3D2DE9F04D32
:102460002DED088B86B004460E469246002701F0FB
:10247000B3F8022001F08EF801F09EF8FEF7B8FEE6
:10248000FFF72EF85D4B186801F096FE5C4B18685C
:1024900001F092FE5B4B186801F08EFE5A4B1868F3
:1024A00001F08AFE594B186801F086FE584B1868F7
:1024B00001F082FE574B186801F07EFE03F0BEF972
:1024C0000546002304930593029303930A2C3DD001
:1024D0000E2E47D07B1E504F03EB430207EB8202C8
:1024E00092ED008A601E00EB400207EB8202D2ED03
:1024F000007A38EE678A8DED048A711E01EB410285
:1025000007EB820292ED009A39EE679A8DED059AFB
:1025100003EB430307EB8302D2ED018A00EB40009B
:1025200007EB8000D0ED017A78EEE78ACDED028AE4
:1025300001EB410107EB8103D3ED01AA7AEEE7AA93
:10254000CDED03AA4FF0000B5C46DFE01D2E15D049
:102550001E2E19D01C2EBDD10F27DFED309ADFF8CB
:10256000D480B7E7122C15D0132C19D0112C1DD103
:102570001B27DFED2B9ADFF8C080ABE70F27DFEDDD
:10258000279ADFF8B080A5E71B27DFED249ADFF854
:10259000A4809FE71027DFED219ADFF89C8099E760
:1025A0001027DFED1F9ADFF8908093E71027DFF800
:1025B00088808FE71B4B186805F0D7FC1A4B00206A
:1025C00098750122DA75FFF759F802F051FF7DE1A5
:1025D000F0EEE77A17EE900AFDF74EFF0022134B5C
:1025E00007F05AFEFEF778FA114B1B6807EE900AC7
:1025F000F1EE677AC3ED127A29E100BF44070020AB
:1026000040070020280700203C0700203807002052
:10261000340700203007002000000020000048425E
:1026200000008C42A0070020AC0700200080414041
:1026300074030020000034430000B4420000DC4377
:102640005FED027AB4EE679AF1EE10FA40F01F8166
:10265000A14B1B6893ED15BAF0EECB7A17EE900AFA
:10266000FDF70AFF06460F46F0EEE87A17EE900AED
:10267000FDF702FFCDE90001984B1868FDF7FCFE5D
:1026800002460B46DDE90001FDF796FD02460B46CA
:1026900030463946FEF7D8F920B1BBF1000F01D022
:1026A0000134E4B21BEE102A18EE901A8C4B186815
:1026B00001F098FD07EE900AF5EEC07AF1EE10FAFF
:1026C00040F3D080F0EEE77A17EE900AFDF7D4FEE3
:1026D0000022844B07F0E0FD7F4B1E68FEF7FCF9FB
:1026E000F0647D4B1E68326D18EE101A7E4B186830
:1026F00001F078FDB064784B1E68326E41467B4B2A
:10270000186801F041FEF066FEF7FEFE03F096F851
:10271000401B504580F0CF80002C7FF44BAF6E4BB8
:102720001B68D3ED147A77EEC87AF0EEE77AB3EE51
:10273000047AF4EEC77AF1EE10FA1DD593ED157A0E
:1027400037EE687AB0EEC77AF0EE086AB4EEE67A51
:10275000F1EE10FA10D593ED187A06EE908A37EE66
:10276000667AB0EEC77ADFED626AB4EEE67AF1EE31
:1027700010FA01D50134E4B2F4EEE97AF1EE10FA80
:1027800010D5D3ED157A77EEE87AF0EEE77AF4EE2D
:10279000E97AF1EE10FA05D5F0EE6A8AB0EE498AD0
:1027A0004FF0010BFEF79CFEF0EEC87A9FED517AD8
:1027B000F4EEC77AF1EE10FAA6D5DFED4F7AB4EE5B
:1027C000679AF1EE10FA7FF43BAFF7EE007AF4EE81
:1027D000678AF1EE10FA3FF433AFDFED487AF4EE9A
:1027E000678AF1EE10FA3FF42BAF3B4B1B6893ED79
:1027F000147A3A4BD3ED007A78EE277AB4EEE77A82
:10280000F1EE10FA04D5BBF1000F01D00134E4B2AF
:1028100017EE102A18EE101A334B186801F0E2FC7C
:1028200007EE900AF5EEC07AF1EE10FA7FF7D0AE1F
:10283000F0EEE77A17EE900AFDF71EFE0022294B14
:1028400007F02AFD244B1E68FEF746F9B064224BC0
:102850001E68726D18EE901A214B186801F0C2FCC8
:10286000F06448E7F0EEE77A17EE900AFDF704FE11
:1028700000221C4B07F010FDFEF72EF9164B1B68CB
:1028800007EE900AF1EE677AC3ED137A29E7124E4C
:1028900037683A6D18EE101A134B186801F0A2FC55
:1028A000B8643668726D18EE901A0D4B186801F016
:1028B00099FCF0641FE7124B186805F056FB114BAA
:1028C000002098750122DA75FEF7D8FE06B0BDEC3F
:1028D000088BBDE8F08D00BF740300206C01002060
:1028E00040070020008041404407002028070020C6
:1028F0009A99993E0080BB440080D4430000024472
:10290000A0070020AC0700202DE9F0478246894649
:1029100090461F4600F060FE022000F03BFE00F0F3
:102920004BFEFEF765FCFEF7DBFD124B186801F06D
:1029300043FC02F083FF064611E0FEF7D1FD0E4C8A
:1029400025682A6E41460B4B186801F01DFDE866AC
:102950002468C4F848A0C4F84C90FEF7D5FD02F0F6
:102960006DFF801BB842E8D30020FEF787FEBDE86C
:10297000F08700BF2807002074030020074B196868
:1029800000220A601B685A609A60DA60044A1A6181
:1029900000221A7501225A75704700BF700100208D
:1029A0006666663F10B507EE900A0C4667EEA76AAA
:1029B0009FED097A37EE667AB1EE477A77EEA77A1D
:1029C000DFED066A67EEA67AC7EE277A17EE900A61
:1029D00007F0C4FB206010BD003739470000B64245
:1029E000F0B583B004460D4D284604F025FB0C4E8F
:1029F000376801233B750B49204607F0BFFC0A49A5
:102A000007F098FC786001A9FFF7CCFF3368019AC2
:102A1000DA60284604F0CEFA03B0F0BDE4080020E6
:102A2000700100200080A34300001143034BDA69CA
:102A3000034B1B68526A9A60704700BF580400201D
:102A40007001002008B51E4B1B68D3ED037A93ED8F
:102A5000027A77EEC77AB0EEE76AD3ED046AB4EE95
:102A6000E66AF1EE10FA0AD500221A7577EE277A97
:102A700017EE901A134BD86900F0E0FB08BDF2EE98
:102A8000035AB4EEE56AF1EE10FA0ED59FED0E6A28
:102A900066EE866AF5EEC07AF1EE10FA02DDF0EE2F
:102AA000667AE3E7F1EE667AE0E7F5EEC07AF1EEFA
:102AB00010FA02DDF0EE667AD8E7F1EE667AD5E735
:102AC0007001002058040020CDCCCC3E38B51F4BFF
:102AD0000022DA601A611E4959611E4ADA631E48F3
:102AE00098611E4818641E48D8611E4858641E48E4
:102AF00018621E4898645962DA641D4A9A621D4A37
:102B00001A651D4ADA621D4A5A651D4A1A631D4A32
:102B10009A651D4A5A631D4ADA651D4A9A631D4A21
:102B20001A6600241C72A3F8694083F86B405C6647
:102B300083F868401C605C60174D082229461748DE
:102B400005F0D2F82C606C6038BD00BF9C030020FB
:102B50000000964300003E43000024440000A843C8
:102B6000000022440000B943000025440080AE4329
:102B70000000B4430000E043000040430080DE4317
:102B8000000037430080E343004089440080E9436C
:102B90000000724400008C43EC070020F40A00207F
:102BA00000B583B00D4B0022DA601A61EE238DF878
:102BB00004308DF8050000238DF80630FF238DF8D2
:102BC00007300A2304220DEB0201054804F04BFFF5
:102BD000052005F02FF903B05DF804FB9C030020ED
:102BE000F40A002000B583B0072817D0EE238DF833
:102BF00004308DF80500AC238DF80630FF238DF8E6
:102C000007300A2304220DEB0201074804F02BFFD2
:102C1000052005F00FF903B05DF804FB034A1368C3
:102C200001331360E2E700BFF40A002094030020A0
:102C3000082900D0704738B504460378EE2B00D041
:102C400038BD431813F8013CFF2BF9D1224D0A4639
:102C50000146284609F003FE63782B722B7ADAB21C
:102C6000112B2CD8102AEBD3A278E37843EA022365
:102C700007EE903AB8EE677A2179627942EA01224A
:102C800007EE902AF8EE677AA079411EC9B20429AE
:102C9000D6D8B3F5A06FD3D2B2F5347FD0D20E4BD5
:102CA00083ED037AC3ED047A0C4B1A68022A03DC25
:102CB000094B134483F86900094B1870C0E7122AC6
:102CC000BED1054BD4F802005866A27983F868207B
:102CD000044B01221A70B3E79C03002094030020E8
:102CE00090030020980300200C4A51690C4B196096
:102CF00092695A6000229A60DA601A615A61094941
:102D0000996100211977084B1A605A60074A9A6046
:102D100019734FF40062DA81704700BF5804002035
:102D20001C04002000008D42080400200000F04137
:102D30000B4B1A68D2ED097ADFED0A6A67EEA67AC4
:102D40009FED097A87EE876A83ED026A5A68D2EDB1
:102D5000097A67EEA67AC7EE876AC3ED036A704701
:102D60001C04002000003443DB0F494010B52DED5A
:102D7000048B414B93ED046A93ED027A36EE476A79
:102D8000F0EEC67A93ED065ADFED3C5A65EE255A11
:102D9000F4EEE57AF1EE10FA3FD500221A77364BC1
:102DA000D3ED056AD3ED037A76EEE76AF0EEE64AF4
:102DB000F4EEE45AF1EE10FA11DCF1EE025AF4EE00
:102DC000E54AF1EE10FA4CD5DFED2D5A25EE255AE5
:102DD000F5EEC06AF1EE10FA40DDF0EE456A37EE2E
:102DE000067A37EEA68A9FED279A27EE097ADFED5D
:102DF000268A214CC7EE287A17EE901A206800F038
:102E00001DFA68EE097AC7EEA87A17EE901A606884
:102E100000F014FABDEC048B10BDF2EE036AF4EE80
:102E2000E67AF1EE10FA0ED5DFED157A65EE277A27
:102E3000B5EEC06AF1EE10FA02DDB0EE676AAEE7F9
:102E4000B1EE676AABE7B5EEC06AF1EE10FA02DDEB
:102E5000B0EE456AA3E7B1EE456AA0E7F1EE456A38
:102E6000BDE7F5EEC06AF1EE10FA02DDF0EE456A5C
:102E7000B5E7F1EE456AB2E71C040020CDCC4C3E2C
:102E8000CDCCCC3EDB0F49400000344308B5074BA6
:102E9000186107EE901AF1EE677AC3ED057A012208
:102EA0001A77034804F086F808BD00BF1C04002010
:102EB000E408002006EE900AB3EE057AC6EE877AA3
:102EC0009FED067A67EE877ADFED056A87EEA67AD0
:102ED00081ED007A82ED007A704700BF0000344334
:102EE000DB0F494000B583B06A4601A9FFF7E2FF56
:102EF00000990198FFF7CAFF03B05DF804FB0000DA
:102F000008B5FDF7B9FA0022094BFDF737FC00229E
:102F1000084BFDF753F9FDF7B7FD81B201F50061EC
:102F200082234FF4AF6209B2022000F047FD08BDD2
:102F30000080B63F0000E03F08B5024B5868FFF73D
:102F4000DFFF08BD0804002008B5034B58600348A4
:102F500004F030F808BD00BF08040020E408002099
:102F600010B5084C204604F067F8074B01221A738D
:102F700040F6C412DA810A2004F05CFF204604F017
:102F800019F810BDE40800200804002010B5084C12
:102F9000204604F051F8074B00221A7340F28C527D
:102FA000DA810A2004F046FF204604F003F810BD41
:102FB000E40800200804002010B5084C204604F066
:102FC0003BF8074B00221A7340F2D662DA810A20DE
:102FD00004F030FF204603F0EDFF10BDE4080020B0
:102FE0000804002010B504460621023000F0CCFC95
:102FF00010B12378FF2B00D010BD6378FF2BFBD1DD
:10300000A278A179637903EB01239BB2012A09D04D
:10301000022AF1D107EE903AF8EE677A034BC3ED3E
:10302000007AE9E7014A1382E6E700BF08040020BE
:10303000034608460B70C3F307224A70C3F30742E6
:103040008A70C3F30763CB707047000030B583B05C
:1030500004460D4B08221A6104229A600022DA60AD
:1030600082685A6002F0EAFB00F16405224652F8D9
:103070000C0B01AB044902F057FD18B102F0DEFB66
:10308000A842F3D903B030BD4004002001600272B1
:10309000064B1B78A0F80930C37A23F0E003C37213
:1030A000012380F85430002383717047740100209D
:1030B00008B5C37A032262F30403C3720B4B1B7877
:1030C000A0F80930C37A23F0E003C372002304E0C0
:1030D000C218002111730133DBB2072BF8D9FFF7B7
:1030E000B5FF0A2004F0A6FE08BD00BF7401002051
:1030F00038B504460D46C37A122262F30403C37244
:103100000D4B1B78A0F80930C37A23F0E003C3729B
:10311000002303E0E218002010730133072BF9DDD0
:1031200047F20503A38125742046FFF78FFFA571A1
:103130000A2004F07FFE38BD7401002008B5C37A70
:10314000042262F30403C3720B4B1B78A0F809300E
:10315000C37A23F0E003C372002304E0C218002105
:1031600011730133DBB2072BF8D9FFF76FFF0A2089
:1031700004F060FE08BD00BF7401002008B5C37AEA
:10318000062262F30403C3720B4B1B78A0F80930CC
:10319000C37A23F0E003C3720123037304E0C2186F
:1031A000002111730133DBB2072BF8D9FFF74EFF73
:1031B0000A2004F03FFE08BD7401002010B590F80D
:1031C0000BC0122464F3040C80F80BC0084C94F874
:1031D00000C0A0F809C090F80BC02CF0E00C80F8FB
:1031E0000BC0818112680261FFF730FF10BD00BF84
:1031F0007401002008B5C37A112262F30403C3727C
:103200000A4B1B78A0F80930C37A23F0E003C3729D
:103210008181022304E0C218002111730133DBB263
:10322000072BF8D9FFF712FF08BD00BF740100207B
:1032300008B547F21901FFF7DDFF08BD30B583B0CF
:103240000446084601AD2946FFF7F2FE2A4647F23A
:1032500016012046FFF7B2FF03B030BD30B583B092
:103260000446084601AD2946FFF7E2FE2A4647F22A
:1032700017012046FFF7A2FF0A2004F0DBFD03B090
:1032800030BD30B583B0044607EE901AB3EE0E7A27
:10329000F4EEC77AF1EE10FA09DCBBEE0E7AF4EE2A
:1032A000C77AF1EE10FA04D5FBEE0E7A01E0F3EEE8
:1032B0000E7A01AD294617EE900AFFF7B9FE2A46AD
:1032C00047F20A012046FFF779FF03B030BD30B561
:1032D00083B00446084601AD2946FFF7A9FE2A46F9
:1032E00047F218012046FFF769FF0A2004F0A2FD0B
:1032F00003B030BD10B504460B784A7843EA022388
:1033000047F21902934204D047F21B02934231D094
:1033100010BDCA798B791B0443EA02634A7943EAF8
:1033200002230A79134307EE903A027A012A01D068
:10333000032A03D107EE903AF1EE677AC4ED0E7AD4
:103340009FED1B7A67EE877AC4ED107A94F85430BB
:1033500023B1002384F85430C4ED117A94ED117A2E
:1033600037EEC77A84ED137AC4ED117A02F066FA6B
:10337000E063CDE7CA798B791B0443EA02634A799B
:1033800043EA02230A79134307EE903A027A012AAC
:1033900001D0032A03D107EE903AF1EE677AC4ED2B
:1033A0000B7A9FED037A67EE877AC4ED147AAFE764
:1033B000000048420000000010B504463F2900F21A
:1033C00093800023037161711178537843EA0123DC
:1033D0001BB283F400431BB2A3839178D37843EAF2
:1033E00001231BB283F400431BB2217A012901D0CF
:1033F000032901D15B421BB2E3831179537943EA7C
:1034000001231BB283F400431BB2238493791B0274
:103410001BB2D27913436384636AA362A08B00B2A8
:1034200007EE900AF8EEE77A17EE900AFDF724F817
:1034300000224FF07C53FDF777F800222E4BFDF76A
:1034400073F82BA3D3E90023FDF76EF8FDF744FBD7
:103450006062E08B00B207EE900AF8EEE77A17EEB2
:10346000900AFDF709F800224FF07C53FDF75CF855
:103470000022224BFDF758F8FDF72EFBE062D4ED59
:103480000B7A9FED1F7A67EE877AC4ED147A208C51
:1034900000B207EE900AF8EEE77A17EE900AFCF712
:1034A000EBFF00224FF07C53FDF73EF80022154B56
:1034B000FDF73AF8FDF710FB2063638C1BB207EEB3
:1034C000903AF8EEE77AF2EE046A87EEA67A84ED97
:1034D0000D7A10BD49080133062B3FF774AF11F088
:1034E000010FF7D02371F5E70123F5E7AFF3008073
:1034F00000000060FB2109400000104000003E4039
:10350000000048420000284008B51F4B18601F4BC0
:103510000340FE2B08D01C4BDB7803F01F03022B6B
:1035200012D0112B22D008BD174BB3F80130DBB2FB
:103530005A1ED2B2062AF6D8154A52F82330086825
:103540004A6858619A61EEE70F4BB3F801C05FFA21
:103550008CF0431EDBB2062BE5D80A464FEA1C214D
:103560000B4B53F82000FFF727FFDCE7064BB3F8BF
:103570000130DBB25A1ED2B2062AD4D8044A52F81D
:103580002300FFF7B7FECEE73C040020FF00001F3A
:103590005804002038B50546012407E02946054BAC
:1035A00053F82400FFF7A4FD0134E4B2042CF5D94C
:1035B00038BD00BF5804002010B5012406E0054BBB
:1035C00053F82400FFF774FD0134E4B2042CF6D95B
:1035D00010BD00BF5804002010B5012406E0054BC3
:1035E00053F82400FFF7AAFD0134E4B2042CF6D905
:1035F00010BD00BF5804002010B5FFF7EDFF094CC7
:103600002046FFF7BBFD04F15800FFF7B7FD04F1BA
:10361000B000FFF7B3FD04F58470FFF7AFFDFFF7CF
:10362000CBFF10BD8005002038B51B4A1B4B5360F3
:1036300003F15801916003F1B001D16003F5847387
:10364000136101240BE022461549134B53F8240063
:10365000FFF71CFD0A2004F0EDFB0134E4B2042C5A
:10366000F1D9FFF7C9FF012410E00B4D4FF0824163
:1036700055F82400FFF7F2FD0A4955F82400FFF73A
:1036800026FE0A2004F0D6FB0134E4B2042CECD967
:103690000220FFF77FFF38BD58040020800500207E
:1036A0004C0700200000B84138B52DED048B06EE24
:1036B000901A06EE103A089C07EE900AB1EE677A6F
:1036C000DFED187A86EEA79A06EE902AF1EE666A8A
:1036D000C6EEA78A86EE278A134DC7EE277A17EE25
:1036E000901A6868FFF7CDFD204604F0A3FB19EEA1
:1036F000101AA868FFF7C5FD204604F09BFB18EEE2
:10370000901AE868FFF7BDFD204604F093FB18EE21
:10371000101A2869FFF7B5FD204604F08BFBBDECBD
:10372000048B38BD000048425804002008B53920F9
:1037300002F0E4FC08BD000010B5392002F0DAFC0C
:10374000054C2C222146054804F0CEFA2C220021FB
:10375000204608F0F5FF10BD20080020AC0A00202C
:1037600038B50546052407E02946054B53F82400E3
:10377000FFF7BEFC0134E4B2062CF5D938BD00BF1A
:103780005804002038B5184A184B536158339361D8
:1037900005240EE00A2004F04DFB22461449124B8A
:1037A00053F82400FFF772FC0A2004F043FB0134B5
:1037B000E4B2062CEED905240FE00B4D0D4955F867
:1037C0002400FFF74BFD0C4955F82400FFF77FFD5F
:1037D0000A2004F02FFB0134E4B2062CEDD90120BD
:1037E000FFF7BEFF38BD00BF58040020D004002002
:1037F00074070020000070410000A04110B50524AE
:1038000009E0064B53F82400FFF752FC0A2004F0AD
:1038100011FB0134E4B2062CF3D910BD580400208A
:1038200010B5052406E0054B53F82400FFF786FC8D
:103830000134E4B2062CF6D910BD00BF58040020B4
:1038400010B5FFF7EDFF054C2046FFF797FC04F19C
:103850005800FFF793FCFFF7D1FF10BDD004002004
:1038600008B50146024BD869FFF742FC08BD00BF0E
:103870005804002010B5094C0948E06107220949A5
:10388000FFF704FC0849E069FFF7E8FC0749E06935
:10389000FFF71DFD0120FFF7E3FF10BD58040020D6
:1038A0007804002074070020000060410000A0415F
:1038B00008B5FFF7B9FEFFF765FFFFF7DBFF00F084
:1038C0001BF908BD08B5024BD869FFF7F1FB08BD2D
:1038D0005804002008B5024BD869FFF72FFC08BD3B
:1038E0005804002008B5FFF7F5FF034BD869FFF730
:1038F00045FCFFF7E7FF08BD5804002000B585B080
:103900000DF1100C0CE90700012B03D04BB105B0F1
:103910005DF804FB0122BDF80410029802F0FAFEE3
:10392000F5E70022BDF80410029802F0F3FEEEE77E
:103930000C4B0D4A5A604FF48051198001211972C5
:1039400059721A614FF48041998102211975597594
:10395000DA614FF400521A83032283F8202083F89F
:1039600021207047E0060020000C024000231A4688
:1039700005E010F803C06244D2B20133DBB28B42DF
:10398000F7D3D043C0B2704700231A4605E010F8C1
:1039900003C06244D2B20133DBB28B42F7D3FF2AB9
:1039A00014BF00200120704708B50A460A230146CB
:1039B000014804F058F808BD3C0B00202DE9F04FF9
:1039C0008BB006460193022856D001285CD040F601
:1039D00048539A4200D91A465FFA81F9C1F3072584
:1039E0005FFA82F8140AFF238DF818308DF8193029
:1039F0008DF80C604FF00A0B8DF80DB04FF0030AF4
:103A00008DF80EA04FF029038DF80F30019B8DF833
:103A100010308DF811908DF8125000278DF813702A
:103A20008DF814708DF815808DF816400B2103A8C1
:103A3000FFF79CFF8DF81A608DF81BB08DF81CA065
:103A40004FF029028DF81D20019B8DF81E308DF856
:103A50001F908DF820508DF821708DF822708DF810
:103A600023808DF824408DF825000E2106A8FFF74D
:103A70009BFF0BB0BDE8F08F00290DDBB1F5805F37
:103A8000A5DD4FF48051A2E7002907DBB1F5805F87
:103A90009DDD4FF480519AE7002198E7002196E7D9
:103AA000F0B585B00546FF238DF808308DF8093054
:103AB0008DF8000004278DF8017002248DF8024073
:103AC00038268DF803608DF8044005216846FFF71D
:103AD0004DFF8DF80A508DF80B708DF80C408DF865
:103AE0000D608DF80E408DF80F0008210DEB0100E0
:103AF000FFF75AFF05B0F0BD70B5482007F004FF8E
:103B00000446994B1860482007F0FEFE974B18605A
:103B1000482007F0F9FE964B1860482007F0F4FEA5
:103B2000944B1860482007F0EFFE934B1860482034
:103B300007F0EAFE914B1860482007F0E5FE904B35
:103B40001860482007F0E0FE8E4B1860482007F010
:103B5000DBFE8D4B1860482007F0D6FE8B4B1860BB
:103B6000482007F0D1FE8A4B1860482007F0CCFEB1
:103B7000884B1860482007F0C7FE874B1860482024
:103B800007F0C2FE854B1860482007F0BDFE844B4D
:103B90001860482007F0B8FE824B1860482007F0F4
:103BA000B3FE814B1860ECB1804B23606E4E3468DD
:103BB000002565607E4BA3607E4BE36025616561F7
:103BC0007D4BA361E36101F039FE2062336800227E
:103BD0005A629A62DA621A635D639D63DD63012251
:103BE00083F84020614B1B68EBB1744A1A605F4E4A
:103BF000346800256560724BA3606E4BE3602561FD
:103C000065616D4BA361E36101F018FE20623368CA
:103C100000225A629A62DA621A635D639D63DD6311
:103C2000012283F84020524B1B68F3B1654A1A60A9
:103C30004F4E3468644B6360644BA3605D4BE3603C
:103C40000025256165615C4BA361E36101F0F6FD30
:103C50002062336800225A629A62DA621A635D63F4
:103C60009D63DD63012283F84020424B1B68F3B162
:103C7000574A1A603F4E3468534B6360554BA360FC
:103C80004C4BE3600025256165614B4BA361E3610B
:103C900001F0D4FD2062336800225A629A62DA622F
:103CA0001A635D639D63DD63012283F84020324B1C
:103CB0001B68F3B1434A1A602F4E3468424B63606D
:103CC000454BA3603B4BE360002525616561434B99
:103CD000A361E36101F0B2FD2062336800225A6201
:103CE0009A62DA621A635D639D63DD63012283F881
:103CF0004020224B1B68F3B1394A1A601F4E3468CA
:103D0000314B6360374BA3602A4BE360002525618C
:103D10006561324BA361E36101F090FD206233687D
:103D200000225A629A62DA621A635D639D63DD6300
:103D3000012283F84020124B1B68002B68D02A4ACE
:103D40001A600F4E3468204B6360284BA360194BF8
:103D5000E360002525616561254BA361254BE36187
:103D600001F06CFD206247E044070020400700207E
:103D70003C070020380700203407002030070020CF
:103D80002C070020280700202407002020070020FF
:103D90001C0700201807002014070020100700202F
:103DA0000C0700200807002004070020B6F3854018
:103DB0007F6A1C3FBC74933C00009644D5788540D4
:103DC0006ABC343F666686406F12833A0AD7C33FA7
:103DD0008FC28540E17AB43F5C8FC23F0000E1446E
:103DE000CDCC9C4048E1DA3F000040409A99993F91
:103DF0000000484300005C43336800225A629A6224
:103E0000DA621A635D639D63DD63012283F84020FB
:103E1000954B1B68FBB1954A1A60934E3468944BDE
:103E20006360944BA360944BE3600025256165615A
:103E3000924BA361924BE36101F000FD2062336875
:103E400000225A629A62DA621A635D639D63DD63DF
:103E5000012283F840208B4B1B683BB38A4A1A60CF
:103E6000884E3468894B6360894BA360824BE36062
:103E7000002525616561874BA361874BE36101F0F4
:103E8000DDFC206201F0DAFC07EE900A3368F8EE00
:103E9000677AC3ED117A00225A629A62DA621A6373
:103EA0005D639D63DD63012283F840207B4B1B68CB
:103EB0003BB3754A1A60794E3468744B6360784B33
:103EC000A3606D4BE360002525616561714BA361C3
:103ED000714BE36101F0B2FC206201F0AFFC07EE30
:103EE000900A3368F8EE677AC3ED117A00225A62BD
:103EF0009A62DA621A635D639D63DD63012283F86F
:103F00004020684B1B68FBB1674A1A60654E3468F5
:103F1000574B6360654BA360574BE36000252561F9
:103F20006561634BA361634BE36101F087FC206231
:103F3000336800225A629A62DA621A635D639D6393
:103F4000DD63012283F840205B4B1B68FBB15B4AB9
:103F50001A60594E34685A4B63605A4BA360464B03
:103F6000E360002525616561574BA361574BE36111
:103F700001F064FC2062336800225A629A62DA62BD
:103F80001A635D639D63DD63012283F84020504B1B
:103F90001B68FBB14F4A1A604D4E3468484B636052
:103FA0004D4BA360344BE360002525616561464BB2
:103FB000A361464BE36101F041FC206233680022BB
:103FC0005A629A62DA621A635D639D63DD6301225D
:103FD00083F84020414B1B68FBB1414A1A603F4EB9
:103FE0003468374B6360314BA360234BE36000259B
:103FF000256165613B4BA3612E4BE36101F01EFC23
:104000002062336800225A629A62DA621A635D6340
:104010009D63DD63012283F84020334B1B68FBB1B5
:10402000324A1A60304E3468114B6360304BA360E3
:10403000114BE3600025256165612E4BA3612E4B7A
:10404000E36101F0FBFB2062336800225A629A624E
:10405000DA621A635D639D63DD63012283F84020A9
:10406000264B1B684CE000BF2807002066666640B0
:104070006F12833A9A99193FBC74933C00004843ED
:1040800000005C4324070020333323400AD7A33CBD
:104090009A99993E000020430000434420070020E5
:1040A0003333B33E1C070020CDCC8C3FD7A3F03E6A
:1040B000000048420000964318070020CDCC0C4079
:1040C0000AD7233C3D0AD73E0000E1430000EB4302
:1040D00014070020000020408FC2753E100700200A
:1040E0000000C040000082420C070020CDCC90416F
:1040F00014AE3740000016440000E14408070020D9
:10410000F3B1214A1A60214E3468214B6360214B80
:10411000A360214BE3600025256165611F4BA3610E
:10412000E36101F08BFB2062336800225A629A62DD
:10413000DA621A635D639D63DD63012283F84020C8
:10414000174B1B68FBB1174A1A60154E3468164BA3
:104150006360164BA360104BE36000252561656129
:10416000134BA361134BE36101F068FB20623368DA
:1041700000225A629A62DA621A635D639D63DD63AC
:10418000012283F8402070BD1F850B4008070020E6
:104190006F12833AAE47613EBC74933C0000E1432A
:1041A000040700200000C0400AD7233CD7A3F03EFC
:1041B000000082420000964398B138B504460025BD
:1041C0000561456101F03AFB206200236362A3624E
:1041D000E36223636563A563E563012384F84030EC
:1041E00038BD704710B52DED028B044690F8403075
:1041F000002B40F0928008EE901A08EE102A01F091
:104200001DFB236AC31A07EE903AF8EE677A9FED1A
:10421000597A87EE875A206284ED035A78EEC87A7D
:1042200094ED007A27EE277A94ED046A65EE276A0A
:1042300036EE266A84ED046AD4ED016AF5EE406A32
:10424000F1EE10FA1CD0D4ED065AC5EEA64AB4EE33
:10425000E46AF1EE10FA69DDC4ED044AF4EEC75ADF
:10426000F1EE10FA6CD5F5EEC07AF1EE10FA67DDDA
:1042700094ED046ADFED405A26EE256A84ED046A67
:1042800094ED046A26EE866AB5EEC05AF1EE10FA95
:1042900063DDD4ED055A77EEE55AC5EE856ADFEDAC
:1042A000375A66EEA56AD4ED0E5ADFED354A65EE53
:1042B000A45A76EEA56AC4ED0E6AD4ED025A65EEF4
:1042C000A66A37EE067A37EE267AD4ED066AF4EE61
:1042D000C76AF1EE10FA08D4F1EE666AF4EEC76A26
:1042E000F1EE10FA01DCF0EE476A94ED077A94EDF6
:1042F0000D6A76EEC65A25EE077AB4EEE57AF1EE4F
:1043000010FA2DD576EE076AC4ED0D6AC4ED057A74
:1043100016EE900ABDEC028B10BD002380F84030F1
:1043200001F08CFA2062DFED176AF1E7F1EE644AE2
:10433000B4EEE46AF1EE10FA90D5C4ED044A8DE7CC
:10434000F1EE655AF4EEC75AF1EE10FA98DDF5EE8B
:10435000C07AF1EE10FA93D58AE7DFED0A6A9EE79C
:10436000B1EE475AF4EEC55AF1EE10FACCD576EE1E
:10437000476AC9E700007A446666663FCDCC4C3F89
:10438000CDCC4C3E0000000010B52DED028B044654
:1043900090F84030002B40F0928008EE901A08EE22
:1043A000102A01F04BFA236AC31A07EE903AF8EE8E
:1043B000677A9FED597A87EE875A206284ED035A17
:1043C00078EEC87A94ED007A27EE277A94ED046AA5
:1043D00065EE276A36EE266A84ED046AD4ED016A3A
:1043E000F5EE406AF1EE10FA1CD0D4ED065AC5EE97
:1043F000A64AB4EEE46AF1EE10FA69DDC4ED044AAF
:10440000F4EEC75AF1EE10FA6CD5F5EEC07AF1EE83
:1044100010FA67DD94ED046ADFED405A26EE256A56
:1044200084ED046A94ED046A26EE866AB5EEC05AFD
:10443000F1EE10FA63DDD4ED055A77EEE55AC5EEDC
:10444000856ADFED375A66EEA56AD4ED0E5ADFEDC8
:10445000354A65EEA45A76EEA56AC4ED0E6AD4ED2F
:10446000025A65EEA66A37EE067A37EE267AD4ED62
:10447000066AF4EEC76AF1EE10FA08D4F1EE666A45
:10448000F4EEC76AF1EE10FA01DCF0EE476A94ED43
:10449000077A94ED0D6A76EEC65A25EE077AB4EEE9
:1044A000E57AF1EE10FA2DD576EE076AC4ED0D6AC5
:1044B000C4ED057A16EE900ABDEC028B10BD002308
:1044C00080F8403001F0BAF92062DFED176AF1E7B9
:1044D000F1EE644AB4EEE46AF1EE10FA90D5C4ED60
:1044E000044A8DE7F1EE655AF4EEC75AF1EE10FA80
:1044F00098DDF5EEC07AF1EE10FA93D58AE7DFED9C
:104500000A6A9EE7B1EE475AF4EEC55AF1EE10FA88
:10451000CCD576EE476AC9E700007A446666663F06
:10452000CDCC4C3FCDCC4C3E0000000008B50C4833
:104530000C4B03600923436000238360C3604FF486
:10454000003202614361037643768376C376037754
:10455000437701F079F900B908BD00F0EFFBFBE704
:10456000740700200064004008B50C480C4B036041
:104570000923436000238360C3604FF4003202616B
:104580004361037643768376C3760377437701F0FE
:104590005BF900B908BD00F0D1FBFBE74C07002038
:1045A0000068004010B58AB0002305930693079376
:1045B0000893099303683E4A934204D03D4A9342CC
:1045C00034D00AB010BD3C4A136801331360012B8C
:1045D0001FD000240194394B1A6B42F008021A6371
:1045E0001B6B03F008030193019B03230593022235
:1045F000069208930923099305A9314801F086FF23
:1046000022460521142001F065FD142001F072FD01
:10461000D7E700230093294B1A6C42F000721A640A
:104620001B6C03F000730093009BD2E700230293FE
:10463000224B1A6C42F080621A641B6C03F0806398
:104640000293029B1C4A136801331360012B21D093
:1046500000240494194B1A6B42F002021A631B6B7C
:1046600003F002030493049B4FF440530593022389
:104670000693032308930923099305A9114801F020
:1046800045FF22460521402001F024FD402001F095
:1046900031FD96E700230393084B1A6C42F0007239
:1046A0001A641B6C03F000730393039BD0E700BFF5
:1046B00000640040006800404807002000380240C5
:1046C000000C02400004024030B595B000240F9465
:1046D0001094012511950A940B940C940D940E944A
:1046E00012950AA9094801F055F90E23059306947D
:1046F00007950094019402940394049408956946E4
:10470000034801F047F915B030BD00BF7407002021
:104710004C07002010B582B0002400941A4B1A6B8D
:1047200042F480021A631A6B02F480020092009A2B
:1047300001941A6B42F400121A631B6B03F400130A
:104740000193019B224605210C2001F0C3FC0C20A3
:1047500001F0D0FC224606210E2001F0BBFC0E2009
:1047600001F0C8FC22460521112001F0B3FC112004
:1047700001F0C0FC22460721392001F0ABFC3920B2
:1047800001F0B8FC02B010BD0038024008B509E0E5
:1047900020480369826841680068FCF79DFF0A2091
:1047A00003F048FB1B4B9B7D002BF8D0194BDB7DA6
:1047B000002BF4D1174B5B7D042BF0D801A252F8EB
:1047C00023F000BF91470008D9470008E5470008DB
:1047D000F5470008034800080E4B1969187DFDF7DE
:1047E0002FFBDCE70B480369826841680068FDF72E
:1047F00083FDD4E7074B1A69597B187BFDF72EFE22
:10480000CDE704480369826841680068FEF77CF8D8
:10481000C5E700BFAC07002008B5FFF749F8FCF773
:1048200088FA00F025FE3C2003F004FB00F020FE97
:1048300000F030FB00F034FB4FF47A7003F0FAFA2A
:10484000FAE7000008B50E4A0121084603F000FB14
:104850000C4B18600C4A0121084603F0F9FA0B4B87
:1048600018600B4A00210B4803F08AFA0A4B1860C3
:104870000A4A00210A4803F083FA0A4B186008BD6F
:1048800008E40008A0070020F8E300089C070020C7
:104890003CE400088D470008A807002018E4000841
:1048A00019480008A40700202DE9F0438DB007AD9A
:1048B00000240794089409940A940B940094424BA2
:1048C0001A6B42F010021A631A6B02F01002009287
:1048D000009A01941A6B42F040021A631A6B02F0BC
:1048E00040020192019A02941A6B42F001021A638B
:1048F0001A6B02F001020292029A03941A6B42F0C0
:1049000008021A631A6B02F008020392039A0494D5
:104910001A6B42F020021A631A6B02F02002049212
:10492000049A05941A6B42F080021A631A6B02F023
:1049300080020592059A06941A6B42F002021A63ED
:104940001B6B03F002030693069B204F22460121B6
:10495000384601F0DFFEDFF8789022464FF4E04160
:10496000484601F0D7FEDFF86C8001224FF4006169
:10497000404601F0CFFE01224FF48041384601F05D
:10498000C9FE44F2010307930126089609940A948C
:104990002946384601F0BAFD4FF4E04307930896E4
:1049A00009940A942946484601F0B0FD4FF400638B
:1049B0000793089609940A942946404601F0A6FDFB
:1049C0000DB0BDE8F08300BF003802400014024083
:1049D000000C02400010024010B58AB0044601AB42
:1049E00003AA002101F015F930B923680B4A93425C
:1049F00004D00B4A934209D00AB010BD059B042B8A
:104A0000FAD101A90498FEF77FFDF5E7059B042B79
:104A1000F2D101A90498FEF777FDEDE700640040AC
:104A20000068004030B585B0844B98420DD0844B6F
:104A3000984200F0DE80834B984200F0DE80824B8B
:104A4000984200F0ED8005B030BD00F0F7FE7F4BDE
:104A500018607F4D7F4CAC46BCE80F000FC4BCE82B
:104A60000F000FC49CE8070084E807002C220021F7
:104A7000284607F065FE002390E0591C7548415C0C
:104A8000532940F09280D91D415C090209B29C1D56
:104A9000005D014307EE901AF8EEE77A9FED6E7A1B
:104AA00067EEC77A9FED6D7A67EE877A6C49C1ED44
:104AB000007A6C49D1ED007AF4EEC77AF1EE10FA83
:104AC00045D59FED697AF4EEC77AF1EE10FA3EDD36
:104AD0006349D1ED006A9FED657AF4EEC76AF1EEA5
:104AE00010FA34D5D1ED006A9FED617AF4EEC76A11
:104AF000F1EE10FA2BDD5F48016801310160584981
:104B000091ED007ADFED557AB4EE677AF1EE10FAA6
:104B10004BD091ED007ADFED567AB4EE677AF1EE84
:104B200010FA42D05349D1ED007AF8EEE77A9FEDC2
:104B3000527A67EE877A4A4991ED007A77EE877A62
:104B40004E48C0ED007A0868464908602DE09FEDA8
:104B5000477AF4EEC77AF1EE10FAD0D59FED447A99
:104B6000F4EEC77AF1EE10FAC9DD3D4991ED007A15
:104B7000DFED3D7AB4EEE77AF1EE10FABFDD91EDAC
:104B8000007ADFED367AB4EEE77AF1EE10FAB6D5B8
:104B90003848016801390160B1E70133242B22DC78
:104BA0002C4AD25C552A3FF468AF552AF5D15A1CDD
:104BB00028498A5C522AF0D1DA1D8A5C120212B2AC
:104BC000981D095C0A4307EE902AF8EEE77A9FEDFC
:104BD000227A67EEC77A9FED2A7A67EE877A294AAA
:104BE000C2ED007AD9E72C221949144803F07CF869
:104BF00029E7254B01221A7025E7244C01AB94E8E4
:104C0000070003C31A7001A8FEF7ECF90023236024
:104C100063602372092221460A4803F065F812E70F
:104C20001B4C08212046FEF703F800232360636035
:104C300008222146044803F057F804E7AC0A002094
:104C4000840B00203C0B0020F40A0020D007002039
:104C500020080020F4070020000000380000344342
:104C6000DC070020CC0700200000B4420000B4C2E2
:104C7000000034C3C80700200000B443D807002058
:104C80000000FA44D40700204C080020E007002070
:104C9000EC07002008B50368244A934203D0244A55
:104CA000934203D008BD00F0BDFDFBE7214B1B780C
:104CB0004BB1012BF6D1FEF759F8FDF7C3FE1D4BA2
:104CC00000221A70EEE7FEF733F8FDF7AFFEFEF7AD
:104CD00033F90120FEF7E4FE174BD98940F2D66381
:104CE000994218D1144B1B8A40F2D662934212D9D2
:104CF000B3F5EB6F08D9FA2340F63C7240F24E71DF
:104D00000120FEF75BFE0DE0C823DC2209B2012082
:104D1000FEF754FE06E0C82340F6485209B20120CF
:104D2000FEF74CFE034B01221A70BBE70014004053
:104D3000000C0040C40700200804002072B6FEE703
:104D400010B594B008AC30220021204607F0F8FCE2
:104D50000023039304930593069307930193234A37
:104D6000116C41F080511164126C02F0805201927A
:104D7000019A02931E4B1A6842F440421A601B6863
:104D800003F440430293029B012308934FF48033C2
:104D9000099302230E934FF480020F920622109281
:104DA000B4221192129304231393204601F0F6FCCF
:104DB000A8B901F0B5FCA0B90F2303930223049313
:104DC000002305934FF4A05306934FF480530793A9
:104DD000052103A801F032FF28B914B010BDFFF778
:104DE000ADFFFFF7ABFFFFF7A9FF00BF00380240A0
:104DF0000070004008B500F0FBFCFFF7A1FFFFF7D3
:104E000053FDFFF787FC00F05BFB00F073FB00F045
:104E1000A5FBFFF78BFB00F0D3FA00F035FAFFF7A4
:104E2000A3FB00F081FB154D08222946144802F02F
:104E30005BFF144C09222146134802F055FF002362
:104E40002B606B60236063602372FFF73DFC0F4CA7
:104E5000204600F03BFE0221204600F08FFF0C4C64
:104E6000204600F033FE0221204600F087FF02F0CA
:104E700059FFFFF7E7FC02F067FFFEE7EC070020B1
:104E8000F40A0020E00700203C0B002074070020FB
:104E90004C07002008B5FEF7D3FCFEF723FD08BD44
:104EA00070B588B0664B93E8070008AB03E90700CC
:104EB000644807F067FBFFF7EDFF0520FDF770FE84
:104EC0006148FEF70FF802E00520FDF769FE5F4B31
:104ED00093F86430002BF7D00520FDF783FE5B4C80
:104EE00094F8673094F868200192009394F8663043
:104EF00094F8652094F86410554807F0DBFAFEF743
:104F000045F80220FBF7E8FF4FF0FF310320FBF7E5
:104F100087FF0720FDF744FE1520FBF7C1FF40F691
:104F2000C4110120FBF73AFF4A4E4FF0FF313068C1
:104F300002F0E7FF0720FDF755FE94F86900FBF744
:104F4000CBFF94F869100120FCF766F8424D284623
:104F5000FDF746FD4FF0FF310420FBF761FF07200E
:104F6000FDF71EFE4FF448710220FBF717FF1620D5
:104F7000FBF796FF4FF0FF31306802F0C2FF0720C9
:104F8000FDF730FE94F86A00FBF7A6FF94F86A106C
:104F90000220FCF741F82846FDF722FD4FF0FF31D3
:104FA0000720FBF73DFF4FF4487002F043FF2B480A
:104FB000FDF798FF0720FDF7F3FD1820FBF770FFC2
:104FC0004FF4FA610320FBF7E9FE4FF0FF31306840
:104FD00002F097FF0720FDF705FE94F86B00FBF742
:104FE0007BFF94F86B100320FCF716F82846FDF7BA
:104FF000F7FC04A90023ADF810308B7003AAADF8BC
:105000000C30937005A8FCF757F89DF81030012B71
:105010000FD04FF0FF310920FBF702FF1420FBF700
:105020003FFF03A904A8FBF765FF00F021FA08B0D1
:1050300070BD4FF0FF311920FBF7F2FEEEE700BF25
:1050400038E30008ACE30008668686C39C030020B2
:10505000BCE30008A00700200080A343CC0C5BC386
:1050600000B583B0002200920D4B596C41F4804191
:105070005964596C01F48041009100990192196CB6
:1050800041F0805119641B6C03F080530193019B24
:105090000F216FF0010001F01DF803B05DF804FB73
:1050A0000038024030B589B0044600230193214BFB
:1050B0001A6C42F020021A641B6C03F02003019367
:1050C000019B02A903A801F08FFE069BCBB901F05A
:1050D0006BFE0346184AA2FB03239B0C013B1748B7
:1050E000174A026040F2E732C26043600023036166
:1050F0008360836102F0D8F8054630B1284609B0D4
:1051000030BD01F051FE4300E4E70C4801F052FFCE
:1051100005460028F2D1372000F0ECFF0F2C01D912
:105120000125EBE700222146372000F0D3FF054B95
:105130001C60E3E70038024083DE1B435008002078
:105140000014004080010020FEE7FEE7FEE7FEE7D6
:10515000FEE7704708B5024801F0EAF808BD00BF55
:105160008C09002008B5024801F0E2F808BD00BF34
:105170004C0A002008B5024801F0DAF808BD00BF6B
:10518000EC09002008B5024800F016FE08BD00BF7B
:105190007407002008B5024801F06BFF08BD00BF8E
:1051A000E408002008B5024801F063FF08BD00BF15
:1051B0005008002008B5024801F0BAF808BD00BF49
:1051C0002C09002008B5024800F0F6FD08BD00BF1C
:1051D0004C0700200120704708B507F013FB162389
:1051E00003604FF0FF3008BD08B54FF0FF31FFF707
:1051F000F3FFFEE770B50C461646002506E0AFF358
:105200000080214601F8010B01350C46B542F6DB62
:10521000304670BD4FF0FF3070474FF400534B6085
:1052200000207047012070470020704710B50346EA
:105230000C4A0D490D48006840B10C480068034411
:10524000521A934206D8094A136010BD0748084C09
:105250000460F2E707F0D6FA0C2303604FF0FF304A
:10526000F3E700BF000003200004000098080020BE
:1052700070560020034AD2F8883043F47003C2F815
:105280008830704700ED00E000B587B0002302933E
:10529000039304930593009301931548154A026004
:1052A00059224260836040F6C312C2600361836189
:1052B00001F0FAFF90B94FF48053029302A90C4811
:1052C00002F0FDF868B9002300930193694608488D
:1052D00002F048FA40B907B05DF804FBFFF72EFD75
:1052E000E9E7FFF72BFDEEE7FFF728FDF3E700BF47
:1052F000E4080020000C004002680E4B9A4200D0E7
:10530000704700B583B00022019203F50B33196C8E
:1053100041F0080119641B6C03F008030193019B21
:105320000621322000F0D6FE322000F0E3FE03B06A
:105330005DF804FB000C00400268094B9A4200D063
:10534000704782B000230193064B1A6C42F0400272
:105350001A641B6C03F040030193019B02B0704779
:10536000001800400038024000B587B000230193C8
:10537000029303930493059302680E4B9A4202D062
:1053800007B05DF804FB002300930B4B1A6B42F04F
:1053900080021A631B6B03F080030093009B402381
:1053A0000193022302930923059301A9034801F005
:1053B000ADF8E5E70018004000380240001C02404C
:1053C00000B589B0002301930293039304930593DE
:1053D000069307931148124A02604360836048F2C3
:1053E0003422C2600361836101F08AFF80B96023C7
:1053F0000193002202920392059201A9074801F04D
:10540000E3FF40B90548FFF7AFFF09B05DF804FBC3
:10541000FFF794FCEBE7FFF791FCF3E79C08002013
:1054200000180040642800D96420054BDA6802FBAC
:105430000000044AA2FB002040091B685863704723
:105440009C0800201F85EB5108B53220FFF7EAFFCA
:105450000021024802F0C2F808BD00BF9C080020ED
:1054600008B50021014802F037F908BD9C0800206A
:1054700008B5FFF7E9FF282002F0DCFCFFF7F0FF9A
:1054800008BD000000B583B001904FF6FF73012204
:1054900001A9034802F0E7FA019803B05DF804FBA4
:1054A000840B002070B50C461646002504E014F865
:1054B000010BFFF7E7FF0135B542F8DB304670BD61
:1054C00008B50A480A4B03604FF4E13343600023F8
:1054D0008360C36003610C2242618361C36102F097
:1054E00092FA00B908BDFFF729FCFBE7840B002006
:1054F0000078004008B50A480A4B03604FF4E133D6
:10550000436000238360C36003610C2242618361B6
:10551000C36102F078FA00B908BDFFF70FFCFBE7A2
:105520003C0B0020007C004008B50A480A4B036091
:105530004FF4E133436000238360C36003610C22B6
:1055400042618361C36102F05EFA00B908BDFFF7F2
:10555000F5FBFBE7F40A00200048004008B50A48C4
:105560000A4B03604FF4E133436000238360C36060
:1055700003610C2242618361C36102F044FA00B905
:1055800008BDFFF7DBFBFBE7AC0A0020001401407D
:1055900030B58FB00446002309930A930B930C9304
:1055A0000D930368824A93420BD0824A934245D0BE
:1055B000814A93427DD0814A934200F0B9800FB076
:1055C00030BD002501957E4B1A6C42F080421A6472
:1055D0001A6C02F080420192019A02951A6B42F015
:1055E00010021A631B6B03F010030293029B4FF42B
:1055F000C073099302230A9303230C9308230D938A
:1056000009A9704800F082FF6F48704B03604FF0AB
:10561000206343608560C5604FF48063036145612A
:105620008561C5610562456200F0E8FD18B9664B09
:10563000E3639C63C3E7FFF781FBF8E7002503956D
:105640005F4B1A6C42F000421A641A6C02F000427E
:105650000392039A04951A6B42F010021A631B6BB3
:1056600003F010030493049B0323099302220A927C
:105670000C9308230D9309A9524800F047FF5448A2
:10568000544B03604FF0206343608560C5604FF466
:105690008063036145618561C5610562456200F013
:1056A000ADFD18B94A4BE3639C6388E7FFF746FBFF
:1056B000F8E700250595424B1A6C42F480221A64E3
:1056C0001A6C02F480220592059A06951A6B42F034
:1056D00008021A631B6B03F008030693069B4FF442
:1056E0004073099302230A9303230C9307230D931A
:1056F00009A9394800F00AFF3848394B03604FF0D8
:10570000006343608560C5604FF480630361456159
:105710008561C5614FF400330362456200F06EFDA0
:1057200018B92E4BE3639C6349E7FFF707FBF8E7E3
:1057300000250795224B5A6C42F020025A645A6C9D
:1057400002F020020792079A08951A6B42F0400275
:105750001A631B6B03F040030893089B4FF48443C8
:10576000099302230A9303230C9308230D9309A999
:105770001C4800F0CBFE1C481C4B03604FF020631C
:1057800043608560C5604FF4806303614561856156
:10579000C5614FF480330362456200F02FFD18B9F4
:1057A000114BE3639C630AE7FFF7C8FAF8E700BF11
:1057B00000780040007C0040004800400014014098
:1057C00000380240001002404C0A0020586002409D
:1057D000EC090020A0600240000C02408C0900206F
:1057E00028600240001802402C0900202864024072
:1057F00008B50B4B1A6842F400721A601A6842F43A
:1058000080621A601A6842F480721A60032000F005
:105810004FFC0F20FFF746FCFFF722FC002008BDDD
:10582000003C0240034A1168034B1B780B44136091
:10583000704700BFCC0B00207C010020014B186892
:10584000704700BFCC0B0020002800F0A18038B5C5
:10585000044690F82030D3B12268136843F0010366
:105860001360FFF7EBFF054623685A6812F0010F3B
:1058700010D1FFF7E3FF401B0A28F5D9636A43F410
:1058800000336362052384F82030012038BDFEF721
:1058900089FEE1E71A6822F002021A60FFF7CEFFE4
:1058A000054623685A6812F0020F0DD0FFF7C6FFB5
:1058B000401B0A28F5D9636A43F400336362052369
:1058C00084F820300120E1E7227E012A3DD01A68C9
:1058D00022F080021A60637E012B3BD0226813689D
:1058E00023F040031360A37E012B39D02268136894
:1058F00023F020031360E37E012B37D02268136866
:1059000043F010031360237F012B35D02268136806
:1059100023F008031360637F012B33D022681368E0
:1059200023F004031360A368E2681343226913435E
:10593000626913436268013A21681343CB61002016
:105940006062012384F82030A0E71A6842F08002E8
:105950001A60C0E72268136843F040031360C2E78F
:105960002268136843F020031360C4E722681368B9
:1059700023F010031360C6E72268136843F008039E
:105980001360C8E72268136843F004031360CAE792
:105990000120704790F82030013BDBB2012B05D984
:1059A000436A43F4802343620120704730B5464B7D
:1059B000D3F8002242F00102C3F80022D3F80022FB
:1059C00022F47C52C3F80022D3F80022486A42EA4B
:1059D0000022C3F800224A6902F01F02012000FAE7
:1059E00002F2D3F81C026FEA020C20EA0200C3F8AC
:1059F0001C02CB69C3B9344BD3F80C020CEA00008B
:105A0000C3F80C028C884869CD6844EA05444830E4
:105A100043F830408C68088840EA04404C6904F13F
:105A2000480E03EBCE035860CB69012B1ED08B6967
:105A3000002B33D12448D0F804320CEA0303C0F819
:105A400004320B698BBB2048D0F814320CEA0303F4
:105A5000C0F814320B6A012B2ED01B4AD2F8003248
:105A600023F00103C2F80032002030BD164BD3F8FA
:105A70000C021043C3F80C028C8848690D6844EA94
:105A80000544483043F8304088894C698D6840EAC5
:105A90000540483403EBC4035860C8E70A48D0F80F
:105AA00004321343C0F80432CBE70748D0F814326D
:105AB0001343C0F81432CDE70349D1F81C32134325
:105AC000C1F81C32C9E700BF0064004070B504464D
:105AD00090F82030012B06D0436A43F40023436240
:105AE0000126304670BDDEB2022380F82030026805
:105AF000136823F001031360FFF7A0FE0546236837
:105B00005B6813F0010F0CD0FFF798FE431B0A2BC4
:105B1000F5D9636A43F400336362052384F82030C7
:105B2000DFE700266662DCE730B590F820C0046845
:105B3000A4680CF1FF3C5FFA8CFCBCF1010F62D849
:105B400014F0E05F59D0C4F3016C012404FA0CF4A2
:105B50001C608B68002B3DD10D68CB68046843EA5C
:105B600045550CF118031B01E55003680C690CF155
:105B7000180E03EB0E135C600B7D012B35D0D17931
:105B800093791B0443EA0163517943EA01231479B1
:105B90000168234301EB0C11C1F88C31D178937863
:105BA0001B0443EA0163517843EA01231178026838
:105BB0000B4302EB0C12C2F8883102680CF1180C8E
:105BC0004FEA0C1C52F80C3043F0010342F80C3041
:105BD00000201DE04C6843EAC403CC6823430CF169
:105BE0001804240105682B51BFE7036803EB0E136B
:105BF000596841F480715960C1E7436A43F4001366
:105C00004362012004E0436A43F48023436201209D
:105C100030BD90F820C00CF1FF3C5FFA8CFCBCF169
:105C2000010F00F2A58030B451B90468E46814F0A3
:105C3000030F10D1436A43F40013436201207EE056
:105C40000468246914F0030F05D1436A43F4001378
:105C50004362012073E0056801F11B0424012C5903
:105C600004F004049460002C6BD1056801F11B045E
:105C700024012C59640D1460046801F11B0C4FEAD7
:105C80000C1C54F80C4004F00204D4600468A444D2
:105C9000DCF8045015F0080F5BD008241461046888
:105CA00001F11B0C04EB0C146468C4F30724946129
:105CB000046804EB0C146468240C5461026802EB61
:105CC0000112D2F8B8211A70026802EB0112D2F860
:105CD000B821C2F307225A70026802EB0112D2F80F
:105CE000B821C2F307429A70026802EB0112D2F89F
:105CF000B821120EDA70026802EB0112D2F8BC2150
:105D00001A71026802EB0112D2F8BC21C2F3072219
:105D10005A71026802EB0112D2F8BC21C2F30742A9
:105D20009A71026802EB0112D2F8BC21120EDA71EC
:105D3000C1B90268D36843F02003D360002030BCAF
:105D40007047056801F11B0424012C59E4085460D4
:105D500092E701F11B0504EB0514646804F00F04DD
:105D600014619CE70268136943F020031361E5E7BF
:105D7000436A43F4802343620120704790F8203047
:105D8000013BDBB2012B05D9436A43F48023436214
:105D900001207047026853690B435361002070472C
:105DA000704770477047704770477047704770473B
:105DB00070477047704770472DE9F84F05460368F4
:105DC0005C69D3F804809F68D3F80CA0D3F81090D6
:105DD000D3F818B014F001063BD017F0010616D026
:105DE00001229A6017F0020F08D117F0040F0CD1AE
:105DF00017F0080606D04FF4805608E0FFF7D0FFF2
:105E0000002604E0FFF7CFFF01E04FF4006617F42F
:105E1000807F0DD02B684FF480729A6017F4007F5A
:105E200040F0968017F4806F00F0968046F400569C
:105E300017F4803F0DD02B684FF480329A6017F42E
:105E4000003F40F0938017F4802F00F0938046F4D9
:105E5000004614F0080F07D01AF0100F04D046F4D3
:105E600000762B681022DA6014F0040F03D01AF0C9
:105E7000080F40F0898014F0020F05D02B68DB6812
:105E800013F0030F40F0878014F0400F07D019F093
:105E9000100F04D046F480662B6810221A6114F0AB
:105EA000200F02D019F0080F79D114F0100F04D090
:105EB0002B681B6913F0030F78D114F4003F02D054
:105EC00018F0100F76D114F4803F02D018F0080FAC
:105ED00077D114F4004F37D018F0040F31D014F4F8
:105EE000807F04D01BF0010F01D046F0010614F4AE
:105EF000007F04D01BF0020F01D046F0020614F41C
:105F0000806F04D01BF0040F01D046F0040614F497
:105F1000006F16D01BF0700B13D0BBF1400F66D092
:105F200056D8BBF1200F5CD0BBF1300F5CD0BBF179
:105F3000100F01D146F008062A68936923F0700318
:105F400093612B6804225A60002E56D1BDE8F88F69
:105F50002846FFF726FF6BE717F4006F02D046F4E0
:105F6000804665E72846FFF71FFF61E72846FFF7F1
:105F700019FF6EE717F4002F02D046F4803668E769
:105F80002846FFF712FF64E72B680822DA602846EC
:105F9000FFF70CFF6FE72846FEF71EFD74E72B683E
:105FA00008221A612846FFF703FF7EE72846FFF71D
:105FB000FEFE82E72B6810225A602846FFF7F9FEA2
:105FC00081E72B6808225A602846FFF7F3FE80E736
:105FD000BBF1500F0ED0BBF1600FADD146F480760F
:105FE000AAE746F01006A7E746F02006A4E746F029
:105FF0004006A1E746F080069EE76B6A33436B627A
:106000002846FFF7D8FEA1E7002807DB00F01F02B3
:10601000400901239340024A42F82030704700BFF4
:1060200000E100E000280CDB00F01F024009012322
:1060300093402030034A42F82030BFF34F8FBFF324
:106040006F8F704700E100E0002808DB0901C9B24A
:1060500000F1604000F5614080F80013704700F0E7
:106060000F000901C9B2014B1954704714ED00E04B
:1060700000B500F00700C0F1070CBCF1040F28BF09
:106080004FF0040C031D062B0FD9C31E4FF0FF3E2B
:106090000EFA0CF021EA000199400EFA03FE22EA02
:1060A0000E0241EA02005DF804FB0023EEE7000067
:1060B000074AD36823F4E0631B041B0C000200F4BE
:1060C000E060034343F0BF6343F40033D3607047A1
:1060D00000ED00E010B50446054BD868C0F302207F
:1060E000FFF7C6FF01462046FFF7AEFF10BD00BF19
:1060F00000ED00E008B5FFF787FF08BD08B5FFF722
:1061000091FF08BD30B405682C6824F480242C600D
:10611000046863608368402B05D003689960036856
:10612000DA6030BC704703689A600368D960F8E7AA
:1061300010B40368D9B210390A4AA2FB014212090D
:10614000094CA25CC2655F2907D96FF309030433C8
:106150008365806D5DF8044B70476FF309038365B9
:10616000F7E700BFABAAAAAA78E40008836A8269AD
:1061700092B9012B0AD0022B02D00BB1002070473C
:10618000C36A13F0807F28D100207047C36AB3F13F
:10619000C07F24D000207047B2F5005F09D0022BE9
:1061A00025D9032B25D1C36A13F0807F23D100208A
:1061B0007047032B03D8DFE803F01404140A00200F
:1061C0007047C36A13F0807F0DD100207047C36A07
:1061D000B3F1C07F09D00020704701207047012033
:1061E000704701207047012070470120704701204F
:1061F00070470020704701207047000070B50446CA
:10620000FFF71CFB002C5BD00546022384F83530D9
:10621000002384F834302268136823F001031360EC
:1062200023681A6812F0010F0AD0FFF707FB431B1F
:10623000052BF5D920236365032084F8350070BD54
:106240001A68204911406268A0680243E06802436E
:106250002069024360690243A0690243E069024386
:10626000206A02430A43616A04291ED01A60266824
:10627000756925F00705636A1D43042B07D1A36ADE
:106280001D43E36A1BB12046FFF770FF90B97561AB
:106290002046FFF74DFFE26D3F23934083600020CF
:1062A0006065012384F83530C9E7E16A206B01435A
:1062B0000A43DBE740236365012084F83500BEE72D
:1062C0000120BCE73F8010F038B50446856D90F89A
:1062D000340001282AD0012084F8340094F83500D5
:1062E000012804D0002384F83430022038BD022075
:1062F00084F83500002060652046FFF703FFE26D5B
:106300003F239340AB602268136843F01603136089
:10631000236C23B12268136843F0080313602268DA
:10632000136843F0010313600020DFE70220DDE77C
:10633000F0B583B0044600230193724B1D68724B85
:10634000A3FB0535AD0A876D3E68C26D08239340F7
:10635000334210D003681A6812F0040F0BD01A6889
:1063600022F004021A60C26D08239340BB60436DA3
:1063700043F001034365E26D01239340334209D0AA
:106380002268526912F0800F04D0BB60636D43F045
:1063900002036365E26D04239340334209D022680F
:1063A000126812F0020F04D0BB60636D43F0040367
:1063B0006365E26D10239340334224D02268126853
:1063C00012F0080F1FD0BB6023681A6812F4802FE8
:1063D0000DD01B6813F4002F04D1236C9BB1204611
:1063E000984710E0A36C73B1204698470BE01A68F9
:1063F00012F4807F03D11A6822F008021A60236C1D
:106400000BB120469847E26D20239340334254D08D
:106410002268126812F0100F4FD0BB6094F835302C
:10642000052B0ED023681A6812F4802F33D01B6816
:1064300013F4002F2AD1636C002B3ED020469847DE
:106440003BE02268136823F0160313602268536947
:1064500023F080035361236CA3B12268136823F0F7
:1064600008031360E26D3F239340BB60012384F86F
:106470003530002384F83430236D002B3FD0204684
:1064800098473CE0A36C002BE7D1EBE7E36BA3B1AB
:106490002046984711E01A6812F4807F09D11A68E3
:1064A00022F010021A60012384F83530002384F8AA
:1064B0003430E36B0BB120469847636DFBB1636DDD
:1064C00013F0010F17D0052384F8353022681368C4
:1064D00023F001031360019B01330193AB4204D805
:1064E00023681B6813F0010FF5D1012384F83530C0
:1064F000002384F83430E36C0BB12046984703B096
:10650000F0BD00BF78010020B5814E1B00230F2B8A
:1065100000F2F68070B582B066E085684FEA430EFF
:10652000032404FA0EF425EA0405CC6804FA0EF4F8
:106530002C438460446824EA02044A68C2F30012CF
:106540009A40224342605DE0DC08083450F8242081
:1065500003F00705AD004FF00F0E0EFA05FE22EA1C
:106560000E0E0A69AA4042EA0E0240F824205DE0BD
:10657000092200E0002202FA0EF22A430234614DA1
:1065800045F82420604A94686FEA0C0224EA0C055E
:106590004E6816F4801F01D04CEA04055A4CA560E1
:1065A000E46802EA04054E6816F4001F01D04CEAC4
:1065B0000405554CE560646802EA04054E6816F46B
:1065C000003F01D04CEA04054F4C6560246822402E
:1065D0004D6815F4803F01D04CEA04024A4C226019
:1065E00001330F2B00F28A8001229A400C6804EAE2
:1065F000020C32EA0404F3D14C6804F00304013CB9
:10660000012C8AD94A6802F00302032A09D0C4681F
:106610005D000322AA4024EA02048A68AA402243B9
:10662000C2604A6802F00302022A8DD004684FEA71
:10663000430E032202FA0EF224EA02044A6802F030
:10664000030202FA0EF2224302604A6812F4403F4B
:10665000C6D0002201922D4A546C44F48044546404
:10666000526C02F480420192019A9C08A51C254AB2
:1066700052F8255003F0030E4FEA8E0E0F2202FA55
:106680000EF225EA0205224A90423FF473AF02F56A
:106690008062904222D002F58062904220D002F5C2
:1066A000806290421ED002F5806290421CD002F5BA
:1066B000806290421AD002F58062904218D002F5B2
:1066C0008062904216D002F58062904214D002F5AA
:1066D000806290423FF44CAF0A224CE701224AE725
:1066E000022248E7032246E7042244E7052242E764
:1066F000062240E707223EE708223CE702B070BDD1
:10670000704700BF00380140003C014000380240A3
:10671000000002400AB1816170470904816170473D
:1067200010B582B000230193194B1A6C42F08052CD
:106730001A641B6C03F080530193019B154B0122DB
:106740001A64FFF77BF80446134B5B6813F4803F31
:1067500008D1FFF773F8001BB0F57A7FF4D9032056
:1067600002B010BD0B4B01225A64FFF767F80446D4
:10677000094B5B6813F4003F07D1FFF75FF8001B7C
:10678000B0F57A7FF4D90320EAE70020E8E700BFFC
:106790000038024000000E4200700040002800F067
:1067A000E08170B582B00446036813F0010F3BD05E
:1067B0009F4B9B6803F00C03042B2CD09C4B9B68D5
:1067C00003F00C03082B21D06368B3F5803F4FD052
:1067D000B3F5A02F52D0964B1A6822F480321A607B
:1067E0001A6822F480221A606368002B50D0FFF7E9
:1067F00025F805468E4B1B6813F4003F14D1FFF7B4
:106800001DF8401B6428F5D90320B1E1884B5B6873
:1068100013F4800FD8D0864B1B6813F4003F03D0CD
:106820006368002B00F09F81236813F0020F54D09F
:106830007F4B9B6813F00C0F3ED07D4B9B6803F0A1
:106840000C03082B33D0E368002B68D0794B01226E
:106850001A60FEF7F3FF0546754B1B6813F0020F35
:1068600054D1FEF7EBFF401B0228F5D903207FE14E
:106870006F4A136843F480331360B5E76C4B1A68B2
:1068800042F480221A601A6842F480321A60ABE740
:10689000FEF7D4FF0546664B1B6813F4003FC3D0D8
:1068A000FEF7CCFF401B6428F5D9032060E1604B64
:1068B0005B6813F4800FC6D15D4B1B6813F0020FA9
:1068C00003D0E368012B40F05081594A136823F04C
:1068D000F803216943EAC1031360236813F0080F2A
:1068E00042D063696BB3534B0122C3F8802EFEF78D
:1068F000A5FF05464E4B5B6F13F0020F34D1FEF738
:106900009DFF401B0228F5D9032031E1484A136856
:1069100023F0F803216943EAC1031360DDE7454B27
:1069200000221A60FEF78AFF0546414B1B6813F0F0
:10693000020FD2D0FEF782FF401B0228F5D90320B8
:1069400016E13C4B0022C3F8802EFEF777FF054688
:10695000374B5B6F13F0020F06D0FEF76FFF401B43
:106960000228F5D9032003E1236813F0040F77D040
:106970002F4B1B6C13F0805F33D1002301932C4B02
:106980001A6C42F080521A641B6C03F0805301931E
:10699000019B0125284B1B6813F4807F23D0A3683B
:1069A000012B34D0052B38D0214B1A6F22F0010275
:1069B0001A671A6F22F004021A67A368002B3DD0F1
:1069C000FEF73CFF06461A4B1B6F13F0020F46D131
:1069D000FEF734FF801B41F288339842F3D903203D
:1069E000C6E00025D6E7144A136843F480731360A9
:1069F000FEF724FF0646104B1B6813F4807FCED1B0
:106A0000FEF71CFF801B0228F5D90320B0E0084ADE
:106A1000136F43F001031367CFE7054B1A6F42F082
:106A200004021A671A6F42F001021A67C5E700BF35
:106A3000003802400000474200700040FEF7FEFEB2
:106A40000646524B1B6F13F0020F08D0FEF7F6FEFE
:106A5000801B41F288339842F3D9032088E0EDB9D6
:106A6000A369002B00F08380484A926802F00C0270
:106A7000082A51D0022B17D0454B00221A66FEF788
:106A8000DDFE0446414B1B6813F0007F42D0FEF749
:106A9000D5FE001B0228F5D9032069E03B4A136CA0
:106AA00023F080531364DBE7394B00221A66FEF7AC
:106AB000C5FE0546354B1B6813F0007F06D0FEF778
:106AC000BDFE401B0228F5D9032051E0E369226A8C
:106AD0001343626A43EA8213A26A5208013A43EA04
:106AE0000243E26A43EA0263284A5360284B0122C8
:106AF0001A66FEF7A3FE0446244B1B6813F0007FC2
:106B000006D1FEF79BFE001B0228F5D903202FE0DB
:106B100000202DE000202BE0012B2BD01B4B5B68CD
:106B200003F48001E269914226D103F03F02216A19
:106B30008A4223D1616A47F6C0721A40B2EB811FC4
:106B40001ED103F44031A26A5208013AB1EB024F60
:106B500018D103F07063E26AB3EB026F14D1002026
:106B600006E001207047012002E0012000E0002043
:106B700002B070BD0120FBE70120F9E70120F7E733
:106B80000120F5E70120F3E70120F1E7003802409A
:106B90000000474208B5264B9B6803F00C03042B0A
:106BA00041D0082B41D1224B5A6802F03F025B686A
:106BB00013F4800F12D01E4B5968C1F388111D4881
:106BC0000023A1FB0001F9F7D7FF194B5B68C3F362
:106BD000014301335B00B0FBF3F008BD144B586870
:106BE000C0F388104FEA401CBCEB000C6EEB0E0E9D
:106BF0004FEA8E1343EA9C634FEA8C11B1EB0C0110
:106C000063EB0E03DB0043EA5173C90011EB000C88
:106C100043F10003990200234FEA8C2041EA9C5182
:106C2000F9F7AAFFD1E70348D7E70348D5E700BF44
:106C300000380240001BB7000024F400002800F0D8
:106C40009B8070B50D4604464F4B1B6803F00F0345
:106C50008B4208D2CBB24C4A1370136803F00F0377
:106C60008B4240F08B80236813F0020F17D013F093
:106C7000040F04D0454A936843F4E05393602368BB
:106C800013F0080F04D0414A936843F460439360C3
:106C90003E4A936823F0F003A1680B439360236896
:106CA00013F0010F32D06368012B21D09A1E012A04
:106CB00025D9364A126812F0020F61D033498A682A
:106CC00022F0030213438B60FEF7B8FD06462F4BFC
:106CD0009B6803F00C036268B3EB820F16D0FEF7DB
:106CE000ADFD801B41F288339842F0D9032042E089
:106CF000264A126812F4003FE0D101203BE0234A0B
:106D0000126812F0007FD9D1012034E01E4B1B68BD
:106D100003F00F03AB4207D9EAB21B4B1A701B6892
:106D200003F00F03AB422DD1236813F0040F06D0FC
:106D3000164A936823F4E053E1680B439360236899
:106D400013F0080F07D0114A936823F460432169B8
:106D500043EAC1039360FFF71DFF0C4B9B68C3F32D
:106D600003130B4AD35CD8400A4B18600A4B1868CF
:106D7000FEF798F9002070BD012070470120FAE766
:106D80000120F8E70120F6E7003C0240003802400D
:106D900068E400087801002080010020014B186899
:106DA000704700BF7801002008B5FFF7F7FF044BDC
:106DB0009B68C3F38223034AD35CD84008BD00BF5D
:106DC0000038024060E4000808B5FFF7E7FF044B15
:106DD0009B68C3F34233034AD35CD84008BD00BF6D
:106DE0000038024060E400080F2303600B4B9A68F0
:106DF00002F0030242609A6802F0F00282609A6830
:106E000002F4E052C2609B68DB0803F4E0530361C4
:106E1000034B1B6803F00F030B6070470038024000
:106E2000003C024030B4036A026A22F001020262AE
:106E30004268846924F0730C0C6844EA0C0423F063
:106E4000020C8B6843EA0C03114DA84203D005F5F0
:106E50008065A84205D123F00803CD682B4323F0B9
:106E600004030B4DA84203D005F58065A84207D165
:106E700022F440724D6945EA020C8A6942EA0C022A
:106E8000426084614A684263036230BC704700BF5D
:106E90000000014030B4036A026A22F48072026288
:106EA0004268C46924F0730C0C6844EA0C0523F4AE
:106EB00000738C6843EA0423114CA04203D004F50C
:106EC0008064A04206D123F40063CC6843EA042323
:106ED00023F480630A4CA04203D004F58064A042EE
:106EE00007D122F440524C6942EA04128C6942EA0A
:106EF00004124260C5614A68C263036230BC7047D5
:106F00000000014030B4036A026A22F48052026237
:106F10004468C26922F4E6420D6842EA052223F47D
:106F200000538D6843EA0533094DA84203D005F5A7
:106F30008065A84204D124F480444D6944EA851454
:106F40004460C2614A680264036230BC704700BF9B
:106F50000000014010B4036A046A24F001040462D2
:106F6000846924F0F00C4CEA021223F00A030B436C
:106F7000826103625DF8044B704710B4036A046ACF
:106F800024F010040462846924F4704C4CEA023248
:106F900023F0A00343EA0113826103625DF8044B0E
:106FA0007047836823F070030B4343F0070383604B
:106FB0007047000090F83D30012B37D1022380F854
:106FC0003D300268D36843F00103D3600368194A77
:106FD000934220D0B3F1804F1DD0A2F57C42934262
:106FE00019D002F58062934215D002F58062934277
:106FF00011D002F5784293420DD002F570529342BF
:1070000009D0A2F59432934205D01A6842F00102E9
:107010001A60002070479A6802F00702062A07D01B
:107020001A6842F001021A60002070470120704780
:1070300000207047000001400268D36823F001037C
:10704000D3600368196A41F21112114208D1196A1A
:1070500040F24442114203D11A6822F001021A6040
:10706000012380F83D30002070477047704770471B
:10707000704770B504460368DE681D6915F0020F9D
:1070800010D016F0020F0DD06FF002021A6101232A
:10709000037703689B6913F0030F5ED0FFF7E6FFE9
:1070A0000023237715F0040F12D016F0040F0FD031
:1070B00023686FF004021A610223237723689B6917
:1070C00013F4407F4FD02046FFF7D0FF00232377F3
:1070D00015F0080F12D016F0080F0FD023686FF0CC
:1070E00008021A61042323772368DB6913F0030F76
:1070F00040D02046FFF7BAFF0023237715F0100F8A
:1071000012D016F0100F0FD023686FF010021A6122
:10711000082323772368DB6913F4407F31D02046AE
:10712000FFF7A4FF0023237715F0010F02D016F01C
:10713000010F2DD115F0800F02D016F0800F2FD146
:1071400015F0400F02D016F0400F31D115F0200F8E
:1071500002D016F0200F33D170BDFFF786FF204616
:10716000FFF785FF9CE72046FFF77FFF2046FFF7EC
:107170007EFFABE72046FFF778FF2046FFF777FF5B
:10718000BAE72046FFF771FF2046FFF770FFC9E717
:1071900023686FF001021A612046FDF77BFDC9E705
:1071A00023686FF080021A61204600F022FBC7E7D7
:1071B00023686FF040021A612046FFF759FFC5E7C8
:1071C00023686FF020021A61204600F011FBC3E72C
:1071D0000368344A904212D0B0F1804F0FD0A2F52C
:1071E0007C4290420BD002F58062904207D002F5BB
:1071F0008062904203D002F57842904203D123F09E
:1072000070034A681343274A90422AD0B0F1804F56
:1072100027D0A2F57C42904223D002F580629042B2
:107220001FD002F5806290421BD002F57842904256
:1072300017D002F57052904213D002F5806290424E
:107240000FD002F5806290420BD0A2F598329042A6
:1072500007D002F58062904203D002F5806290422E
:1072600003D123F44073CA68134323F080034A69AF
:10727000134303608B68C3620B688362094B9842B7
:1072800003D003F58063984201D10B6903630123A6
:107290004361036913F0010F03D0036923F0010375
:1072A000036170470000014040B310B5044690F8F8
:1072B0003D30F3B1022384F83D30214651F8040BF0
:1072C000FFF786FF012384F8463084F83E3084F8C7
:1072D0003F3084F8403084F8413084F8423084F8FC
:1072E000433084F8443084F8453084F83D30002041
:1072F00010BD80F83C30FDF7FFFFDBE70120704751
:1073000040B310B5044690F83D30F3B1022384F841
:107310003D30214651F8040BFFF75AFF012384F852
:10732000463084F83E3084F83F3084F8403084F8AA
:10733000413084F8423084F8433084F8443084F893
:10734000453084F83D30002010BD80F83C30FDF71A
:10735000F3FFDBE70120704730B4036A026A22F0D2
:10736000100202624468826922F4E6420D6842EA31
:10737000052223F020038D6843EA0513114DA8422E
:1073800003D005F58065A84206D123F08003CD68BF
:1073900043EA051323F040030A4DA84203D005F544
:1073A0008065A84207D124F440644D6944EA85040D
:1073B0008D6944EA8504446082614A68826303629D
:1073C00030BC70470000014038B590F83C30012BCC
:1073D00066D004460D46012380F83C300C2A5AD86A
:1073E000DFE802F0075959591B5959593059595971
:1073F00044000068FFF716FD2268936943F0080314
:1074000093612268936923F004039361226893696E
:1074100029690B43936100203EE00068FFF79CFF61
:107420002268936943F4006393612268936923F4AB
:107430008063936122689369296943EA0123936118
:10744000002029E00068FFF725FD2268D36943F09A
:107450000803D3612268D36923F00403D36122684F
:10746000D36929690B43D361002015E00068FFF759
:1074700049FD2268D36943F40063D3612268D3696C
:1074800023F48063D3612268D369296943EA012325
:10749000D361002000E00120002384F83C3038BD97
:1074A0000220FCE710B4846824F47F4C42EA0322F3
:1074B0000A4342EA0C0282605DF8044B704790F880
:1074C0003C30012B78D010B50446012380F83C30C5
:1074D000022380F83D300268936823F47F4323F051
:1074E000770393600B68602B4CD023D8402B54D08B
:1074F00011D8202B03D00AD80BB1102B05D1194677
:107500002068FFF74EFD002028E0012026E0302B08
:10751000F5D0012022E0502B0AD1CA6849680068E2
:10752000FFF718FD50212068FFF73BFD002015E014
:10753000012013E0B3F5805F3AD0B3F5005F14D0BB
:10754000702B37D1CB684A6889680068FFF7AAFFBB
:107550002268936843F0770393600020012384F846
:107560003D30002384F83C3010BDCB684A68896800
:107570000068FFF797FF2268936843F480439360A5
:107580000020EBE7CA6849680068FFF7F6FC602155
:107590002068FFF706FD0020E0E7CA684968006838
:1075A000FFF7D8FC40212068FFF7FBFC0020D5E75F
:1075B0000020D3E70120D1E70220704701F01F012E
:1075C0004FF0010C0CFA01FC036A23EA0C0303627E
:1075D000036A8A40134303627047000010B50446F3
:1075E0000846002941D194F83E30013B18BF0123E1
:1075F000002B6BD100284ED1022384F83E300122AB
:1076000001462068FFF7DAFF2368324A934203D02D
:1076100002F58062934203D15A6C42F400425A64EC
:1076200023682C4A934246D0B3F1804F43D0A2F551
:107630007C4293423FD002F5806293423BD002F5F8
:107640008062934237D002F57842934233D002F5FC
:10765000705293422FD0A2F5943293422BD01A68E5
:1076600042F001021A6000202FE0042907D0082907
:107670000BD094F84130013B18BF0123B8E794F8D0
:107680003F30013B18BF0123B2E794F84030013B83
:1076900018BF0123ACE7042805D0082807D002232F
:1076A00084F84130ABE7022384F83F30A7E7022398
:1076B00084F84030A3E79A6802F00702062A07D050
:1076C0001A6842F001021A60002010BD0120FCE798
:1076D0000020FAE70000014038B504460D460022BC
:1076E0000068FFF76BFF23681D4A934218D002F52C
:1076F0008062934214D02368196A41F21112114238
:1077000008D1196A40F24442114203D11A6822F0AA
:1077100001021A609DB9012384F83E30002038BD73
:10772000196A41F211121142E5D1196A40F244423C
:107730001142E0D15A6C22F400425A64DBE7042D76
:1077400005D0082D07D0012384F84130E6E7012356
:1077500084F83F30E2E7012384F84030DEE700BFE1
:107760000000014090F83C20012A3DD010B40346AF
:10777000012280F83C20022280F83D2002685068F7
:10778000946820F0700C086840EA0C0050601A6899
:10779000164882421AD0B2F1804F17D0A0F57C4033
:1077A000824213D000F5806082420FD000F58060E5
:1077B00082420BD000F57840824207D000F570502D
:1077C000824203D0A0F59430824204D124F0800498
:1077D000496821439160012283F83D20002083F80D
:1077E0003C005DF8044B70470220704700000140E8
:1077F00070477047026802F10C0353E8003F23F022
:10780000C0030C3242E800310029F3D1202380F874
:1078100041307047026802F10C0353E8003F23F443
:1078200090730C3242E800310029F3D1026802F172
:10783000140353E8003F23F00103143242E80031FF
:107840000029F3D1036B012B05D0202380F84230AF
:10785000002303637047026802F10C0353E8003F02
:1078600023F010030C3242E800310029F3D1ECE799
:1078700010B504460268136923F44053C1680B43F2
:107880001361836802691A4343691A43C3691A433F
:107890000168CB6823F4164323F00C031343CB6039
:1078A0000268536923F4407381690B435361036891
:1078B000314A934206D002F58062934202D0FFF72C
:1078C00073FA01E0FFF780FAE369B3F5004F29D0BE
:1078D0000021031849411B1841F10001C90041EA88
:1078E0005371DB00181863684FEA83024FEA937301
:1078F00041F10001F9F740F9204AA2FB00314909A2
:10790000642303FB11031B013233A2FB03235B0936
:1079100003F0F00202EB011203F00F03216813449D
:107920008B6010BD0023021843EB0301121841F1D4
:107930000001C90041EA5271D200101841F1000162
:10794000626892185B41F9F717F90C4AA2FB003103
:107950004909642303FB1103DB003233A2FB032339
:107960005B095A0002F4F87202EB011203F00703FC
:10797000216813448B60D4E7001001401F85EB5150
:107980002DE9F04383B005460E4617469946DDF8CB
:1079900028802B681C6836EA04040CBF01240024EC
:1079A000BC4228D1B8F1FF3FF3D0FDF747FFA0EB71
:1079B0000900404523D8B8F1000F22D02B68DA68BF
:1079C00012F0040FE5D0802EE3D0402EE1D01A68EB
:1079D00012F0080FDDD0002401941A6801925B6850
:1079E0000193019B2846FFF715FF08236B6485F878
:1079F0004040012000E0002003B0BDE8F0830320F8
:107A0000FAE70320F8E760B310B5044690F8413078
:107A100013B3242384F841302268D36823F400533D
:107A2000D3602046FFF724FF2268136923F49043B4
:107A300013612268536923F02A0353612268D368D3
:107A400043F40053D36000206064202384F8413065
:107A500084F84230606310BD80F84030FDF798FD37
:107A6000D7E7012070472DE9F04182B01E4690F81B
:107A70004130202B56D104460D469046002955D062
:107A80000AB901204FE000234364212380F84130EC
:107A9000FDF7D4FE0746A4F82480A4F82680A36846
:107AA000B3F5805F02D04FF0000814E023692BB3D8
:107AB0004FF000080FE0202384F84130032032E02B
:107AC00038F8023B2268C3F308035360E28C92B299
:107AD000013A92B2E284E38C9BB293B100963B46AA
:107AE000002280212046FFF74BFF0028E3D1002D24
:107AF000E6D015F8012B23685A60E7E7A846002571
:107B0000E9E700963B46002240212046FFF738FF78
:107B100018B9202384F8413005E0202384F841304F
:107B2000032000E0022002B0BDE8F0810120FAE766
:107B30007047704710B5846B23685B6994F84120E7
:107B4000212A0FD023685B6903F0400394F8422098
:107B5000222A11D0636C43F0100363642046FFF7C0
:107B6000E8FF10BD03F08003002BEBD00023E3847B
:107B70002046FFF73FFEE5E7002BEBD00023E3852F
:107B80002046FFF747FEE5E7704708B5806B012305
:107B90004363036B012B02D0FFF7CAFF08BD818D41
:107BA0004908FFF7F1FFF9E708B50346806B1B684A
:107BB0001B6813F4807F2BD10023C385026802F178
:107BC0000C0353E8003F23F480730C3242E8003189
:107BD0000029F3D1026802F1140353E8003F23F0B7
:107BE0000103143242E800310029F3D1026802F1A6
:107BF000140353E8003F23F04003143242E80031FD
:107C00000029F3D1202380F84230036B012B07D0E9
:107C100000234363036B012B0FD0FCF703FF08BD68
:107C2000026802F10C0353E8003F23F010030C320A
:107C300042E800310029F3D1EAE7818DFFF7A4FF84
:107C4000EDE7000030B583B00446134681628285BB
:107C500000254564222280F84220C26B1F48D06371
:107C6000E26B1F481064E26B1E48D064E26B15653E
:107C700020680A46011DE06BFEF726FB019523688C
:107C80001A6801925B680193019B23695BB12268CA
:107C900002F10C0353E8003F43F480730C3242E8D6
:107CA00000310029F3D1226802F1140353E8003FA8
:107CB00043F00103143242E800310029F3D1226875
:107CC00002F1140353E8003F43F04003143242E84A
:107CD00000310029F3D1002003B030BDA97B00089A
:107CE0008B7B0008357B000808B590F84230202BCC
:107CF00008D149B10AB9012008BD00230363FFF789
:107D0000A1FFF9E70220F7E70120F5E708B54FF0FA
:107D1000E0231B6901F0A0FE012800D108BD00F09E
:107D200089FAFBE7EFF305832BB9064B186828B9EE
:107D300001221A6070476FF0050070474FF0FF3066
:107D4000704700BF88120020EFF3058373B90A4B18
:107D50001B68012B0DD110B50024084BDC77064BB6
:107D600002221A6001F0D4FB204610BD6FF005001E
:107D700070474FF0FF3070478812002000ED00E0A0
:107D8000F0B587B000240594EFF3058404BBF8B187
:107D9000002A34D0156893692BB11E46013B372B5E
:107DA00002D9002015E01826536813F0010F3FD1C7
:107DB000546984B14FEA940C93682BB1D7685B2F58
:107DC00002D9176907B184B943B14FF0FF330BB340
:107DD000059807B0F0BD4FF0800CEDE7D368A3B96C
:107DE0001369ABB14FF0FF33F1E7029301970096AF
:107DF0000B466246294601F01DFB0590E8E7154653
:107E0000002318264FF0800CE1E74FF0FF33DEE748
:107E10000023DCE705AB019300960B461FFA8CF2BA
:107E2000294601F042FB0128D2D000230593CFE779
:107E30000020CEE708B5EFF3058333B908B9002079
:107E400008BD01F0C7FC0020FAE76FF00500F7E776
:107E500070B582B0EFF30583002B48D10E4614466F
:107E6000002848D0884248D34AB1956815B1D368F4
:107E70004F2B14D8002D42D1E3680BB138E000231A
:107E800001280ED06BBB314600F068FD05467DB37E
:107E900004B124682146284601F0DCF828E00123DB
:107EA000EEE7ABB903220021012000F010FD0546EA
:107EB000F5B1002EEBD000231A461946284600F0F3
:107EC0006BFD0128E3D0284601F0EEF800250FE015
:107ED000A368032200920022114600F0AEFC054682
:107EE000E6E7A268314600F016FD0546CFE700251B
:107EF000284602B070BD0025FAE70025F8E7002506
:107F0000F6E720B310B582B00C46EFF30583B3B1AA
:107F100001BB0021019101AA01F044F801281CD104
:107F2000019850B14FF0E0234FF08052C3F8042D78
:107F3000BFF34F8FBFF36F8F002002B010BD00F072
:107F40005EFF01280CD06CB16FF00100F5E76FF017
:107F5000030070476FF00300EFE76FF00200ECE7FB
:107F60000020EAE76FF00200E7E720B300B583B036
:107F7000EFF30583A3B10023019301A900F037FEBD
:107F800001281BD1019898B14FF0E0234FF08052A7
:107F9000C3F8042DBFF34F8FBFF36F8F002007E0AE
:107FA00000231A46194600F0F7FC012809D10020E9
:107FB00003B05DF804FB6FF0030070476FF0020040
:107FC000F6E76FF00200F3E7034B0360034B0B602F
:107FD00080231360704700BF2C1200202C1000205B
:107FE000034B0360034B0B604FF4807313607047C7
:107FF000D00F0020D00B002000F1080343604FF0A9
:10800000FF328260C3600361002303607047002376
:108010000361704743684B609A688A605160996059
:108020000861036801330360704730B40D68B5F12F
:10803000FF3F11D000F108031C465B681A68AA4292
:10804000FAD963684B6099608C606160086103686D
:108050000133036030BC70470469F2E7036941688B
:1080600082688A60416851605A68824206D0002264
:1080700002611A68013A1A601868704782685A608B
:10808000F5E7000082B0002301930D4B1B68B3F1AC
:10809000FF3F08D04FF0500383F31188BFF36F8F79
:1080A000BFF34F8FFEE74FF0500383F31188BFF308
:1080B0006F8FBFF34F8F019B002BFCD002B0704736
:1080C0008401002008480068006880F308884FF0A9
:1080D000000080F3148862B661B6BFF34F8FBFF320
:1080E0006F8F00DF00BF000008ED00E0DFF80C003C
:1080F000016841F4700101607047000088ED00E004
:108100004FF0807340F8043C21F0010140F8081C56
:10811000054B40F80C3C40F8202C6FF0020340F86F
:10812000243C4438704700BF8580000800000000F0
:10813000074B19680868B0E8F04F80F30988BFF36F
:108140006F8F4FF0000080F311887047AFF300800D
:10815000F05300204FF0500383F31188BFF36F8F6B
:10816000BFF34F8F0B4A136801331360012B00D00C
:1081700070474FF0E023D3F8043D13F0FF0FF7D022
:108180004FF0500383F31188BFF36F8FBFF34F8F0E
:10819000FEE700BF84010020094B1B6843B94FF084
:1081A000500383F31188BFF36F8FBFF34F8FFEE748
:1081B000013B034A13600BB983F31188704700BF7A
:1081C000840100200000000000000000000000000A
:1081D000EFF30980BFF36F8F154B1A681EF0100F75
:1081E00008BF20ED108A20E9F04F106009B44FF06D
:1081F000500080F31188BFF34F8FBFF36F8F01F0F2
:108200000FFB4FF0000080F3118809BC1968086863
:10821000B0E8F04F1EF0100F08BFB0EC108A80F3EA
:108220000988BFF36F8F7047AFF30080AFF3008012
:10823000F053002008B54FF0500383F31188BFF3CB
:108240006F8FBFF34F8F01F0BDF928B14FF0E023DE
:108250004FF08052C3F8042D002383F3118808BD2A
:108260004FF0E022002313619361054B1B68054921
:10827000A1FB03139B09013B536107231361704763
:1082800078010020D34D62104FF0E023D3F8002D89
:108290003D4B9A421CD04FF0E023D3F8002D3B4BCE
:1082A0009A421ED030B583B0394B1A78D2B20192BF
:1082B000FF221A701B78DBB28DF803309DF8033073
:1082C00003F05003334A1370334B07221A601BE04C
:1082D0004FF0500383F31188BFF36F8FBFF34F8FBD
:1082E000FEE74FF0500383F31188BFF36F8FBFF3A6
:1082F0004F8FFEE7284A1368013B13609DF8033057
:108300005B00DBB28DF803309DF8033013F0800F73
:10831000F0D1214B1B68032B08D04FF0500383F39F
:108320001188BFF36F8FBFF34F8FFEE71B021A4A0E
:10833000136003F4E0631360019BDBB2144A137013
:108340004FF0E024D4F8203D43F47003C4F8203DFE
:10835000D4F8203D43F07043C4F8203DFFF780FF80
:1083600000250E4B1D60FFF7C1FED4F8343F43F0EB
:108370004043C4F8343FFFF7A5FE01F051FAFFF780
:1083800081FE284603B030BD71C20F4170C20F415B
:1083900000E400E0901200208C12002084010020F4
:1083A000EFF305830F2B0ED9114A9A5C114B1B7802
:1083B0009A4208D24FF0500383F31188BFF36F8FB6
:1083C000BFF34F8FFEE74FF0E023D3F80C3D03F4EB
:1083D000E063094A1268934208D94FF0500383F3CF
:1083E0001188BFF36F8FBFF34F8FFEE7704700BF59
:1083F000F0E300E0901200208C120020124A12F0EC
:10840000070F1ED0D11D21F00701C1F57053134491
:108410000A460E480260002141601344083B23F0E5
:1084200007030B48036059601960991A5160136083
:10843000084B1960084B1960084B4FF000421A6056
:1084400070474FF47053E4E7B4120020AC120020E0
:10845000A8120020A0120020A412002094120020D4
:10846000164B1A461B688342FBD3516802EB010C82
:10847000844509D0416800EB010C634509D00360D5
:10848000904219D010607047406801445160104616
:10849000F0E710B40A4C2468A3420BD05B6819447F
:1084A000416013681B680360904200D010605DF863
:1084B000044B70470460F7E7704700BFAC12002020
:1084C000A812002038B5044601F06EF8384B1B683E
:1084D000B3B1384B1B681C4250D1002C50D004F172
:1084E000080214F0070F02D022F007020832002A17
:1084F00055D0314B1B68934253D330490C6804E08C
:10850000FFF77CFFE5E721461C466368934202D2F1
:108510002368002BF7D1264B1B68A34243D00D687C
:10852000083523680B6063689B1A102B10D9A018BC
:1085300010F0070F08D04FF0500383F31188BFF3FA
:108540006F8FBFF34F8FFEE743606260FFF788FFD6
:10855000626819490B689B1A0B60194909688B42BC
:1085600001D217490B60134B1B6813436360002350
:108570002360144A13680133136002E0002500E011
:10858000002501F0ABF815F0070F0ED04FF05003A7
:1085900083F31188BFF36F8FBFF34F8FFEE7002582
:1085A000EFE70025EDE70025EBE7284638BD00BFE3
:1085B000A812002094120020A4120020AC12002067
:1085C000A01200209C120020002834D038B50446A8
:1085D000A0F1080550F8043C174A1268134208D16C
:1085E0004FF0500383F31188BFF36F8FBFF34F8FAA
:1085F000FEE750F8081C41B14FF0500383F3118897
:10860000BFF36F8FBFF34F8FFEE723EA020340F8FB
:10861000043C00F0C9FF54F8041C084A13680B44DA
:1086200013602846FFF71CFF054A136801331360E7
:1086300001F054F838BD704794120020A4120020B5
:10864000981200200346406A18B11B6B1868C0F1ED
:108650003800704710B50446FFF77CFDA26BE36B52
:108660009A4204D00024FFF797FD204610BD012454
:10867000F9E710B50446FFF76DFDA36B23B901249C
:10868000FFF78AFD204610BD0024F9E770B50446C7
:108690001546866B026C5AB903681BB1002001367F
:1086A000A66370BD806801F033FA0023A360F6E78B
:1086B0006DB9406804F0D3F86368226C13446360BA
:1086C000A268934219D3236863602846E7E7C0682D
:1086D00004F0C5F8E368226C51429B1AE3602268FB
:1086E000934202D2A3680B44E360022D01D0002024
:1086F000D5E726B1013E0020D1E72846CFE700208C
:10870000CDE70346026C6AB110B50846D96811443A
:10871000D9609C68A14201D31968D960D96804F076
:108720009EF810BD704738B50546FFF713FD95F864
:10873000454064B201E0013C64B2002C0ADD6B6A82
:1087400043B105F1240001F0EBF80028F3D001F06B
:108750007DF9F0E7FF2385F84530FFF71DFDFFF7B2
:10876000F9FC95F8444064B201E0013C64B2002C8D
:108770000ADD2B6943B105F1100001F0D1F80028A2
:10878000F3D001F063F9F0E7FF2385F84430FFF7F9
:1087900003FD38BD38B5E0B10D460446FFF7DAFCFD
:1087A0002368E26B216C01FB0230A0600020A06313
:1087B0006360013A02FB0133E360FF2384F8443035
:1087C00084F84530FDB9236963B9FFF7E5FC012062
:1087D00038BD4FF0500383F31188BFF36F8FBFF3A1
:1087E0004F8FFEE704F1100001F09AF80028ECD05A
:1087F0004FF0E0234FF08052C3F8042DBFF34F8FAA
:10880000BFF36F8FE1E704F11000FFF7F5FB04F110
:108810002400FFF7F1FBD8E738B51D46049C0B4652
:1088200049B92460E063236401212046FFF7B2FFC9
:1088300084F84C5038BD2260F4E740B94FF0500343
:1088400083F31188BFF36F8FBFF34F8FFEE710B52F
:1088500084B01C46844653B192B189B94FF050039D
:1088600083F31188BFF36F8FBFF34F8FFEE74FF095
:10887000500383F31188BFF36F8FBFF34F8FFEE771
:108880006AB150230393039B502B13D04FF0500336
:1088900083F31188BFF36F8FBFF34F8FFEE700297B
:1088A000EFD04FF0500383F31188BFF36F8FBFF306
:1088B0004F8FFEE7039B012384F8463000949DF818
:1088C00018306046FFF7A8FF204604B010BD40B93D
:1088D0004FF0500383F31188BFF36F8FBFF34F8FB7
:1088E000FEE7F0B583B00D461446064601FB00F0E6
:1088F0005030FFF7E7FD074650B1002380F84630BF
:108900000090234600F1500229463046FFF784FFCD
:10891000384603B0F0BD40B94FF0500383F31188DF
:10892000BFF36F8FBFF34F8FFEE710B582B00C46D9
:10893000884208D24FF0500383F31188BFF36F8F42
:10894000BFF34F8FFEE70223009313460022114628
:10895000FFF773FF00B1846302B010BD40B94FF060
:10896000500383F31188BFF36F8FBFF34F8FFEE780
:1089700010B50C46884208D24FF0500383F311889B
:10898000BFF36F8FBFF34F8FFEE702220021FFF787
:108990009EFF00B1846310BDF0B585B0019288B12F
:1089A0000F461D460446B1B1022D20D1E36B012BC9
:1089B0001DD04FF0500383F31188BFF36F8FBFF3C7
:1089C0004F8FFEE74FF0500383F31188BFF36F8F93
:1089D000BFF34F8FFEE7036C002BE5D04FF0500341
:1089E00083F31188BFF36F8FBFF34F8FFEE701F062
:1089F00033F8064658B9019B002B48D04FF050037E
:108A000083F31188BFF36F8FBFF34F8FFEE700260C
:108A10003DE02A4639462046FFF738FE636A7BB9B7
:108A200048B14FF0E0234FF08052C3F8042DBFF35C
:108A30004F8FBFF36F8FFFF7AFFB012005B0F0BD85
:108A400004F1240000F06CFF0028F4D04FF0E02384
:108A50004FF08052C3F8042DBFF34F8FBFF36F8FD9
:108A6000E9E7FFF799FB0020E8E702A800F09EFF86
:108A7000012619E0002384F8443021E0002384F823
:108A8000453023E02046FFF74EFE00F027FEFFF7BB
:108A900061FBA26BE36B9A42BBD3022DB9D0019B61
:108AA000002BDED0002EE0D0FFF776FB00F07CFD3F
:108AB000FFF750FB94F8442052B2B2F1FF3FD9D0F7
:108AC00094F8452052B2B2F1FF3FD7D0FFF764FBD4
:108AD00001A902A800F076FFD8B92046FFF7BAFD39
:108AE0000028CFD0019904F1100000F0E5FE2046E7
:108AF000FFF719FE00F0F2FD0028C8D14FF0E02387
:108B00004FF08052C3F8042DBFF34F8FBFF36F8F28
:108B1000BDE72046FFF707FE00F0E0FD00208DE7EF
:108B20002DE9F84390B10F4616461C460546B1B1F3
:108B3000022C20D1EB6B012B1DD04FF0500383F39F
:108B40001188BFF36F8FBFF34F8FFEE74FF05003D5
:108B500083F31188BFF36F8FBFF34F8FFEE7036C72
:108B6000002BE5D04FF0500383F31188BFF36F8FD4
:108B7000BFF34F8FFEE7FFF713FCEFF311884FF0C1
:108B8000500383F31188BFF36F8FBFF34F8FAA6B2E
:108B9000EB6B9A4206D3022C04D0002088F3118894
:108BA000BDE8F88395F845904FFA89F9AB6B2246FA
:108BB00039462846FFF76AFDB9F1FF3F06D009F1B3
:108BC00001035BB285F845300120E7E76B6A0BB91A
:108BD0000120E3E705F1240000F0A2FE18B126B160
:108BE00001203060DAE70120D8E70120D6E768B13C
:108BF00070B50C460546036C8BB14FF0500383F300
:108C00001188BFF36F8FBFF34F8FFEE74FF0500314
:108C100083F31188BFF36F8FBFF34F8FFEE70368B5
:108C2000EBB1FFF7BDFBEFF311864FF0500383F379
:108C30001188BFF36F8FBFF34F8FAA6BEB6B93421B
:108C400026D995F845305BB20132AA63B3F1FF3FF4
:108C500011D001335BB285F84530012019E08368FB
:108C6000002BDED04FF0500383F31188BFF36F8FDA
:108C7000BFF34F8FFEE76B6A0BB9012009E005F1E6
:108C8000240000F04DFE38B144B10120206000E026
:108C9000002086F3118870BD0120FAE70120F8E773
:108CA000F0B585B0019290B10F460446C1B100F015
:108CB000D3FE064600BB019B002B5ED04FF0500355
:108CC00083F31188BFF36F8FBFF34F8FFEE74FF031
:108CD000500383F31188BFF36F8FBFF34F8FFEE70D
:108CE000036C002BE3D04FF0500383F31188BFF3E4
:108CF0006F8FBFF34F8FFEE700263EE039462046D8
:108D0000FFF7FFFC013DA563236923B9FFF744FA90
:108D1000012005B0F0BD04F1100000F001FE0028B4
:108D2000F4D04FF0E0234FF08052C3F8042DBFF38E
:108D30004F8FBFF36F8FE9E7FFF72EFA0020E8E7C8
:108D400002A800F033FE012621E0002384F844301D
:108D500029E0002384F845302BE02046FFF7E3FCB0
:108D600000F0BCFC09E02046FFF7DDFC00F0B6FC9B
:108D70002046FFF77EFC00283FD1FFF7EBF9A56BFB
:108D8000002DBBD1019B002BD6D0002ED8D0FFF7F1
:108D900003FA00F009FCFFF7DDF994F844305BB208
:108DA000B3F1FF3FD1D094F845305BB2B3F1FF3F50
:108DB000CFD0FFF7F1F901A902A800F003FE0028C7
:108DC000D1D12046FFF755FC0028C6D0019904F107
:108DD000240000F071FD2046FFF7A5FC00F07EFCAA
:108DE0000028CAD14FF0E0234FF08052C3F8042D81
:108DF000BFF34F8FBFF36F8FBFE7002089E770B5D8
:108E000084B0019158B10446036C8BB14FF050030C
:108E100083F31188BFF36F8FBFF34F8FFEE74FF0DF
:108E2000500383F31188BFF36F8FBFF34F8FFEE7BB
:108E300000F012FE054650B9019B5BB14FF05003A4
:108E400083F31188BFF36F8FBFF34F8FFEE70026C8
:108E5000354655E0064653E0013BA36323683BB12A
:108E600023694BB9FFF798F90126304604B070BD6D
:108E700000F0E6FEA060F3E704F1100000F050FD02
:108E80000028EFD04FF0E0234FF08052C3F8042DBC
:108E9000BFF34F8FBFF36F8FE4E746B14FF050033E
:108EA00083F31188BFF36F8FBFF34F8FFEE7FFF798
:108EB00073F9DAE702A800F079FD01252AE0002322
:108EC00084F8443032E0002384F8453034E0FFF782
:108ED00041F9A06800F0D0FD0646FFF75DF93BE0E0
:108EE0002046FFF720FC00F0F9FB09E02046FFF7E1
:108EF0001AFC00F0F3FB2046FFF7BBFB002842D131
:108F0000FFF728F9A36B002BA6D1019B002BC4D03F
:108F1000002DCFD0FFF740F900F046FBFFF71AF91C
:108F200094F844305BB2B3F1FF3FC8D094F84530B9
:108F30005BB2B3F1FF3FC6D0FFF72EF901A902A83B
:108F400000F040FD0028D1D12046FFF792FB002819
:108F5000C6D02368002BBAD0019904F1240000F098
:108F6000ABFC2046FFF7DFFB00F0B8FB0028C7D1C1
:108F70004FF0E0234FF08052C3F8042DBFF34F8F22
:108F8000BFF36F8FBCE70EB900266EE7FFF7E2F87C
:108F90002046FFF757FB0146A06800F001FEFFF7EF
:108FA000FBF8F1E72DE9F843B0B10D4690460446D1
:108FB000D9B1FFF7F5F9EFF311874FF0500383F3C1
:108FC0001188BFF36F8FBFF34F8FA66BCEB9002010
:108FD00087F31188BDE8F8834FF0500383F31188BD
:108FE000BFF36F8FBFF34F8FFEE7036C002BE0D012
:108FF0004FF0500383F31188BFF36F8FBFF34F8F90
:10900000FEE794F844904FFA89F929462046FFF785
:1090100078FB731EA363B9F1FF3F06D009F101038A
:109020005BB284F844300120D2E723690BB90120F8
:10903000CEE704F1100000F073FC30B1B8F1000F7E
:1090400005D00120C8F80000C2E70120C0E70120D8
:10905000BEE700000023072B0CD8074A52F8332044
:109060000AB10133F7E7044A42F8331002EBC302B6
:1090700050607047704700BFB44E00200023072B9C
:109080000FD8084A02EBC3025268824201D0013372
:10909000F5E7044A002142F8331002EBC3025160A5
:1090A00070477047B44E002038B110B50446FFF742
:1090B000E5FF94F846304BB110BD4FF0500383F3F9
:1090C0001188BFF36F8FBFF34F8FFEE72046FFF786
:1090D0007BFAF1E770B504460D461646FFF73AF8FD
:1090E00094F844305BB2B3F1FF3F0DD094F84530B3
:1090F0005BB2B3F1FF3F0BD0FFF74EF8A36B5BB150
:109100002046FFF710FB70BD002384F84430EDE7E4
:10911000002384F84530EFE73246294604F1240065
:1091200000F0E2FBECE70000084B1B681B6823B96A
:10913000074B4FF0FF321A607047044B1B68DB6827
:10914000DB685A68024B1A60704700BF644F00200A
:10915000FC4E00202DE9F04780460D461746994603
:10916000089EDDF824A00A9C9200A521206B03F044
:10917000E7FA236B07F18042013A03EB820727F0FD
:109180000707A5B34FF0000CBCF10F0F09D815F875
:109190000C3004EB0C0282F8343013B10CF1010CEA
:1091A000F2E7002384F84330372E00D93726E662F1
:1091B000E66400252565201DFEF729FF04F118004F
:1091C000FEF725FF2461C6F13806A6616462656575
:1091D00084F858504A4641463846FEF791FF2060D1
:1091E000BAF1000F01D0CAF80040BDE8F0870023B3
:1091F00084F83430D8E7000038B5002407E004EBE9
:10920000840293000E481844FEF7F6FE0134372C12
:10921000F5D90C4D2846FEF7EFFE0B4C2046FEF725
:10922000EBFE0A48FEF7E8FE0948FEF7E5FE0948AE
:10923000FEF7E2FE084B1D60084B1C6038BD00BF06
:10924000904F00207C4F0020684F00204C4F0020A2
:10925000384F0020204F0020644F0020604F002036
:1092600010B50446FEF776FF224A136801331360F7
:10927000214B1B685BB1214B1B686BB91E4B1B68F4
:10928000DA6AE36A9A4207D81B4B1C6004E01A4B67
:109290001C601368012B29D0194A1368013313602D
:1092A0006364E06A174B1B68984201D9154B18603C
:1092B00000EB8000211D144B03EB8000FEF7AAFE9B
:1092C000FEF76AFF0D4B1B687BB10B4B1B68DA6A1C
:1092D000E36A9A4209D24FF0E0234FF08052C3F87C
:1092E000042DBFF34F8FBFF36F8F10BDFFF784FFC7
:1092F000D2E700BF1C4F0020F0530020104F002089
:10930000004F0020144F0020904F002010B504465D
:1093100090F8593063B1012B11D0022B0ED04FF0D1
:10932000500383F31188BFF36F8FBFF34F8FFEE7B6
:10933000006BFFF749F92046FFF746F910BDFFF72C
:1093400043F9FBE70F4B1B68D3B110B5FEF702FFE3
:109350000D4BDB68DC68201DFEF780FE0B4A1368AE
:10936000013B1360074A1368013B1360FEF714FFCB
:109370002046FFF7CBFF034B1B68002BE6D110BD47
:10938000704700BF344F0020384F00201C4F002092
:1093900008B5FFF7D7FF074B1B68012BF9D94FF032
:1093A000E0234FF08052C3F8042DBFF34F8FBFF37B
:1093B0006F8FEEE7904F002070B504460D46174BB7
:1093C0001E68174B18680430FEF748FEB4F1FF3FE3
:1093D0000DD03444124B1B685C60A64210D9114B6F
:1093E00018680F4B19680431FEF71FFE70BD002D81
:1093F000EFD00B4B196804310B48FEF70BFEF5E775
:109400000A4B1868064B19680431FEF70EFE084B2C
:109410001B68A342EAD9064B1C60E7E7184F0020FF
:10942000F0530020604F0020204F0020644F0020A8
:10943000FC4E002030B587B00B9C7CB10C9DB5B1C3
:109440005C250495049D5C2D1AD04FF0500383F3E6
:109450001188BFF36F8FBFF34F8FFEE74FF05003BC
:1094600083F31188BFF36F8FBFF34F8FFEE74FF089
:10947000500383F31188BFF36F8FBFF34F8FFEE765
:10948000049D0C9D2C63022485F85940002403940C
:10949000029505AC01940A9C0094FFF75BFE0C98C2
:1094A000FFF7DEFE059807B030BD2DE9F04385B02B
:1094B0000746884614461E469000FFF703F808B397
:1094C00081465C20FEF7FEFF0546A8B1C0F830904B
:1094D000002380F85930039302900D9B01930C9B5D
:1094E00000933346224641463846FFF733FE28466E
:1094F000FFF7B6FE012007E04846FFF765F84FF09A
:10950000FF3001E04FF0FF3005B0BDE8F083000010
:1095100010B588B000240594069407AA06A905A8EA
:10952000FEF752FD059B0293069B01930094234690
:10953000079A17491748FFF77DFF174B1860C0B10E
:1095400000F0F8FB012815D14FF0500383F3118888
:10955000BFF36F8FBFF34F8F104B4FF0FF321A6086
:109560000F4B01221A600F4B00221A60FEF78CFE8F
:1095700003E00020B0F1FF3F01D008B010BD4FF074
:10958000500383F31188BFF36F8FBFF34F8FFEE754
:10959000E0E3000891930008F84E0020FC4E002004
:1095A000104F0020184F0020024A13680133136047
:1095B000704700BFF44E0020014B1868704700BF91
:1095C000184F0020F8B53A4B1B68002B69D1394B76
:1095D0001D6801351D60C5B9374B1B681B6843B159
:1095E0004FF0500383F31188BFF36F8FBFF34F8F9A
:1095F000FEE7314A1168314B186810601960304A33
:10960000136801331360FFF78FFD2E4B1B68AB42CD
:109610003DD900272C4B1B68DB6A03EB83039A00C0
:109620002A4B9B58012B00D90127294B1B68002B83
:109630003CD001273AE001271F4B1B681B6843B34E
:109640001D4B1B68DB68DC6863689D4226D3261DC2
:109650003046FEF703FDA36A1BB104F11800FEF7C4
:10966000FDFCE36A1B4A1268934201D9194A136050
:1096700003EB83039A00314614481044FEF7CAFCFA
:10968000E26A114B1B68DB6A9A42D4D2D4E7002706
:10969000D2E70C4B4FF0FF321A60BBE7094A136068
:1096A000B8E70D4A13680133136000273846F8BD48
:1096B000F44E0020184F0020644F0020604F00201F
:1096C000044F0020FC4E0020F0530020904F00205B
:1096D000084F0020144F00200C4F002038B5354BA8
:1096E0001B6843B94FF0500383F31188BFF36F8FAA
:1096F000BFF34F8FFEE7FEF72DFD2E4B1A68013AA0
:109700001A601B68002B4FD12B4B1B680BB9002430
:109710004BE00024294B1B681BB3284BDB68DC683B
:1097200004F11800FEF79AFC251D2846FEF796FC6A
:10973000E06A234B1B68984201D9214B186000EB6B
:10974000800029461F4B03EB8000FEF763FCE26AB2
:109750001D4B1B68DB6A9A42DCD31C4B01221A604A
:10976000D8E70CB1FFF7E0FC194B1C6884B9174B24
:109770001C68D4B14FF0E0234FF08052C3F8042DA1
:10978000BFF34F8FBFF36F8F01240EE0013C07D072
:10979000FFF718FF0028F9D00C4B01221A60F5E7FB
:1097A0000B4B00221A60E2E70024FEF7F5FC20468E
:1097B00038BD00BFF44E00201C4F00204C4F00204D
:1097C000144F0020904F0020F0530020084F00203D
:1097D0000C4F002010B5A8B10446104B1B6843B1D4
:1097E0004FF0500383F31188BFF36F8FBFF34F8F98
:1097F000FEE7FFF7D9FE00212046FFF7DDFDFFF76A
:109800006DFF48B94FF0E0234FF08052C3F8042DAC
:10981000BFF34F8FBFF36F8F10BD00BFF44E00201A
:10982000204B1B681BB1204B01221A6070471E4B56
:1098300000221A601D4B1B6803EB83018A001C4940
:109840008A585AB90BB1013BF6E74FF0500383F346
:109850001188BFF36F8FBFF34F8FFEE7084603EB0E
:1098600083018A00024451684968516003EB830C0C
:109870004FEA8C020832024491420BD003EB830280
:1098800091000B4A0A445268D1680A4A1160074A9B
:1098900013607047486862469100054A0A44506068
:1098A000ECE700BFF44E0020084F0020144F0020CA
:1098B000904F0020F053002058B110B50C46094AD3
:1098C00011681831FEF7B1FB01212046FFF774FD46
:1098D00010BD4FF0500383F31188BFF36F8FBFF3B8
:1098E0004F8FFEE7F053002038B570B10D46144697
:1098F0000A4A11681831FEF78DFB0CB14FF0FF35A5
:1099000021462846FFF758FD38BD4FF0500383F33A
:109910001188BFF36F8FBFF34F8FFEE7F053002026
:1099200038B5C368DC6824B304F118052846FEF78F
:1099300095FB184B1B682BBB251D2846FEF78EFB9D
:10994000E06A154B1B68984201D9134B186000EB75
:1099500080002946114B03EB8000FEF75BFBE26AB7
:109960000F4B1B68DB6A9A4211D901200D4B18601E
:1099700038BD4FF0500383F31188BFF36F8FBFF3EF
:109980004F8FFEE729460848FEF744FBE7E7002033
:10999000EEE700BFF44E0020144F0020904F00204F
:1099A000F0530020084F00204C4F0020034B1B6851
:1099B0000360034B1B684360704700BF044F0020E7
:1099C000184F0020E0B170B50C46054609B3FEF70C
:1099D000C1FB1C4B19686B68C81A2268B2F1FF3FC3
:1099E00028D0DFF864C0DCF800C02E68664501D0DE
:1099F0008B4224D9824215D80023236001241AE027
:109A00004FF0500383F31188BFF36F8FBFF34F8F75
:109A1000FEE74FF0500383F31188BFF36F8FBFF35E
:109A20004F8FFEE75B1A134423602846FFF7BEFF03
:109A3000002400E00024FEF7AFFB204670BD0124A7
:109A4000F9E700BF184F0020044F0020014B01220E
:109A50001A607047084F0020054B1B6833B1054B57
:109A60001B680BB10020704702207047012070472F
:109A7000104F0020F44E002000283ED038B5044698
:109A8000C36A204A1268D26A93422ED28269002A9F
:109A900005DB1C4A1268D26AC2F138028261616930
:109AA00003EB8303184A02EB8303994205D0154B5D
:109AB0001B68DB6AE362012038BD251D2846FEF7DE
:109AC000CDFA104B1B68D86AE062104B1B689842B5
:109AD00001D90E4B186000EB800029460A4B03EBBE
:109AE0008000FEF797FA0120E6E7C26C054B1B6881
:109AF000DB6A9A4203D30020DEE700207047012092
:109B0000DAE700BFF0530020904F0020144F0020F0
:109B100000283BD038B504461E4B1B68834208D052
:109B20004FF0500383F31188BFF36F8FBFF34F8F54
:109B3000FEE7036D43B94FF0500383F31188BFF381
:109B40006F8FBFF34F8FFEE7013B0365C16AC26CA5
:109B500091421DD00BB1002038BD051D2846FEF7EF
:109B60007DFAE06CE062C0F13803A3610A4B1B6828
:109B7000984201D9084B186000EB80002946074B3A
:109B800003EB8000FEF746FA0120E5E7002070476E
:109B90000020E1E7F0530020144F0020904F0020F8
:109BA000002846D038B50446036D43B94FF0500342
:109BB00083F31188BFF36F8FBFF34F8FFEE7C26C43
:109BC0008A4200D20A46E16A914201D0012B00D0BC
:109BD00038BD184B1B68A34222D0E262A369002B58
:109BE00002DBC2F13802A261626901EB8101124B12
:109BF00003EB81039A42EBD1251D2846FEF72EFA8E
:109C0000E06A0E4B1B68984201D90C4B186000EBC0
:109C100080002946084B03EB8000FEF7FBF9D7E7ED
:109C20004FF0500383F31188BFF36F8FBFF34F8F53
:109C3000FEE77047F0530020904F0020144F0020A3
:109C4000054B1B6823B1044B1A68136D0133136570
:109C5000014B1868704700BFF0530020064B1A688C
:109C600013682BB90123036023B9D36818687047C0
:109C70000023F8E700207047F454002008B5416045
:109C8000006191420CD8D21A83699A4201D3012013
:109C900008BD011D094B1868FEF7C7F90020F7E75A
:109CA0009A4201D2994206D2011D054B1868FEF76F
:109CB000BCF90020ECE70120EAE700BFF0540020E7
:109CC000F454002030B583B0FEF744FA114B1B6802
:109CD0001BB1FEF761FA03B030BD0F4D2846FEF709
:109CE0008BF90E4C2046FEF787F90D4B1D600D4B8E
:109CF0001C60002300930C4B0C4A10210A20FEF735
:109D00009CFD044B18600028E3D00949FFF7A2F935
:109D1000DFE700BFEC5400200C550020F854002071
:109D2000F4540020F0540020F45300204454002048
:109D3000E8E3000810B588B0FFF7C4FF124B1B68BA
:109D4000CBB100240594069407AA06A905A8FEF73E
:109D500047F9059B0293069B019302230093234638
:109D6000079A0A490A48FFF765FB0A4B186010B1C9
:109D7000012008B010BD4FF0500383F31188BFF3EA
:109D80006F8FBFF34F8FFEE7EC540020F0E3000825
:109D900099A00008E8540020B8B19C460346184832
:109DA000006858B300B585B000910192029305296F
:109DB0001CDCFFF751FE022810D000231A4669462A
:109DC0000F480068FEF7E8FD15E04FF0500383F3FD
:109DD0001188BFF36F8FBFF34F8FFEE70023069A02
:109DE000694607480068FEF7D7FD04E00023624695
:109DF0006946FEF795FE05B05DF804FB002070474C
:109E0000EC54002070B582B01B4B1B681A6862B31B
:109E1000DB681E68DC68251D2846FEF71FF9236AEB
:109E20002046984794F8283013F0040FECD0A3692B
:109E300033449E4207D26360246129460E4B186862
:109E4000FEF7F3F8E0E7002100910B46324620468A
:109E5000FFF7A2FF0028D7D14FF0500383F31188FA
:109E6000BFF36F8FBFF34F8FFEE7044A10680249BC
:109E70000860136002B070BDF4540020F05400205C
:109E800038B50546FFF798FB0446074B1B6883422D
:109E900005D800232B60044B1C60204638BDFFF71B
:109EA000B1FF01232B60F6E7E454002070B582B0C7
:109EB00006460D4617490968C968CC68201DFEF79B
:109EC000CDF894F828C01CF0040F08D12CF0010C38
:109ED00084F828C0236A2046984702B070BDA16963
:109EE00033462A4631442046FFF7C8FE0028F1D009
:109EF000002100910B4632462046FFF74DFF002817
:109F0000E8D14FF0500383F31188BFF36F8FBFF395
:109F10004F8FFEE7F454002070B582B006460C4621
:109F2000FFF742FB01A8FFF7ABFF019B33BB0546E0
:109F3000E4B9B04213D22246711B124B1868FFF7E6
:109F4000C9F8FFF7CBFBD8B94FF0E0234FF08052B0
:109F5000C3F8042DBFF34F8FBFF36F8F10E0FFF7EF
:109F6000BDFB29463046FFF7A1FF09E0064A12680B
:109F700012680AB90124DEE71C46DCE7FFF7AEFBF6
:109F800002B070BDEC540020F054002010B588B031
:109F900002E0049B002B0FDA002204A93D4B186855
:109FA000FEF77EFE002872D0049B002BF1DA0799A1
:109FB0000698059B9847ECE7069C636913B1201D42
:109FC000FEF74CF803A8FFF75BFF0246049B092B42
:109FD000E2D8DFE803F00505052F364E05052F36DC
:109FE00094F8283043F0010384F82830059BA169D8
:109FF00019442046FFF742FE0028CDD0236A2046B0
:10A00000984794F8283013F0040FC5D0A2690021B6
:10A0100000910B46059802442046FFF7BDFE00283C
:10A02000BAD14FF0500383F31188BFF36F8FBFF3A2
:10A030004F8FFEE794F8283023F0010384F828308E
:10A04000AAE794F8283043F0010384F828300599F2
:10A05000A16129B1034601442046FFF70FFE9BE7AB
:10A060004FF0500383F31188BFF36F8FBFF34F8F0F
:10A07000FEE794F8283013F0020F04D023F0010318
:10A0800084F8283088E72046FEF79EFA84E708B077
:10A0900010BD00BFEC54002000B583B001A8FFF74D
:10A0A000DDFD0199FFF738FFFFF770FFF6E70000CD
:10A0B000DFF834D0FBF7DEF80C480D490D4A0023D9
:10A0C00002E0D458C4500433C4188C42F9D30A4A6D
:10A0D0000A4C002301E013600432A242FBD302F0D9
:10A0E00097FBFAF787FE704700000320000000206E
:10A0F00050030020ECEB0008500300206C560020B9
:10A10000FEE700002DE9F8438046894614461D46C7
:10A1100000F072F9224606460F46404649462B4655
:10A12000F6F79CFC30B92046294600220023F6F7BA
:10A1300063FC18B930463946BDE8F88302F062FB8B
:10A14000002200232121016010461946F6F716FB74
:10A1500006460F4630463946BDE8F88310B52DED6A
:10A16000028B08EE100A00F0E3FBB4EE488AF1EE31
:10A1700010FA04460CD618EE100A00F051F807EE5B
:10A18000100AF7EE007AB4EEE77AF1EE10FA03DC8B
:10A19000BDEC028B204610BD02F034FBBDEC028BFF
:10A1A00003462122BDE8104001481A6000F0BEB805
:10A1B000D4E30008194920F000428A421CD9B2F1C8
:10A1C000FF4F06D307EE900A77EEE77A17EE900A74
:10A1D000704700B583B0694600F0CEFC00F0030282
:10A1E000012A009801990FD0022A08D08AB900F0FC
:10A1F000C9FA03B05DF804FB002100F0C3BA00F017
:10A20000C1FA80F00040F4E700F044FB80F0004029
:10A21000EFE7012200F03EFBEBE700BFD80F493F1C
:10A2200020F00040704700BF1A4920F000428A42E7
:10A230001DD9B2F1FF4F06D307EE900A77EEE77A09
:10A2400017EE900A704700B583B0694600F094FCA1
:10A2500000F00303012B0098019912D0022B0AD0C1
:10A2600093B9012200F016FB03B05DF804FB002156
:10A27000002200F00FBB012200F00CFB80F0004038
:10A28000F2E700F07FFAEFE700F07CFA80F00040A0
:10A29000EAE700BFD80F493FF8B514461D46064609
:10A2A0000F4600F017F810B920462946F8BD2046A1
:10A2B000294600F00FF838B122462B463046394681
:10A2C000F6F7C2FB0028EFD034463D46204629462B
:10A2D000F8BD00BF0B46002B0BD0B3F1004F08D0E8
:10A2E000104923F00042A2F5801C8C4506D80420BA
:10A2F000704700280CBF022003207047B3F5801F71
:10A300000DD303F10043B3F5801F08D3064B9A42E7
:10A3100001D000207047B0FA80F040097047032058
:10A32000704700BFFFFFDF7F0000F07F00487047ED
:10A330000000C07F10B52DED028B0C4608EE100A10
:10A3400000F040F818B9BDEC028B204610BD204645
:10A3500000F038F860B107EE904AB4EEE78AF1EE0B
:10A3600010FAC8BF18EE104ABDEC028B204610BD93
:10A3700018EE104ABDEC028B204610BD10B52DED35
:10A38000028B0C4608EE100A00F01CF818B9BDEC60
:10A39000028B204610BD204600F014F860B107EE95
:10A3A000904AB4EEE78AF1EE10FA48BF18EE104A70
:10A3B000BDEC028B204610BD18EE104ABDEC028B9E
:10A3C000204610BD30F000400ED0A0F50003B3F1E0
:10A3D000FE4F0DD3074B421E9A4207D9A0F1FF4012
:10A3E000B0FA80F0400970470220704703207047A0
:10A3F00004207047FEFF7F002DE9F04123F0004765
:10A4000052EA070451D0BB4C21F00048A0458C46CD
:10A410004BD85442B84E144347EAD474B44215465C
:10A4200043D8B8459E46024601F0004445DC42DB75
:10A43000854240D800F0FB8031424ED1B8F1000F88
:10A440003DD10028034640F34A81AC495B00002B14
:10A4500001F1FF31FADCA84B0EEA0303002B40F0B8
:10A46000C080002F40F0EA80002D2B4600F39E8034
:10A47000A348401A1F2800F36B8101F21E4322FA01
:10A4800003F308FA00F89D4E43EA080382404FF0B8
:10A49000150E06F21E4007FA0EFC25FA00F005FA2A
:10A4A0000EF5571B40EA0C0E2CE0F6F73DF802467D
:10A4B0000B46F6F763F9BDE8F08131420DD19049C2
:10A4C0004FEAC8235B00002B01F1FF31C3DD5B00C5
:10A4D000002B01F1FF31F5DCBDE7874B4FEA285037
:10A4E0000EEA0303A0F2FF31002B59D03F15CCF345
:10A4F0001303CEF3130EA7F2FF3643F480134EF48A
:10A50000801E571B881B411E60B926E001381CD4F1
:10A51000A2EB050C4FEADC73013903EB40034FEA71
:10A520004C0219D3AA42A3EB0E00EFD30028A2EBF2
:10A53000050C0ADB50EA0C03ECD1724BE40F03EB81
:10A54000C403D3E90001BDE8F081D00F013900EB6D
:10A5500043034FEA4202E5D2571BA3EB0E00AA4287
:10A5600038BF00F1FF300028BCBF1746184650EA3C
:10A57000070305D1E1E7FB0F03EB40007F00013E3D
:10A58000B0F5801FF7DB5E4B9E423EDBA0F58010EE
:10A5900040EA040306F2FF3643EA065138468AE7EA
:10A5A000002F4BD1002D2B4640F3B080534E5B0063
:10A5B000002B06F1FF36FADC5148814246DBA0EB66
:10A5C000060ECCF31303BEF11F0F43F480137FF785
:10A5D00060AF4D48801B891B05FA00FE013900253C
:10A5E000A0E74748401A4FEA275C1F28ACF2FF3625
:10A5F0004EDD454BCEF3130E5B1A891B02FA03F3B3
:10A600004EF4801E013900228CE7A3EB060CBCF14E
:10A61000140F4DDC06F21E4300FA03F327FA0CF781
:10A6200040FA0CF03B4304432146184643E7354BC0
:10A6300003EB1473D3E900013DE73049304EFB02D0
:10A640005B00002B06F1FF36FADCB5E7A0EB010C4E
:10A65000BCF11F0F0FDCA0EB060E01F21E4322FA25
:10A6600003F308FA0CF8BEF11F0F43EA080302FADD
:10A670000CF2AEDC0DE7A0EB060C2348BCF11F0F7B
:10A68000A0EB0103E64602FA03F31CDC002200E71C
:10A6900001F21E4322FA03F308FA00F843EA080322
:10A6A0008240CEF3130E891B4EF4801E013939E728
:10A6B000BCF11F0F0EDC06F21E4327FA0CF700FA5E
:10A6C00003F33B43B0E7801B891B05FA00FE28D04B
:10A6D000002283E70C4B9B1B40FA03F3A4E7064BD5
:10A6E0000EEA03034BB33F150449A7F2FF36C30A32
:10A6F0004205D6E7FFFFEF7F0000F07FEDFBFFFF95
:10A7000002FCFFFF80E40008E2FBFFFFCCF3130331
:10A710004FEAD52E194E43F4801300F113016D0555
:10A7200000E7A3EB0E0000281EDB3FF406AFB0F5F8
:10A73000801F0F46FFF61FAF69E7002F7FF47DAF44
:10A74000002D0E492B46D8BF15203FF72FAF94E6BA
:10A750000B4B0A4E5B1A02FA03F34FEAD52E01F2B5
:10A7600012413A466D05DDE6002B3FF4E6AEB3F547
:10A77000801F18460F46FFF6FEAE48E7EDFBFFFFD1
:10A78000E2FBFFFF20F00043B3F1485F06EE900AC2
:10A7900007EE901A2ED2BDEEE67A17EE103A002B95
:10A7A00064D026EEA67A9FED336A9FED334ADFED43
:10A7B000334A9FED335ADFED335AA7EE064A9FED39
:10A7C000326AE7EE044AA7EE245AA7EE056AE7EEDE
:10A7D000065A67EE255A67EEE67AB6EE006AE7EEAD
:10A7E000257AF7EE006AD7EE067A76EEE77A17EE6C
:10A7F000900A704726EEA67A9FED1E6A9FED1E4ACC
:10A80000DFED1E4A9FED1E5ADFED1E5A1F4AA7EECE
:10A81000064A93429FED1C6AE4EE074AA4EE875A6B
:10A82000A5EE076AE6EE075A65EE875AD3D9184AAD
:10A83000934216D803F17F4306EE103AB7EE005A62
:10A8400035EE465A67EEE67AF6EE006AE7EE257ACE
:10A8500097EE266A36EE676A75EE467A17EE900A2C
:10A860007047B6EE075AB5EE026AEBE74FF07E503E
:10A87000704700BF4ED747ADF6740F317CF293B4EA
:10A88000010DD037ABAA2A3D610BB6BA9999993E12
:10A890000000483F20F00043B3F1485F07EE900A04
:10A8A00006EE901A04D2BDEEE77A17EE103A83B3A3
:10A8B00027EEA77A9FED176ADFED174A9FED175A2B
:10A8C000DFED175AE7EE064A9FED166AA4EE875AA7
:10A8D00027EE874AE5EE075AA5EE876A42B9DFED13
:10A8E000126AE7EE066AE6EE847A17EE900A70477F
:10A8F00026EE446AF6EE005AA6EEA56ADFED0B5A84
:10A90000D6EE076AE4EE256A77EEE67A17EE900A4D
:10A9100070477047D3C92E2F342FD7B21BEF38366C
:10A92000010D50B98988083CABAA2ABEABAA2A3EC1
:10A9300008B520F00043B3F17E5F2DED028B15D0FA
:10A9400007EE900A09D8B3F17C5F16D2B3F10C5F21
:10A9500066D8BDEC028B784808BD77EEE77AC7EE83
:10A96000A77A17EE900ABDEC028B08BD002840F3D1
:10A97000DF80BDEC028B002008BD0028C0F28F8074
:10A98000F7EE008A78EEE77AB6EE007A27EE878A4D
:10A9900018EE100A00F028FADFED687A9FED687A69
:10A9A000DFED686A9FED686ADFED685AA8EE277AE6
:10A9B00003466FF30B03DFED667AE7EE086AE8EE15
:10A9C000067AE6EE885A9FED637A9FED636ADFEDC3
:10A9D000636AA7EE887AA5EE886ADFED617AE7EE12
:10A9E000087AE6EE086A06EE103AB0EE485AE7EE4C
:10A9F000888A07EE100AA6EE465A77EE065A66EEE9
:10AA0000886AC5EE257AC6EEA85ABDEC028BE7EE41
:10AA1000257A76EE277A77EEA77A17EE900A08BDA8
:10AA200027EEA77ADFED456A9FED456A9FED455A0F
:10AA3000DFED454ADFED455AA7EE266ABDEC028BF5
:10AA4000A6EE075ADFED426A9FED426AE7EE246AFE
:10AA5000E5EE075AA6EE876ADFED3F4A9FED405AC2
:10AA6000DFED3E6AE5EE874AA6EE075AE4EE876A16
:10AA7000F7EE005AE5EE075A26EE877A9FED396A1F
:10AA80009FED395AC7EE256AB0EE467AA7EEE67A10
:10AA900077EEC77A75EE677A17EE900A08BDB7EEC3
:10AAA000007A77EE877AF6EE006A67EEA67A9FED77
:10AAB000246ADFED226ADFED234ADFED235A9FEDA2
:10AAC000235A9FED268AA7EEA66ADFED216AE6EEFD
:10AAD000274AE7EEA56ADFED1F5A9FED1F6AA4EE35
:10AAE000A75AE6EEA75ADFED1E6AA5EE276AE5EE45
:10AAF000A76AA6EE278AA6EEA77A28EE278AF0EEA6
:10AB0000478A17EE900A00F06FF9C8EE285A06EE51
:10AB1000900A9FED167ADFED167AA6EEA57AB0EED2
:10AB2000006A37EE267AE7EE467A17EE900A1AE7C1
:10AB3000BDEC028B0F4808BDDB0FC93F08EF113891
:10AB4000047F4F3A461124BD2EC69D3DA80A4E3EB5
:10AB5000613330BF2D57014090B0A6BEABAA2A3E4C
:10AB600039D119C06821A233DA0FC93F6821A2B3D5
:10AB7000DA0F4940DB0F494070B58D4A20F00044A0
:10AB8000944286B00D4671D98A4A9442064624D82A
:10AB900020F000420028DFED887A884907EE100A8D
:10ABA00022F00F0240F3EB808A4277EE677A09BF0A
:10ABB0009FED837ADFED836ADFED836A77EEC77AF4
:10ABC000012037EEE67A77EEC77A85ED007A77EEE8
:10ABD000E67AC5ED017A06B070BD7C4A944254D93C
:10ABE000B4F1FF4F48D2E215863AA4EBC25307EE08
:10ABF000903ABDEEE77ADFED766AB8EEC77A77EE87
:10AC0000C77A8DED037A67EEA67ABDEEE77AB8EEE5
:10AC1000C77A77EEC77A8DED047A67EEA67AF5EEFD
:10AC2000407AF1EE10FACDED057A40F09380B5EE62
:10AC3000407AF1EE10FA40F08F80012365490191CE
:10AC40000221009103A8294600F0D6F8002EC2DAAE
:10AC500095ED007AD5ED017AB1EE477AF1EE677A9B
:10AC600085ED007AC5ED017A4042B4E70022286004
:10AC70004A60002006B070BD07EE900A77EEE77AD2
:10AC8000C1ED017AC1ED007AF3E7FFF7C9FADFED14
:10AC9000526ADFED495A07EE100AF6EE007AE7EE47
:10ACA000267ADFED486AFDEEE77AB8EEE76A17EE3E
:10ACB000900AF0EE477AE6EE657A1F2826EE267AAD
:10ACC000F1EE465A77EEC76A1EDC444A411E26F072
:10ACD000004352F8212023F0FF03934214D0C5ED26
:10ACE000006A77EEE67A002E77EEC77AC5ED017A34
:10ACF000BFF671AFF1EE666AF1EE677AC5ED006AF4
:10AD0000C5ED017A404266E716EE903AC3F3C753A9
:10AD1000C3EBD453082B4FEAE452E0DDDFED286AA1
:10AD2000DFED294AB0EE675AA5EEA65A37EEC57A8E
:10AD3000A5EEA67A96EE247A75EE476A16EE903A5C
:10AD4000C3F3C753D21A192A08DCF0EE457AC5EDD1
:10AD5000006AC6E7032371E702236FE7DFED206A8D
:10AD6000DFED204AF0EE457AE5EEA67A35EE677A19
:10AD7000A5EEA67A96EE247A77EEC76AAFE78A4206
:10AD800077EE277A09BF9FED0E7ADFED0E6ADFEDD1
:10AD90000E6A77EE877A4FF0FF3037EEA67A77EEBD
:10ADA000C77A85ED007A77EEA67AC5ED017A12E7CB
:10ADB000D80F493FE3CB1640800FC93FD00FC93FA2
:10ADC000004435374344353708A3852E800F494367
:10ADD0000000804310E5000884F9223F90E4000859
:10ADE00000A3852E32318D2407EE900AF1EEE77A2A
:10ADF00017EE900A704700BF2DE9F04F2DED048B40
:10AE0000DBB01C4694460393689ABB4B05911CF13A
:10AE1000040F53F82270824604F1FF39C0F25A82BF
:10AE2000BCF1030348BF0CF10403DB1002930133B0
:10AE30004FEAC30EACEB0E030693029B17EB09011E
:10AE4000A3EB090316D401319FEDAC7A699819443C
:10AE50001EAA002BA4BF50F8234007EE904A03F12E
:10AE60000103ACBFF8EEE77AF0EE477A8B42E2ECF2
:10AE7000017AEED1002FC0F2EB8203991EA800EBFD
:10AE800081008A007E18002346AD4C460AEB810102
:10AE9000B9F1000F80F2CE800134B44245F8043B92
:10AEA00000F10400F4D10DF1280B0BEB8703043BF8
:10AEB000CDE907EC04930BEB87083B4600979FED29
:10AEC000919ADFED8F8A069F0AEB020446AE0DEBE6
:10AED0008302002BD2ED466A4FEA830515DD721915
:10AEE000594666EE897AB0EE667AFDEEE77A32ED83
:10AEF000016AF8EEE77AB242A7EEE87A77EE866A60
:10AF0000BDEEC77AA1EC017AEBD116EE900A394674
:10AF1000019300F0BFFA08EE100AF4EE007A68EE32
:10AF2000277A17EE900A00F02DFB07EE100AF2EEDA
:10AF3000007AA7EE678A002F019BFDEEC89AF8EE13
:10AF4000E97A38EE678A40F38280581EC7F108011B
:10AF50005BF820E04EFA01FC0CFA01F1AEEB010EB9
:10AF6000C7F1070219EE901A4EFA02F26144002A64
:10AF700009EE901A4BF820E000F3AC80B5EE408A61
:10AF8000F1EE10FA74D100998B420ADD5D44002184
:10AF900055F8040D454541EA0001F9D1002940F07A
:10AFA0000481009A013A03F1010E5BF822207546F4
:10AFB000002A40F0F880049A012052F8041D013064
:10AFC0000029FAD01844039A1344029A02EB0E0C9B
:10AFD0000CF1804C699A0CF1FF3C1EA902EB8C0C21
:10AFE00006EB8E0E01EB8301DCED017AF8EEE77AD9
:10AFF000B9F1000F0CF1040CE1EC017ADFED3F7ABE
:10B0000009DB0A465346F3EC016A32ED017AA342AA
:10B01000E6EE877AF7D101358542EEEC017AE3DD81
:10B02000034654E70134B442E5EC017A00F1040030
:10B030003FF439AFDFED317A80465346F3EC016AD5
:10B0400038ED017A8B42E6EE877AF7D1EAE700F035
:10B050009380F6EE007AB4EEE78AF1EE10FA80F211
:10B060002881B5EE408AF1EE10FA4FF000028AD046
:10B07000DDE907EC18EE100AAEEB0C01009F01931E
:10B08000009200F007FADFED1E6A07EE900AF4EE78
:10B09000E67AF1EE10FADDE90023C0F29E819FED21
:10B0A000197A069927EE877A0831BDEEC77A06919C
:10B0B000B8EEC77A5C1CE7EE667ABDEEC77AFDEEA5
:10B0C000E77A17EE901A4BF8231017EE103A4BF868
:10B0D000243080E00131002B09EE901A40F3A18169
:10B0E00058464FF0000E50F8041B00293ED0C1F521
:10B0F000807140F8041C0CE054E8000800000000D7
:10B10000000080430000803B0168C1F1FF0140F86E
:10B11000041B0EF1010E7345F6DC01218E46002F53
:10B120000BDD012F00F0BD80022F06D1581E5BF809
:10B13000201001F03F0C4BF820C0022A7FF41EAF14
:10B14000F7EE007A714637EEC88A00293FF416AF51
:10B1500017EE900A39460992019300F09BF907EE29
:10B16000900A019B099A38EE678A07E70EF1010EF3
:10B170007345B8DC8E46D2E75A1E5BF82220D21106
:10B18000002A7FF7FBAE19EE901A002B01F10101A6
:10B1900009EE901AA4DC022A7FF4F0AEF7EE007AF2
:10B1A00037EEC88AEAE670460DE70699009F5C1EF6
:10B1B000A1F108005BF82410069061B903F1804307
:10B1C000013B0BEB8303014653F8040D013C0839A6
:10B1D0000028F9D00691069900924FF07E5000F0B9
:10B1E00059F9002C07EE100A009AC0F22481601C65
:10B1F00046AD5FED3C6A81000BEB800305EB800000
:10B2000073ED017AF8EEE77A5B4567EE877A27EE11
:10B21000267A60ED017AF3D10DF1C8080E1F2E4495
:10B22000C646A4460025002F7DDBDFF86492DFEDE3
:10B23000977A3046002307E0F9EC016AB0EC017A16
:10B240009F42E6EE877A03DB9D4203F10103F3DAC6
:10B250000CF1FF3CBCF1FF3FEEEC017A05F101057A
:10B26000A6F10406E1D1689B022B6ADC002B36DCD8
:10B270000ED1DFED867A414431ED017A884577EED3
:10B28000877AF9D1002A40F0C980059BC3ED007A86
:10B2900019EE903A03F007005BB0BDEC048BBDE8FB
:10B2A000F08F581E5BF8201001F07F0C4BF820C087
:10B2B00043E719EE902A002B02F1010209EE902AD1
:10B2C000C8BF02223FF70CAFF7EE007A37EEC88A0C
:10B2D000022253E600234FF0080E0293AAE5DDEDAB
:10B2E000327A9FED6A7A414471ED016A884537EE02
:10B2F000267AF9D1002A40F08680059B77EEC77A3E
:10B3000083ED007A5CB133A90123B1EC017A0133FA
:10B310009C4277EE877AF8DA0AB1F1EE677A059BFC
:10B32000C3ED017AB4E70CF1FF3C0023BCF1FF3F11
:10B330004EF8043B05F10105A6F104067FF473AF56
:10B3400091E7689B032BA3D1002C00F0908008EBC1
:10B35000840595ED007AA0002B46294671ED017A0F
:10B36000F0EE476A37EE277A884577EEC77A81EDA7
:10B37000007A77EEA67AC1ED017AEFD1012C76D072
:10B3800095ED007A08F1040173ED017AF0EE476A59
:10B3900037EE277A994277EEC77A83ED007A77EE17
:10B3A000A67AC3ED017AEFD1031DDFED387A43446D
:10B3B00008F1080833ED017A984577EE877AF9D1DC
:10B3C000DDED326A9DED337A7AB9059BC3ED006AF3
:10B3D00083ED017AC3ED027A5AE7FDEEE77A1C4667
:10B3E00017EE901A4BF82310F5E6059BF1EE666A0E
:10B3F000B1EE477AF1EE677AC3ED006A83ED017A28
:10B40000C3ED027A44E7059BF1EE476A77EEC77A0F
:10B41000C3ED006A002C7FF476AF7EE7F1EE677A29
:10B4200033E7012F17D0022F7FF4B5AE0EF03F01A6
:10B430004BF82010AFE6689B022B14DC002B19DCC4
:10B440007FF426AFDFED117A002A3FF41EAFE5E767
:10B45000039B9A0027E50EF07F01022A4BF820108B
:10B460007FF48CAD9AE6689B032B7FF411AFDFED80
:10B47000077AA5E7DDED327A22B1059A4FF0004355
:10B4800013604AE7059A0023136048E700000000B4
:10B4900028E8000830F00042034641D0B2F1FF4FE7
:10B4A0003FD210F0FF4F20D107EE100ADFED2E7AC9
:10B4B0002E4B67EE277A994217EE900A38DB4CF252
:10B4C000503CC0F3C75261450346A2F1190212DD98
:10B4D00000289FED277ADFED267AB8BF9FED257A09
:10B4E00067EE277A17EE900A70474CF2503C6145A0
:10B4F0004FEAD252ECDC0A44FE2AE9DC002A20DCC6
:10B5000012F1160F22DB193223F0FF4343EAC25334
:10B51000DFED197A07EE103A67EE277A17EE900AF8
:10B52000704707EE900A77EEA77A17EE900A7047F9
:10B5300007EE100ADFED117A67EE277A17EE900A10
:10B54000704723F0FF4343EAC250704700289FED45
:10B550000B7ADFED0A7AB8BF9FED097A67EE277A9A
:10B5600017EE900A704700BF0000004CB03CFFFF90
:10B57000CAF24971CAF249F1000000336042A20DDB
:10B580006042A28DC0F3C7537F3B162B07EE900A93
:10B5900020F0004118DC002B1EDB1A49194108423B
:10B5A00023D09FED197A37EE877AB5EEC07AF1EEA7
:10B5B00010FA1ADD002804DA4FF4000242FA03F30D
:10B5C000184420EA01007047B1F1FF4F0DD377EE28
:10B5D000A77A17EE900A70479FED0B7A37EE877ABD
:10B5E000B5EEC07AF1EE10FA02DC17EE900A704761
:10B5F000002801DB0020704711B94FF00040704770
:10B6000002487047FFFF7F00CAF24971000080BF07
:10B610002DE9F047089D0F4604468C46002B48D183
:10B620008A42164661D9B2FA82F34BB1C3F12002C5
:10B6300001FA03FC20FA02F29E4042EA0C0C9C4004
:10B640004FEA164EB7B2BCFBFEF1220C0EFB11CC3A
:10B6500042EA0C4201FB07F0904209D9B21801F10D
:10B66000FF3C80F0EE80904240F2EB8002393244A1
:10B67000121AA4B2B2FBFEF00EFB102244EA0244FE
:10B6800000FB07F7A74209D9341900F1FF3280F017
:10B69000DA80A74240F2D7803444023840EA0140C1
:10B6A000E41B00211DB1DC400023C5E90043BDE8D7
:10B6B000F0878B4206D90DB1C5E90001002108468B
:10B6C000BDE8F087B3FA83F1002948D1BB4202D329
:10B6D000824200F20781841A67EB0302012094463C
:10B6E000002DE4D0C5E9004CE1E7002A00F092808B
:10B6F000B2FA82F3002B40F0A8808A1A4FEA164E65
:10B700001FFA86FC0121200CB2FBFEF70EFB17226C
:10B7100040EA02420CFB07F0904207D9B21807F149
:10B72000FF3802D2904200F2E2804746121AA4B2D9
:10B73000B2FBFEF00EFB102244EA02440CFB00FCBC
:10B74000A44507D9341900F1FF3202D2A44500F212
:10B75000CB801046A4EB0C0440EA0740A2E7C1F1FD
:10B7600020068B4022FA06FC4CEA030C07FA01F48F
:10B7700020FA06F3F7404FEA1C49234300FA01F888
:10B780001FFA8CFEB7FBF9F01C0C09FB107744EA9A
:10B79000074400FB0EF7A74202FA01F20AD91CEB9C
:10B7A000040400F1FF3A80F09B80A74240F29880A9
:10B7B00002386444E41B9FB2B4FBF9F309FB134461
:10B7C00047EA044403FB0EFEA64509D91CEB04041A
:10B7D00003F1FF3780F08280A6457FD9023B6444A5
:10B7E00043EA0040A4EB0E04A0FB02E7BC42734610
:10B7F000B94663D360D05DB1B8EB030264EB0904D2
:10B8000004FA06F622FA01F31E43CC40C5E90064AF
:10B8100000214CE76208480842EAC1710B0C43EA78
:10B8200000438AB242EA0342B3FBF6F1E407B446AE
:10B830003746B6461F23B0FBF6F0D21B41EA004163
:10B8400061E7614614E7104628E7C3F1200120FABA
:10B8500001F29E4027FA01F19F403A434FEA164E0B
:10B860001FFA86FCB1FBFEF70EFB1710110C41EA24
:10B87000004107FB0CF8884504FA03F43AD9711823
:10B8800007F1FF3001D288451FD8A1EB0801B1FBB9
:10B89000FEF808FB0CF70EFB181192B242EA0142C7
:10B8A000BA422FD2B21808F1FF31C6D2BA42C4D27E
:10B8B000A8F102013244C0E7F0459CD2BEEB02037E
:10B8C00067EB0C070138B94695E7A6EB0808414439
:10B8D000B81EB1FBFEF808FB0CF7DCE73B467FE740
:10B8E000504667E70846FBE63444023832E7023F39
:10B8F00032441BE7A1EB08013846B1FBFEF808FB18
:10B900000CF7C8E7414698E7024B0146186800F07B
:10B9100025B800BF9401002070B50F4E0C46316869
:10B92000054611B900F04CFF30602146284600F072
:10B9300047FF431C03D14FF0FF34204670BDC41CA9
:10B9400024F00304A042F8D0211A284600F038FF62
:10B950000130F2D1EFE700BF205500202DE9F84378
:10B96000CD1C25F0030508350C2D38BF0C25002D06
:10B97000064601DBA94204D90C2333600020BDE850
:10B98000F883DFF8D48000F069F8D8F800301C465E
:10B9900044BB29463046FFF7BFFF431C044658D13D
:10B9A000D8F800402746002F43D1002C4BD0236805
:10B9B0003946304604EB030900F002FF814542D1CD
:10B9C00021686D1A29463046FFF7A6FF01303AD0AC
:10B9D00023682B442360D8F800305A6862BBC8F84B
:10B9E00000700FE02268521B20D40B2A17D961196E
:10B9F000A342256018BF5960636808BFC8F80010EB
:10BA000062514B60304600F02FF804F10B00231D0B
:10BA100020F00700C21A1CBF1B1AA350AFE76268D0
:10BA2000A3420CBFC8F800205A60EBE723466468C5
:10BA3000AEE73C467F68B6E71A465B68A342FBD197
:10BA400000235360DEE70C233360304600F00CF82F
:10BA500094E70560D6E700BF24550020014800F0B8
:10BA6000FCBE00BF68560020014800F0F7BE00BFD2
:10BA7000685600202DE9F04788B0002B1D4614467B
:10BA8000BCBF03F100431446129A109EDDF84CA08F
:10BA9000B6BF1D4600232D231370149B23F02008EE
:10BAA000B8F1460F05D0B8F1450F00D10136022399
:10BAB00000E0032307AA049206AACDE902A2CDE979
:10BAC000003622462B4600F063FFB8F1470F0746C9
:10BAD00019D1119BDB070ED500EB060900220023CC
:10BAE00020462946F4F788FF08B1CDF81C90302293
:10BAF000079B4B451ED3079B159ADB1B38461360EB
:10BB000008B0BDE8F087B8F1460F00EB0609E5D1B3
:10BB10000378302B0AD10022002320462946F4F76F
:10BB20006BFF18B9C6F10106CAF80060DAF80030F8
:10BB30009944D3E7591C07911A70D9E7F7B5002942
:10BB4000BABF49422D232B2309290270437029DDF6
:10BB50000DF1070425460A272246B1FBF7F607FB3D
:10BB60001613303302F8013C0B46632B04F1FF340B
:10BB70003146F1DC3031931E04F8011C411C1C4697
:10BB8000AB420AD30DF109039B1AA54238BF00232B
:10BB9000821C1344181A03B0F0BD13F8016B01F8AE
:10BBA000016FEDE7302330318370C170031DF1E781
:10BBB0002DE9F04F91B00C46DDF8688016461F461F
:10BBC000054600F0C5FD03680A931846F5F740F8EE
:10BBD00000230E93D8F8003094F818A0D4F800B0E1
:10BBE0000B90073323F00703B3EC027B8DED087B4A
:10BBF000C8F80030DDE9088323F0004984ED127BAA
:10BC00009D4B4FF0FF3240464946F4F727FF70BB8B
:10BC1000994B4FF0FF3240464946F4F701FF30BBE5
:10BC2000DDE9080100220023F4F7F0FE10B12D2316
:10BC300084F84330914A924BBAF1470F8CBF90463B
:10BC40009846032323612BF0040323604FF000097F
:10BC5000009733460FAA2146284600F0D3F9013059
:10BC600040F08F804FF0FF3011B0BDE8F08FDDE97C
:10BC7000082310461946F4F7F1FE40B1099B814AAA
:10BC8000002BBCBF2D2384F843307F4BD4E763687F
:10BC90005A1C0AF0DF093ED1062363604BF480632F
:10BCA0000022236006920EAACDE904A20DAA0392F7
:10BCB0000DF13302CDE90132636800932846DDE9D6
:10BCC0000823FFF7D7FEB9F1470F0D99804629D118
:10BCD000C81C02DB63688B4241DAAAF1020A5FFAF0
:10BCE0008AFA0139524604F150000D91FFF726FF00
:10BCF0000E9A1318012A8146236102DC2268D207BA
:10BD000001D5013323619DF83330002BA0D02D23C2
:10BD100084F843309CE7B9F1470FBFD1002BBDD168
:10BD20000123BAE7BAF1650FDBD9BAF1660F18D172
:10BD3000002963680BDD216113B92268D00702D5A1
:10BD400001330B442361A1654FF00009DBE713B910
:10BD50002268D20701D50233F4E70123F2E74FF05E
:10BD6000670A0E9B8B4205DC23682161D807EAD560
:10BD70004B1CE7E70029D4BFC1F1020201221344A2
:10BD8000E0E723685A0507D423694246314628462E
:10BD9000B84701302BD165E7BAF1650F40F2DC807E
:10BDA000D4E9120100220023F4F726FE002833D044
:10BDB000364A012331462846B84701303FF452AF96
:10BDC000DDE90D38434502DB2368D8070FD5DDE9EF
:10BDD0000A2331462846B84701303FF443AF4FF0BD
:10BDE000000908F1FF3804F11A0AC84509DC236884
:10BDF0009B0700F10281E0680F9B9842B8BF18468C
:10BE000032E70123524631462846B84701303FF415
:10BE100029AF09F10109E8E70D9B002B38DC1B4A2B
:10BE2000012331462846B84701303FF41BAFDDE916
:10BE30000D3959EA030302D12368D907D7D5DDE9C3
:10BE40000A2331462846B84701303FF40BAF4FF084
:10BE5000000A04F11A0B0D9B5B42534501DC4B4673
:10BE600093E701235A4631462846B84701303FF44C
:10BE7000F9AE0AF1010AEEE7FFFFEF7F64E8000880
:10BE800060E800086CE8000868E8000870E800084E
:10BE9000A36DDDF838A05345A8BF5346002B994643
:10BEA00036DC4FF0000B29EAE97904F11A02A36DA0
:10BEB0000893A3EB09035B4531DC0D9B9A453ADC03
:10BEC0002368DA0737D40D9BAAEB0309089BAAEB7A
:10BED00003039945A8BF9946B9F1000F33DC4FF031
:10BEE000000829EAE97904F11A0B0D9BAAEB030378
:10BEF000A3EB090343457FF77AAF01235A46314646
:10BF00002846B84701303FF4ADAE08F10108ECE730
:10BF1000424631462846B8470130C2D1A2E6012345
:10BF2000314628460892B84701303FF49BAE089A44
:10BF30000BF1010BBBE7DDE90A2331462846B84780
:10BF40000130C0D18EE6089A4B464244314628461D
:10BF5000B8470130C3D185E6DDF838A0BAF1010F4A
:10BF600001DCDB0736D50123424631462846B84777
:10BF700001303FF477AEDDE90A2331462846B84761
:10BF800001303FF46FAED4E91201002200230AF120
:10BF9000FF3AF4F731FDC0B9534608F101023146CA
:10BFA0002846B84701300CD15CE601235A46314699
:10BFB0002846B84701303FF455AE08F10108D04596
:10BFC000F3DB4B4604F15002E0E64FF0000804F1C9
:10BFD0001A0BF4E701234246E1E701234A463146C2
:10BFE0002846B84701303FF43DAE08F10108E36848
:10BFF0000F995B1A4345F0DCFDE64FF0000804F1B1
:10C000001909F4E72DE9F047164698468A680B6946
:10C01000DDF820909342B8BF1346336091F8432077
:10C0200007460C460AB1013333602368990642BFC4
:10C03000336802333360256815F0060506D104F134
:10C04000190AE36832689B1AAB4226DC94F8433045
:10C050002268003B18BF012392062BD404F143024F
:10C0600041463846C84701301ED02368226903F094
:10C070000603042B02BFE5683368ED1AA3680CBF02
:10C0800025EAE57500259342C4BF9B1AED180026EA
:10C090001A34B5421AD1002008E001235246414625
:10C0A0003846C847013003D14FF0FF30BDE8F08774
:10C0B0000135C6E7E1185A1C302081F843002244BC
:10C0C00094F8451082F843100233C7E70123224653
:10C0D00041463846C8470130E6D00136D9E700006E
:10C0E0002DE9F0430D7E85B0782D90460C9E0746D5
:10C0F0000C46994601F1430207D8622D0AD8002D5B
:10C1000000F0D780582D00F0BC8004F1420684F87E
:10C1100042503BE0A5F16303152BF6D801A151F87D
:10C1200023F000BF7DC1000891C100080BC10008C9
:10C130000BC100080BC100080BC1000891C1000829
:10C140000BC100080BC100080BC100080BC100089F
:10C1500099C20008BBC100084BC200080BC100080F
:10C160000BC10008BBC200080BC10008BBC100081E
:10C170000BC100080BC1000853C2000833681A1D28
:10C180001B68326004F1420684F842300123A1E0CA
:10C1900033682068191D3160060601D51D6803E06B
:10C1A0004506FBD5B3F90050002D03DA2D236D426F
:10C1B00084F843305B480A2311E02168336808069D
:10C1C00053F8045B02D4490648BFADB23360237E06
:10C1D00054486F2B5CD10823002184F84310666813
:10C1E000A660002E05DB21682E4321F004012160AA
:10C1F00050D01646B5FBF3F103FB115C10F80CC0F0
:10C2000006F801CDAC4663450D46F3D9082B0BD19A
:10C210002368DB0708D5236961689942DEBF3023B4
:10C2200006F8013C06F1FF36921B2261CDF8009022
:10C23000434603AA21463846FFF7E4FE01304ED1BB
:10C240004FF0FF3005B0BDE8F083236843F02003D2
:10C2500023603548782584F845502368316813F009
:10C26000800F51F8045B03D113F0400F18BFADB23B
:10C270003160D90744BF43F0200323601DB1102370
:10C28000AAE72848E7E7236823F020032360F6E7BE
:10C290000A23A1E71646B9E7336825686169181DC6
:10C2A00030602E061B6801D5196002E06806FBD5D8
:10C2B0001980002323611646B8E733681A1D3260DF
:10C2C0001E68626800213046F4F772FC08B1801BDA
:10C2D000606063682361002384F84330A6E7236924
:10C2E000324641463846C8470130A9D023689B07EB
:10C2F00013D4E068039B9842B8BF1846A2E7012315
:10C30000324641463846C847013099D00135E36886
:10C3100003995B1AAB42F2DCEBE7002504F1190646
:10C32000F5E700BF72E8000883E80008002310B5B5
:10C330000446C0E90033C0E9043383608181436669
:10C34000C2818361194608225C3000F0F9F90D4B77
:10C3500063620D4BA3620D4BE3620D4B23630D4BE8
:10C3600024629C4206D003F16802944202D0D0338A
:10C370009C4205D104F15800BDE8104000F06CBAB1
:10C3800010BD00BF95C50008B7C50008EFC500087F
:10C3900015C6000828550020024A0349034800F04A
:10C3A0006BB800BF880100206DE0000898010020F4
:10C3B00041680C4B994210B5044601D001F056FE7D
:10C3C000A168094B994202D0204601F04FFEE16876
:10C3D000064B994204D02046BDE8104001F046BE0D
:10C3E00010BD00BF2855002090550020F8550020B2
:10C3F0000C4B0D4A0D4810B504211A600022FFF7BE
:10C4000095FF0A4B01221C46092103F16800FFF742
:10C410008DFF04F1D0000222BDE810401221FFF789
:10C4200085BF00BF6056002099C300082855002032
:10C43000014800F012BA00BF69560020014800F020
:10C440000DBA00BF6956002010B50446FFF7F0FF93
:10C45000236A1BB1BDE81040FFF7F0BF044B236215
:10C46000044B1B68002BF5D1FFF7C2FFF2E700BFBA
:10C47000B1C30008605600202DE9F84307468846FE
:10C4800014460026D4E90195B9F1010905D52468BF
:10C49000002CF7D13046BDE8F883AB89012B07D9D2
:10C4A000B5F90E30013303D029463846C04706435C
:10C4B0006835E9E70FB407B5064904AB086853F8D7
:10C4C000042B8168019301F03BFC03B05DF804EBA1
:10C4D00004B0704794010020036A70B58468054673
:10C4E0000E460BB9FFF7B0FF636EDB0705D4A389D7
:10C4F000980502D4A06D00F0B0F9A389190702D500
:10C500002369002B35D12146284600F0C5F880B3B9
:10C510004FF0FF35636EDA0705D4A3899B0502D47B
:10C52000A06D00F09BF9284670BD002B04DAA269CB
:10C53000934217DB0A2915D023685A1C2260197010
:10C54000A36816F8011F013BA3600029EDD1002B61
:10C5500011DA22460A21284600F060F80130D7D0CF
:10C560000A25D7E72246284600F058F80130E7D1DF
:10C57000CEE7013EE4E723685A1C22600A221A70C3
:10C58000EEE70000024B01461868FFF7A5BF00BFA9
:10C590009401002010B50C46B1F90E1000F0FEF821
:10C5A0000028ABBF636DA3891B1823F48053ACBF75
:10C5B0006365A38110BD2DE9F0411F468B89DB0522
:10C5C00005460C46164605D5B1F90E100223002289
:10C5D00000F0D2F8A389B4F90E1023F48053A3819C
:10C5E00032463B462846BDE8F04100F0F9B810B5A8
:10C5F0000C46B1F90E1000F0BFF8B4F90C30421C33
:10C600000BBF23F4805343F48053A381A38118BF4D
:10C61000606510BDB1F90E1000F09EB8F8B50E4679
:10C620001446054618B1036A0BB9FFF70DFFA3695D
:10C63000A360A3891A0701D5236943B92146284677
:10C6400000F02AF818B14FF0FF373846F8BD2368DC
:10C650002269981A6369F6B28342374605DC21469F
:10C66000284601F003FD0028EDD1A368013BA3603B
:10C6700023685A1C22601E706269431C9A4204D0CF
:10C68000A389DB07E1D50A2EDFD12146284601F038
:10C69000EDFC0028D9D0D6E738B5284B05461868F8
:10C6A0000C4618B1036A0BB9FFF7CEFEB4F90C3093
:10C6B0001A0721D4D80607D409222A6043F0400380
:10C6C000A3814FF0FF3030E0590712D5616B41B1C3
:10C6D00004F14403994202D0284600F035FF0023BC
:10C6E00063630022B4F90C3062602269226023F097
:10C6F000240343F00803A38122693AB99A0501D5BE
:10C70000180603D52146284601F0FCFCB4F90C308C
:10C7100013F001020AD00022A26062695242A261B3
:10C72000226942B913F08000C8D138BD990758BFBB
:10C730006269A260F4E70020F7E700BF94010020DF
:10C7400002440346934200D1704703F8011BF9E706
:10C7500000487047D402002038B5064D0023044637
:10C7600008462B60F8F756FD431C02D12B6803B135
:10C77000236038BD6456002038B5074D044608468E
:10C78000114600222A601A46F8F74EFD431C02D1DA
:10C790002B6803B1236038BD6456002038B5074DBF
:10C7A00004460846114600222A601A46F8F722FD80
:10C7B000431C02D12B6803B1236038BD64560020AE
:10C7C00038B5064D0023044608462B60F8F72EFDC9
:10C7D000431C02D12B6803B1236038BD645600208E
:10C7E00038B5074D04460846114600222A601A460D
:10C7F000F8F758FE431C02D12B6803B1236038BD03
:10C8000064560020014B1868704700BF9401002057
:10C8100070B50D4B0D4D5B1B9C100026A64209D137
:10C8200001F07CFD0A4D0B4B5B1B9C100026A642C1
:10C8300005D170BD55F8043B98470136EEE755F831
:10C84000043B98470136F2E7E4EB0008E4EB00080C
:10C85000E4EB0008E8EB00087047704770470A44B3
:10C86000914200F1FF3300D1704710B511F8014B30
:10C8700003F8014F9142F9D110BD2DE9F74F03693B
:10C880000C69A34207467EDB013C01F11408A300BA
:10C8900000F11405009305EB8403019358F824304C
:10C8A00055F8242001339A4208EB8409B2FBF3F6D1
:10C8B0002ED34FF0000AC446AE46D3465CF8043B84
:10C8C00098B206FB00A0020C1B0C06FB0323DEF84B
:10C8D000002080B292B2121A5A44DEF800004FEAE9
:10C8E000134A9BB2C3EB224303EB104392B242EADA
:10C8F0000342E1454EF8042B4FEA234BDED2009B66
:10C90000EB582BB9019B043B9D421A462FD33C6147
:10C91000384601F0DFF8002825DB2946002058F8CA
:10C92000042BD1F800C01FFA82FE1FFA8CF3A3EB90
:10C930000E030344120CC2EB234202EB1C429BB2D7
:10C9400043EA0243C14541F8043B4FEA2240E6D2A4
:10C9500055F8242005EB840322B9043B9D421A4676
:10C960000BD33C610136304603B0BDE8F08F12684E
:10C97000043B002ACBD1013CC6E71268043B002AE5
:10C98000EFD1013CEAE70020EEE7000000000000E4
:10C990002DE9F04F164699B0C269259C1F46CDE996
:10C9A0000E67814682B91020FEF7AEFF0246C9F835
:10C9B0001C0020B9A84BEF21A84801F0FFFB002381
:10C9C000C0E901330360C360116859B152684A601D
:10C9D000012393408B60484600F03EFED9F81C309E
:10C9E00000221A60B7F10008B5BF012300232360BD
:10C9F00023609B4BBCBF28F00048CDF83C8033EA55
:10CA000008031AD1249AC8F3130842F20F7358EAA4
:10CA10000608136000F06B85269B53B9914B21E00B
:10CA2000914B03930833269A1360039819B0BDE81D
:10CA3000F08F8C4B03930333F5E79DED0E7B0022C3
:10CA400051EC170B00238DED0A7BF3F7D5FF8246DF
:10CA500050B1249A01231360269B13B1269A834B6D
:10CA60001360834B0393E0E716AB019317AB00937E
:10CA70004846DDE90A2301F0E1F85FEA1854169D03
:10CA8000049079D00B9BCDF850A0C3F31303DDE9DC
:10CA90000A0143F07F5343F44013A4F2FF341946D4
:10CAA0000022744BF3F788FB65A3D3E90023F3F767
:10CAB0003BFD65A3D3E90023F3F780FB0646204640
:10CAC0000F46F3F7C7FC62A3D3E90023F3F72CFD6D
:10CAD00002460B4630463946F3F770FB06460F46D2
:10CAE000F3F7D2FF00228046002330463946F3F7A1
:10CAF0008DFF48B14046F3F7ADFC32463B46F3F7B5
:10CB00007BFF08B908F1FF38B8F1160F51D85A4B1E
:10CB100003EBC803D3E90023DDE90A01F3F776FF4D
:10CB2000002848D008F1FF38002311932D1B6B1EFD
:10CB3000099343BF0023C5F1010709930027B8F10A
:10CB4000000F3ADB099BCDF8408043440993002352
:10CB50000C93229B092B62D8052BC4BF043B229364
:10CB6000229BA3F10203CCBF00240124032B62D833
:10CB7000DFE803F05153362B179C2C4404F2324368
:10CB8000202BC1BFC3F1400308FA03F804F212439B
:10CB900026FA03F3D6BFC3F1200348EA030006FADE
:10CBA00003F0F3F747FC0122A1F1F873013C149262
:10CBB00075E70123B9E71190B8E7C8F100030C93BA
:10CBC0000023A7EB08071093C3E701230D93239BD2
:10CBD000434408930133012B0593B8BF012306E0BA
:10CBE00001230D93239B002B4ADD08930593D9F86D
:10CBF0001C000021042202F114059D4245D9416028
:10CC0000484600F0EBFC0390002841D11B4B024644
:10CC100040F2AF11D0E60023E3E70023D6E701247A
:10CC2000002322930D944FF0FF33089305930022C5
:10CC300012232392DBE701230D93F4E7AFF3008087
:10CC400061436F63A787D23FB3C8608B288AC63F12
:10CC5000FB799F501344D33FA1E80008B8E80008CF
:10CC60000000F07F9DE8000894E8000871E80008E3
:10CC700070E800080000F83F10EA000813E9000817
:10CC80000123089305931A46D3E701315200B2E716
:10CC9000D9F81C30039A1A60059B0E2B00F2A18074
:10CCA000002C00F09E80B8F1000F36DD9E4B08F09E
:10CCB0000F0203EBC20318F4807FD3E900AB4FEA05
:10CCC000281516D0994BDDE90A01D3E90823F3F7BB
:10CCD00055FDCDE9060105F00F050324934E75B906
:10CCE000DDE9060152465B46F3F748FD82468B4676
:10CCF0002DE09DED0A7B02248DED067BEEE7E90732
:10CD000008D550465946D6E90023F3F70DFC013407
:10CD100082468B466D100836E1E700F0AD80C8F121
:10CD20000005814B814E05F00F0203EBC203D3E9EE
:10CD30000023DDE90A01F3F7F7FB2D1182468B464C
:10CD400000230224002D40F08C80002BCED1119BBB
:10CD5000002B00F09580764B002250465946F3F7A1
:10CD600055FE002800F08C80059B002B00F0888089
:10CD7000089B002B35DD08F1FF33069350465946DA
:10CD80006C4B0022F3F7D0FB089E82468B460134A1
:10CD90002046F3F75FFB52465B46F3F7C5FB664B55
:10CDA0000022F3F70BFA0446A1F15075CDE91245C4
:10CDB000002E69D1614B002250465946F3F7FCF929
:10CDC00022462B4682468B46F3F73EFE002840F073
:10CDD0009482224605F1004350465946F3F716FE69
:10CDE00020BB179B002BC0F26081B8F10E0F00F33F
:10CDF0005C814D4B03EBC803D3E900AB239B002BB5
:10CE000080F2EE80059B002B00F3EA800ED14B4BA5
:10CE1000002250465946F3F787FB02460B46DDE9F0
:10CE20000A01F3F7FDFD002800F06A8200252C4678
:10CE3000239B039EDB43069327460024294648464E
:10CE400000F00AFC002F00F0C1802CB1BC4203D0DE
:10CE50002146484600F000FC3946484600F0FCFBFD
:10CE6000B4E0EA0705D5D6E90023F3F75DFB01340A
:10CE700001236D10083665E7DDE90AAB022466E799
:10CE8000059ECDF8188083E7274B03EBC60353E9D3
:10CE900002010D9B002B55D002460B46002028496D
:10CEA000F3F76CFCDDE91223F3F786F9039BCDE978
:10CEB00012019D191E4659465046F3F7E5FD0446FA
:10CEC000F3F7C8FA02460B4650465946F3F774F991
:10CED0003034DDE9122306F8014B82468B46F3F726
:10CEE00095FD002872D152465B4611490020F3F7A8
:10CEF00063F9DDE91223F3F789FD002840F0B680DD
:10CF0000AE423FF46EAFDDE912010A4B0022F3F7A7
:10CF10000BFB084BCDE91201002250465946F3F7AE
:10CF200003FB82468B46C6E710EA0008E8E90008E2
:10CF30000000F03F0000244000001C4000001440AE
:10CF40000000E03FDDE91223F3F7EEFA039B039DB7
:10CF5000CDE912013344159359465046F3F794FD39
:10CF60000446F3F777FA30340B46024659465046EA
:10CF7000F3F722F905F8014B159B9D4282468B463B
:10CF800027D1039B0022DDE912011E44B34BF3F7C6
:10CF900015F902460B4650465946F3F755FD002851
:10CFA00064D1DDE91223AD490020F3F705F902460B
:10CFB0000B4650465946F3F729FD00283FF411AFC0
:10CFC000334616F8012D302AFAD01E46DDF81880B7
:10CFD0003AE0A34B0022F3F7A7FA82468B46BBE761
:10CFE000039E52465B46DDE90A01F3F7C7FBF3F700
:10CFF0004BFD0746F3F72EFA52465B46F3F794FAD9
:10D0000002460B46DDE90A01F3F7D6F807F1300CCA
:10D01000039C06F801CBA6EB040C059C6445024674
:10D020000B4633D1F3F7CAF852465B4604460D4629
:10D03000F3F70AFDC0B952465B4620462946F3F78E
:10D04000DBFC08B1FB070FD40499484600F004FB51
:10D050000023249A337008F101031360269B002BF0
:10D060003FF4E3AC1E60E0E4CDF8188033461E4682
:10D0700013F8012D392A06D1039A9A42F7D1069A5C
:10D0800001320692302201321A709FE7744B00225F
:10D09000F3F74AFA02460B46CDE90A2300220023A1
:10D0A000F3F7AAFC00289CD0CEE70D9A002A00F0E6
:10D0B000E380229A012A00F3C280149A002A00F029
:10D0C000BA8003F233430C9D3E46099A01211A446B
:10D0D00048461F44099200F073FB044656B1099B71
:10D0E000002B07DDB342099AA8BF3346FF1AF61A90
:10D0F000D31A09930C9B0BB30D9B002B00F0C3803C
:10D10000002D00F0BD8021462A46484600F018FC5C
:10D11000049A01460446484600F068FB049982469A
:10D12000484600F099FA0C9B5B1B0C9300F0AE8014
:10D130000C9A5146484600F003FC049001214846F1
:10D1400000F03EFB109B0546002B00F0D7811A46ED
:10D150000146484600F0F4FB229B012B054600F3F4
:10D160009D800E9B002B40F094800F9BC3F3130314
:10D17000002B40F08E800F9B23F000431B0D1B05FE
:10D18000002B00F08980099B0133013709934FF090
:10D19000010A109B002B00F0B7812B6905EB83037C
:10D1A000186900F0C1FAC0F12000099B184410F082
:10D1B0001F007ED0C0F12003042B72DD099BC0F15B
:10D1C0001C000344074406440993002F05DD04991D
:10D1D0003A46484600F010FC0490099B002B05DD00
:10D1E00029461A46484600F007FC0546119B002BCD
:10D1F00061D00498294600F06DFC00285BDA08F144
:10D20000FF330693049900230A22484600F046FAA9
:10D210000D9B0490002B00F07981002321460A2207
:10D22000484600F03BFA089B002B044672DC229B28
:10D23000022B49DC6EE0169BC3F1360343E7059BE6
:10D240005D1E0C9BAB420DDB5D1B059B002BBFF6EF
:10D250003BAF059BFE1A002337E700BF0000E03F0D
:10D26000000024400C9B109A0C95EB1A1A44109263
:10D27000059B3E46002528E70C9D0D9C3E462DE76C
:10D28000DDF810A054E70C9A049953E7CDF810A0EC
:10D2900054E74FF0000A7CE79A467AE74FF0000A1D
:10D2A0007BE792D0099A1C331A441F441E4409920A
:10D2B0008BE70346F6E7059BCDF81880002B23DCAF
:10D2C0000893229B022B21DD089B002B7FF4B0AD3D
:10D2D00029460522484600F0E1F901460546049832
:10D2E00000F0F8FB00287FF7A3AD039E312306F87A
:10D2F000013B069B013306939EE535462C46F4E739
:10D30000059DCDF81880F9E7059B08930D9B002B30
:10D3100000F00081002E05DD21463246484600F02F
:10D320006BFB0446BAF1000F5AD06168484600F022
:10D3300055F9064628B9824B024640F2EF21FFF725
:10D340003BBB22690232920004F10C010C30FFF762
:10D3500086FA01223146484600F04EFB0746039B01
:10D36000039A03F1010B089B13440A930E9B03F0ED
:10D37000010309930BF1FF33294604980593FFF746
:10D380007CFA2146089000F1300A049800F0A2FBD4
:10D390003A4680462946484600F0B8FBC268064631
:10D3A00002BB0146049800F095FB02463146484610
:10D3B0000C9200F051F9229B0C9A42EA0301099B5E
:10D3C00019435E4610D1BAF1390F2BD0B8F1000FD6
:10D3D00002DD089B03F1310A059B83F800A02DE5CF
:10D3E0002746BCE70122E1E7B8F1000F06DB229BEC
:10D3F00048EA0308099B58EA030820D1002AEBDD1C
:10D4000004990122484600F0F7FA2946049000F0FA
:10D4100061FB002803DCDFD11AF0010FDCD0BAF188
:10D42000390FD6D1059A3923137033461E46013B76
:10D4300016F8012C392A52D001321A70FEE4002A63
:10D4400007DDBAF1390FEDD0059A0AF10103137027
:10D45000F4E40A9B0BF801AC5B452AD00499002345
:10D460000A22484600F01AF9BC4204904FF000032B
:10D470004FF00A022146484606D100F00FF9044653
:10D4800007460BF1010B75E700F008F93946044631
:10D4900000230A22484600F001F90746F1E7089BFD
:10D4A0005E1E002B039BD8BF00265A1C274616443D
:10D4B000002404990122484600F09EFA294604906F
:10D4C00000F008FB0028B0DC02D11AF0010FACD14B
:10D4D00033461E4613F8012D302AFAD0AEE4039AE3
:10D4E0009A42A3D1069B013306933123AFE7269BD3
:10D4F000002B7FF495AA134BFFF7B4BA229B012BA4
:10D500007FF72FAEDDF840A001204EE6089B002BF0
:10D510007FF7D7AE039E04982946FFF7AEF900F1D6
:10D52000300A039B06F801ABF21A089B9342B6DD62
:10D53000049900230A22484600F0B0F80490EAE774
:10D5400013E9000894E8000838B50546002941D0E1
:10D5500051F8043C0C1F002BB8BFE418FEF77EFA0C
:10D560001D4A136833B9636014602846BDE838402B
:10D57000FEF77ABAA34208D9206821188B4201BF6E
:10D5800019685B6809182160EDE71A465B680BB102
:10D59000A342FAD911685018A0420BD12068014467
:10D5A000501883421160E0D118685B6853600844EA
:10D5B0001060DAE702D90C232B60D6E72068211827
:10D5C0008B4204BF19685B68636004BF091821605F
:10D5D0005460CAE738BD00BF2455002070B5C46947
:10D5E00005460E4684B91020FEF78EF90446E86120
:10D5F00028B90246164B17486B2100F0DFFD0023C7
:10D60000C0E901330360C360E36853B921220421F8
:10D61000284600F0F1FDEB69E060DB680BB9002003
:10D6200070BD53F8260030B1026843F8262000236D
:10D63000C0E90333F4E7012101FA06F4621D920008
:10D64000284600F0D9FD0028E9D0C0E90164EEE7E2
:10D65000A1E8000824E9000870B5C66905460C4633
:10D6600076B91020FEF750F90246E86120B9094B5F
:10D6700009488F2100F0A2FDC0E901660660C6607E
:10D680003CB1EB696268DB6853F82210216043F813
:10D69000224070BDA1E8000824E900082DE9F0410E
:10D6A0000D6907460C461E4601F1140C0020DCF8FB
:10D6B000003099B202FB01611E0C0B0C02FB063319
:10D6C00089B2013001EB034185424CF8041B4FEA5B
:10D6D0001346ECDC0EB3A368AB4219DC6168384634
:10D6E0000131FFF77BFF804628B902460C4B0D48FD
:10D6F000BA2100F063FD2269023204F10C019200AC
:10D700000C30FFF7ACF821463846FFF7A5FF44463A
:10D7100004EB850301355E6125612046BDE8F0819B
:10D7200013E9000824E90008B0F5803F034636BF3E
:10D73000030400201020B3F1807F3CBF1B0208309F
:10D74000B3F1805F3CBF1B010430B3F1804F3CBF9D
:10D750009B000230002B05DB13F0804F00F101002D
:10D7600008BF202070470368024613F007000BD063
:10D77000D90721D4980749BF5B089B080120136093
:10D780005CBF13600220704799B209B91B0C1020CE
:10D79000D9B209B908301B0A190704BF1B090430A4
:10D7A000990704BF9B080230D90703D45B0800F136
:10D7B000010003D01360704700207047202070479D
:10D7C00010B50C460121FFF709FF024628B9054BA9
:10D7D000054840F2451100F0F1FC0123446103616A
:10D7E00010BD00BF13E9000824E900082DE9F04F3F
:10D7F000D1F81090D2F810A0D14585B088461446D3
:10D8000004DB53460C46CA4690469946A3686168B5
:10D810000AEB0906B342B8BF0131FFF7DFFE30B9AA
:10D820000246454B45484FF4B17100F0C7FC00F18A
:10D83000140505EB86072B460022BB421FD304F1DB
:10D84000140C08F114010CEB8A0301EB890202921B
:10D850001A1B153A22F0030215349C4288BF00229D
:10D860000192029A03918A420CD8002E03DD57F8E8
:10D87000043D002B5DD0066105B0BDE8F08F43F894
:10D88000042BDAE7B1F800A0BAF1000F24D0E0468B
:10D89000A9464FF0000E58F8042BD9F800401FFAA3
:10D8A00082FBA4B20AFB0B444FEA124BD9F80020CA
:10D8B00074444FEA124E0AFB0BE202EB1442A4B28C
:10D8C00044EA0244434549F8044B4FEA124EE2D879
:10D8D000019AAA18C2F804E0039AB2F8028004314F
:10D8E000B8F1000F23D02A68E6469146AA464FF0C9
:10D8F000000BBEF8004008FB04B404EB194492B2DC
:10D9000042EA04424AF8042B5EF8042BDAF800904D
:10D910004FEA124B1FFA89F208FB0B2202EB14426A
:10D9200073454FEA124BE4D8019C2C196260043510
:10D9300097E7013E99E700BF13E9000824E90008D2
:10D940002DE9F843174612F0030280460D4607D032
:10D95000264C013A002354F82220FFF79FFE05468B
:10D96000BF103FD0D8F81C4094B91020FDF7CCFF71
:10D970000446C8F81C0030B902461D4B1D4840F251
:10D98000B31100F01BFC0023C0E901330360C36046
:10D99000A66846B940F271214046FFF711FF002307
:10D9A000A060064603602C464FF0000907F0010313
:10D9B0007F1053B1294632464046FFF717FF2146F4
:10D9C00005464046FFF748FE67B1306838B9324631
:10D9D00031464046FFF70AFF3060C0F80090064627
:10D9E0002C46E3E72846BDE8F88300BFD8E90008E5
:10D9F000A1E8000824E900082DE9F84F0C46496821
:10DA0000236903EB6218A368074615464FEA621ABA
:10DA100008F101094B450BDB3846FFF7DFFD0646F1
:10DA200048B90246294B2A484FF4EF7100F0C6FB73
:10DA300001315B00EEE7002300F1140C00F110024D
:10DA40001946534535DB22692AEAEA7A0CEB8A0C3F
:10DA500004F1140315F01F0E614603EB82022CD073
:10DA6000CEF1200A002518688B4600FA0EF02843F4
:10DA7000CBF8000053F8045B9A4201F1040125FA47
:10DA80000AF5F0D8131B153B23F0030304F115012D
:10DA90008A4238BF00239C44CCF8045005B9C146E3
:10DAA0003846C6F810902146FFF7D6FD3046BDE84F
:10DAB000F88F42F8041F0133C3E753F8045B0D608D
:10DAC0009A4201F10401F8D8E9E700BF13E9000820
:10DAD00024E900080A6903460069801A30B50ED1AE
:10DAE0001433143103EB820401EB820154F8045D1A
:10DAF00051F8042D954203D005D24FF0FF3030BDD0
:10DB0000A342F3D3FBE70120F9E700002DE9F74F2B
:10DB10008A460646114650461446FFF7DBFF051EAF
:10DB200012D129463046FFF759FD024628B9414B2C
:10DB300040F23721404800F041FB0123C0E90435A1
:10DB4000104603B0BDE8F08FBCBF5346A246304636
:10DB5000DAF80410BABF1C4601250025FFF73EFD88
:10DB6000024618B9334B40F24521E3E7DAF810706A
:10DB70002669C5600AF1140904F1140E00F11405B8
:10DB80000AF1100309EB87080EEB86060193AB46FA
:10DB90004FF0000C019B5EF8040B53F804AF0193A7
:10DBA0001FFA8AF3194683B2CB1A000C6344C0EB08
:10DBB0001A4000EB23409BB243EA004376454BF802
:10DBC000043B4FEA204CE5D8331B153B153423F0BA
:10DBD0000303A64238BF0023E8184B441C1D043041
:10DBE0002646A5EB0905464506EB050E0ED308F1C2
:10DBF0000301091B21F003010133984538BF0021BF
:10DC0000014451F8043D9BB1176199E756F8041B94
:10DC1000E2464FEA11491CFA81FC514409EB2C49B8
:10DC200089B241EA09414FEA294CCEF80010DAE7FF
:10DC3000013FE6E713E9000824E900082DE97343F2
:10DC40000121089E90469946FFF7C8FC044630B96A
:10DC50000246244B244840F20F3100F0AFFAC9F3DA
:10DC60000A55C9F313030DB143F480130193B8F1BE
:10DC7000000324D068460093FFF775FD0099E0B1DA
:10DC8000019AC0F1200302FA03F30B43C24063611F
:10DC90000192019BA361002B0CBF01220222226191
:10DCA000ADB1A5F2334505443560C0F13500099B9F
:10DCB0001860204602B0BDE870836161E9E701A801
:10DCC000FFF751FD019B636120300122E7E704EB80
:10DCD0008203A0F2324030601869FFF725FDC0EBE7
:10DCE0004210E4E713E9000824E900089368013BC7
:10DCF000002B10B4936008DA9469A34201DB0A296F
:10DD000003D15DF8044BFEF789BC1368581C106002
:10DD1000197008465DF8044B7047F8B506460F4683
:10DD20001446D518AC4201D1002007E014F8011BBD
:10DD30003A463046FFF7DAFF431CF3D1F8BD000046
:10DD40002DE9F0470D469CB014461F46064618B113
:10DD5000036A0BB9FEF778FB6B6ED90705D4AB8964
:10DD60009A0502D4A86DFEF778FDAB891B0701D593
:10DD70002B699BB929463046FEF78EFC70B16B6E5D
:10DD8000DC0704D54FF0FF301CB0BDE8F087AB894D
:10DD90009805F7D4A86DFEF761FDF3E7002309931A
:10DDA00020238DF82930039730236A4F8DF82A30CD
:10DDB0004FF001082346994613F8012B0AB1252A92
:10DDC000F9D1B9EB040A0BD0534622462946304616
:10DDD000FFF7A3FF013000F0A480099A5244099292
:10DDE00099F80030002B00F09C8000234FF0FF32A8
:10DDF000CDE9052309F10109049307938DF8533008
:10DE00001A934C46534814F8011B0522F2F7D0FE32
:10DE1000049BD0B9D90644BF20228DF853201A079D
:10DE200044BF2B228DF8532099F800202A2A13D0C2
:10DE3000079A4C4600204FF00A0C214611F8013B8E
:10DE4000303B092B49D968B913E0C01B08FA00F030
:10DE500018430490A146D4E7039A111D1268039158
:10DE6000002A01DB079204E0524243F002030792CA
:10DE7000049323782E2B0AD163782A2B32D1039B6B
:10DE80001A1D1B68039243EAE37302340593DFF81B
:10DE9000D490217803224846F2F78AFE38B1049BD9
:10DEA000A0EB09004022824013430134049314F88C
:10DEB000011B29488DF828100622F2F779FE002868
:10DEC0003ED0264818BB039B073323F007030833D3
:10DED0000393099B034409936CE70CFB02320C4645
:10DEE0000120AAE700230134059319464FF00A0CDC
:10DEF000204610F8012B303A092A03D9002BC6D04E
:10DF00000591C4E70CFB012104460123F0E703ABB4
:10DF100000932A46124B04A93046FDF749FE431CE4
:10DF2000D7D16B6ED90705D4AB899A0502D4A86DF9
:10DF3000FEF794FCAB895B063FF524AF099823E715
:10DF400003AB00932A46064B04A93046FEF7C8F8F7
:10DF5000E5E700BF80E900088AE90008B1BB0008D6
:10DF60001BDD000886E90008B1F90C202DE9F0411D
:10DF7000160705460C4651D44B68002B02DC0B6C8F
:10DF8000002B49DDE66A002E46D0002312F48052B1
:10DF90002F682B6031D0626DA389590705D563685E
:10DFA000D21A636B0BB1236CD21A0023E66A216A82
:10DFB0002846B047421CB4F90C3006D129681D2907
:10DFC00046D8294ACA40D60742D500226260D90401
:10DFD0002269226004D5421C01D12B6803B9606517
:10DFE000616B2F60C1B104F14403994202D028460D
:10DFF000FFF7AAFA002363630EE0216A0123284693
:10E00000B0470246501CC7D12B68002BC4D01D2B33
:10E0100001D0162B1AD12F6000201EE00F69002FAF
:10E02000FAD093070E6808BF4B690F6018BF002332
:10E03000A6EB07088B60B8F1000FEDDD216AA66A38
:10E0400043463A462846B047002808DCB4F90C306D
:10E0500043F04003A3814FF0FF30BDE8F081074457
:10E06000A8EB0008E7E700BF0100402038B50B69C6
:10E0700005460C4613B90025284638BD18B1036A79
:10E080000BB9FEF7E1F9B4F90C30002BF3D0626E56
:10E09000D00704D4990502D4A06DFEF7DEFB284614
:10E0A0002146FFF761FF636EDA070546E4D4A389D2
:10E0B0009B05E1D4A06DFEF7D1FBDDE770B50C4602
:10E0C000B1F90E10002996B015461E460ADAA1894C
:10E0D00011F0800113D14FF48062002031602A607A
:10E0E00016B070BD6A4600F047F80028EFDB0199D2
:10E0F00001F47041A1F5005359425941EBE7002169
:10E100004022EAE78B8973B59E0705460C4607D582
:10E1100004F14703236023610123636102B070BDF2
:10E1200001AB6A46FFF7CAFF009E28463146FDF75D
:10E1300015FCB4F90C3038B99A05EFD423F0030379
:10E1400043F00203A381E3E743F08003A381019B33
:10E150002060C4E90406002BE0D0B4F90E10284674
:10E1600000F01CF80028D9D0A38923F0030343F062
:10E170000103A381D2E7000038B5074D0023044610
:10E18000084611462B60F7F748F8431C02D12B686C
:10E1900003B1236038BD00BF6456002038B5064D7A
:10E1A0000023044608462B60F7F73CF8431C02D1D5
:10E1B0002B6803B1236038BD645600201FB5144698
:10E1C0001A46094B1B680546D8684CB1074B0091AD
:10E1D000CDE9013406492B4600F042F800F052F830
:10E1E000044B1C46F3E700BF940100209BE90008A4
:10E1F000A8E90008D6E9000870B5A1FB025434B9BB
:10E200002946FDF7ABFB064628B9304670BD0C2207
:10E2100002600026F9E72A462146FEF791FAF4E764
:10E2200082B001B901A942B14BB113780B601278E9
:10E23000101E18BF012002B070471046FBE76FF0B8
:10E240000100F8E70346084641B1FF2A04D98A22B3
:10E250001A604FF0FF3070470A70012070470000CD
:10E260000EB403B5014603AB054853F8042B006810
:10E270000193FFF765FD02B05DF804EB03B0704752
:10E280009401002008B5062000F02CF80120F6F7D4
:10E29000ABFF1F2938B505460C4604D91623036089
:10E2A0004FF0FF3038BDC26B12B152F821304BB97C
:10E2B000284600F031F8224601462846BDE838409D
:10E2C00000F018B8012B0AD0591C03D116230360A3
:10E2D0000120E7E7002142F824102046984700205B
:10E2E000E0E70000024B01461868FFF7D2BF00BF0D
:10E2F0009401002038B5074D002304460846114616
:10E300002B60F6F769FF431C02D12B6803B1236031
:10E3100038BD00BF64560020F6F75CBFF8B500BFFB
:10E32000F8BC08BC9E467047F8B500BFF8BC08BCF6
:04E330009E4670474E
:10E3380001000000020000000300000001000000CE
:10E348000300000005000000080800005804000051
:10E3580083060000F4010000F4010000F40100004D
:10E368009819C2C2CC0C13C330333CC253636172D8
:10E37800614D6F7665446F6E650000004368617398
:10E388007369734D6F7665446F6E65004D61696E94
:10E398005461736B000000004368617373697354C0
:10E3A80061736B0074657374206368617373697358
:10E3B8000D000000626F785F69643A2025642C259F
:10E3C800642C25642C25642C25640D0A00000000AB
:10E3D800010305000102030049444C450000000008
:10E3E800546D725100000000546D72205376630022
:10E3F80074E30008000000000000000000000000B6
:10E4080084E3000800000000000000000000000095
:10E4180094E3000800000000000000000000000075
:10E4280000000000000800001000000000000000CC
:10E4380000000000A0E30008000000000000000049
:10E44800000000000000000000100000280000008C
:10E4580000000000000000000000000001020304AA
:10E46800000000000000000001020304060708097C
:10E47800000610160006101600000000000000003C
:10E488000000000000000080000FC93F000F494055
:10E4980000CB9640000FC9400053FB4000CB16410B
:10E4A80000ED2F41000F49410031624100537B418B
:10E4B800003A8A4100CB9641005CA34100EDAF4190
:10E4C800007EBC41000FC94100A0D5410031E241A6
:10E4D80000C2EE410053FB4100F20342003A0A42F7
:10E4E8000083104200CB164200141D42005C2342F8
:10E4F80000A5294200ED2F4200363642007E3C42FC
:10E5080000C74242000F4942A2000000F900000083
:10E51800830000006E0000004E0000004400000070
:10E528001500000029000000FC0000002700000082
:10E5380057000000D1000000F50000003400000082
:10E54800DD000000C0000000DB00000062000000E9
:10E5580095000000990000003C0000004300000006
:10E568009000000041000000FE0000005100000083
:10E5780063000000AB000000DE000000BB000000EC
:10E58800C500000061000000B70000002400000082
:10E598006E0000003A000000420000004D0000003C
:10E5A800D2000000E0000000060000004900000062
:10E5B8002E000000EA00000009000000D100000061
:10E5C800920000001C000000FE0000001D0000007A
:10E5D800EB0000001C000000B10000002900000052
:10E5E800A70000003E000000E800000082000000D4
:10E5F80035000000F50000002E000000BB00000000
:10E608004400000084000000E90000009C000000B5
:10E618007000000026000000B40000005F00000049
:10E628007E00000041000000390000009100000059
:10E63800D6000000390000008300000053000000ED
:10E6480039000000F40000009C0000008400000075
:10E658005F0000008B000000BD000000F900000012
:10E66800280000003B0000001F000000F800000028
:10E6780097000000FF000000DE0000000500000019
:10E68800980000000F000000EF0000002F000000BD
:10E69800110000008B0000005A0000000A00000072
:10E6A8006D0000001F0000006D0000003600000033
:10E6B8007E000000CF00000027000000CB00000013
:10E6C80009000000B70000004F00000046000000ED
:10E6D8003F000000660000009E0000005F00000090
:10E6E800EA0000002D00000075000000270000006F
:10E6F800BA000000C7000000EB000000E5000000C1
:10E70800F10000007B0000003D0000000700000051
:10E7180039000000F70000008A00000052000000E5
:10E7280092000000EA0000006B000000FB000000FF
:10E738005F000000B10000001F0000008D00000015
:10E748005D00000008000000560000000300000003
:10E758003000000046000000FC0000007B000000C4
:10E768006B000000AB000000F0000000CF000000CC
:10E77800BC000000200000009A000000F400000027
:10E78800360000001D000000A9000000E3000000A2
:10E7980091000000610000005E000000E60000003B
:10E7A8001B00000008000000650000009900000040
:10E7B800850000005F00000014000000A0000000B9
:10E7C80068000000400000008D000000FF0000000D
:10E7D800D8000000800000004D0000007300000019
:10E7E80027000000310000000600000006000000BD
:10E7F8001500000056000000CA0000007300000069
:10E80800A8000000C900000060000000E20000004D
:10E818007B000000C00000008C0000006B000000BE
:10E828000000C93F0000F0390000DA370000A233C9
:10E838000000842E0000502B0000C2270000D022C8
:10E848000000C41F0000C61B00004417040000009D
:10E858000700000009000000494E4600696E660086
:10E868004E414E006E616E00300030313233343527
:10E878003637383941424344454600303132333423
:10E88800353637383961626364656600496E666992
:10E898006E697479004E614E005245454E54206DA4
:10E8A800616C6C6F63207375636365656465640090
:10E8B8002F646174612F6A656E6B696E732F776F51
:10E8C800726B73706163652F474E552D746F6F6C53
:10E8D800636861696E2F61726D2D31342D352F7328
:10E8E80072632F6E65776C69622D63796777696EDD
:10E8F8002F6E65776C69622F6C6962632F7374641D
:10E908006C69622F64746F612E630042616C6C6F76
:10E918006320737563636565646564002F6461745F
:10E92800612F6A656E6B696E732F776F726B737088
:10E938006163652F474E552D746F6F6C636861690D
:10E948006E2F61726D2D31342D352F7372632F6EDA
:10E9580065776C69622D63796777696E2F6E657765
:10E968006C69622F6C6962632F7374646C69622FBF
:10E978006D707265632E6300232D302B2000686C48
:10E988004C00656667454647004300504F53495859
:10E99800002E002C2066756E6374696F6E3A200035
:10E9A800617373657274696F6E2022257322206605
:10E9B80061696C65643A2066696C6520222573225A
:10E9C8002C206C696E65202564257325730A000068
:10E9D80005000000190000007D0000000000000094
:10E9E8000080E03779C34143176E05B5B5B8934643
:10E9F800F5F93FE9034F384D321D30F94877825A0F
:10EA08003CBF737FDD4F1575000000000000F03F2C
:10EA180000000000000024400000000000005940F1
:10EA28000000000000408F40000000000088C34044
:10EA380000000000006AF8400000000080842E41B9
:10EA480000000000D01263410000000084D7974105
:10EA58000000000065CDCD41000000205FA002420B
:10EA6800000000E876483742000000A2941A6D4280
:10EA7800000040E59C30A2420000901EC4BCD64273
:10EA880000003426F56B0C430080E03779C341431E
:10EA980000A0D8855734764300C84E676DC1AB4394
:10EAA800003D9160E458E143408CB5781DAF1544B2
:10EAB80050EFE2D6E41A4B4492D54D06CFF080448D
:10EAC800F64AE1C7022DB544B49DD9794378EA44A2
:10EAD8000020202020202020202028282828282026
:10EAE800202020202020202020202020202020201E
:10EAF8002088101010101010101010101010101086
:10EB08001004040404040404040404101010101075
:10EB1800101041414141414101010101010101013F
:10EB28000101010101010101010101011010101091
:10EB38001010424242424242020202020202020211
:10EB48000202020202020202020202021010101065
:10EB5800200000000000000000000000000000008D
:10EB6800000000000000000000000000000000009D
:10EB7800000000000000000000000000000000008D
:10EB8800000000000000000000000000000000007D
:10EB9800000000000000000000000000000000006D
:10EBA800000000000000000000000000000000005D
:10EBB800000000000000000000000000000000004D
:10EBC800000000000000000000000000000000003D
:04EBD8000000000039
:08EBDC00D41FFF7F01000000BF
:04EBE400C90C000850
:04EBE800A10C000874
:10EBEC000020C14400007A440000000000B02E4513
:10EBFC000000FA430000000000F05C450000E64312
:10EC0C000000000000604C450080FA43000000004A
:10EC1C0000C04B4500007F440000000000C04B4585
:10EC2C000000BE440000000000204B4500C0BE4464
:10EC3C000000000000401C450080BB440000B442B2
:10EC4C0000C01E440080BB44000034430000DC4381
:10EC5C000080DE43000087430080E3430000114442
:10EC6C00000034430080E34300007544000034434B
:10EC7C000080E3430080B144000034430000DC43D7
:10EC8C0000E0BF440000B44200801D440000FA4381
:10EC9C000000344300801D440080BB44000034431A
:10ECAC000080CA4300001644000034430080CA436D
:10ECBC0000007A44000034430080CA430000AF4493
:10ECCC0000003443004044440000FA430000344345
:10ECDC0000F05C450000FA430000000000C04B450A
:10ECEC0000007A440000000000C04B450080BB448B
:10ECFC000000000000F05C450080BB4400000000F8
:10ED0C0000C01E440080BB440000874300404444C4
:10ED1C000080BB440000B4420000164400007A445A
:10ED2C00000034430080D9430000114400003443F8
:10ED3C000080D94300007544000034430080D9435F
:10ED4C000080B14400003443010000000000C040CA
:10ED5C0078030020F40000000024F40001000000FF
:10ED6C0010000000AAAAAAAA0000000003000000DC
:10ED7C002855002098010020000000002855002094
:10ED8C0090550020F8550020000000000000000005
:10ED9C000000000000000000000000000000000067
:10EDAC000000000000000000000000000000000057
:10EDBC000000000000000000000000000000000047
:10EDCC0000000000430000000000000000000000F4
:10EDDC000000000000000000000000000000000027
:10EDEC0000000000430000000000000000000000D4
:10EDFC000000000000000000000000000000000007
:10EE0C0000000000430000000000000000000000B3
:10EE1C0000000000000000000000000000000000E6
:10EE2C000000000043000000000000000000000093
:10EE3C0000000000000000000000000000000000C6
:10EE4C000000000043000000000000000000000073
:10EE5C0000000000000000000000000000000000A6
:10EE6C000000000043000000000000000000000053
:10EE7C000000000000000000000000000000000086
:10EE8C000000000043000000000000000000000033
:10EE9C000000000000000000000000000000000066
:10EEAC000000000045E2000821E20008000000001C
:10EEBC00D8EA000899E90008D6E90008D6E9000864
:10EECC00D6E90008D6E90008D6E90008D6E900081A
:10EEDC00D6E90008D6E90008D6E90008FFFFFFFFD5
:10EEEC00FFFFFFFFFFFFFFFFFFFF0000010041538B
:10EEFC004349490000000000000000000000000031
:10EF0C000000000000000000000000000000415361
:10EF1C004349490000000000000000000000000010
:10EF2C0000000000000000000000000000000000D5
:040000050800A0B19E
:00000001FF
