ARM GAS  C:\Users\HZW\AppData\Local\Temp\ccTJIHY2.s 			page 1


   1              		.cpu cortex-m4
   2              		.arch armv7e-m
   3              		.fpu fpv4-sp-d16
   4              		.eabi_attribute 27, 1
   5              		.eabi_attribute 28, 1
   6              		.eabi_attribute 20, 1
   7              		.eabi_attribute 21, 1
   8              		.eabi_attribute 23, 3
   9              		.eabi_attribute 24, 1
  10              		.eabi_attribute 25, 1
  11              		.eabi_attribute 26, 1
  12              		.eabi_attribute 30, 1
  13              		.eabi_attribute 34, 1
  14              		.eabi_attribute 18, 4
  15              		.file	"main.c"
  16              		.text
  17              	.Ltext0:
  18              		.cfi_sections	.debug_frame
  19              		.file 1 "Core/Src/main.c"
  20              		.section	.text.HAL_CAN_RxFifo0MsgPendingCallback,"ax",%progbits
  21              		.align	1
  22              		.global	HAL_CAN_RxFifo0MsgPendingCallback
  23              		.syntax unified
  24              		.thumb
  25              		.thumb_func
  27              	HAL_CAN_RxFifo0MsgPendingCallback:
  28              	.LVL0:
  29              	.LFB139:
   1:Core/Src/main.c **** /* USER CODE BEGIN Header */
   2:Core/Src/main.c **** /**
   3:Core/Src/main.c ****   ******************************************************************************
   4:Core/Src/main.c ****   * @file           : main.c
   5:Core/Src/main.c ****   * @brief          : Main program body
   6:Core/Src/main.c ****   ******************************************************************************
   7:Core/Src/main.c ****   * @attention
   8:Core/Src/main.c ****   *
   9:Core/Src/main.c ****   * Copyright (c) 2025 STMicroelectronics.
  10:Core/Src/main.c ****   * All rights reserved.
  11:Core/Src/main.c ****   *
  12:Core/Src/main.c ****   * This software is licensed under terms that can be found in the LICENSE file
  13:Core/Src/main.c ****   * in the root directory of this software component.
  14:Core/Src/main.c ****   * If no LICENSE file comes with this software, it is provided AS-IS.
  15:Core/Src/main.c ****   *
  16:Core/Src/main.c ****   ******************************************************************************
  17:Core/Src/main.c ****   */
  18:Core/Src/main.c **** /* USER CODE END Header */
  19:Core/Src/main.c **** /* Includes ------------------------------------------------------------------*/
  20:Core/Src/main.c **** #include "main.h"
  21:Core/Src/main.c **** #include "can.h"
  22:Core/Src/main.c **** #include "dma.h"
  23:Core/Src/main.c **** #include "usart.h"
  24:Core/Src/main.c **** #include "gpio.h"
  25:Core/Src/main.c **** 
  26:Core/Src/main.c **** /* Private includes ----------------------------------------------------------*/
  27:Core/Src/main.c **** /* USER CODE BEGIN Includes */
  28:Core/Src/main.c **** // #include "car.h"
  29:Core/Src/main.c **** #include "tim.h"
ARM GAS  C:\Users\HZW\AppData\Local\Temp\ccTJIHY2.s 			page 2


  30:Core/Src/main.c **** #include "app.h"
  31:Core/Src/main.c **** #include "bsp.h"
  32:Core/Src/main.c **** 
  33:Core/Src/main.c **** /* USER CODE END Includes */
  34:Core/Src/main.c **** 
  35:Core/Src/main.c **** /* Private typedef -----------------------------------------------------------*/
  36:Core/Src/main.c **** /* USER CODE BEGIN PTD */
  37:Core/Src/main.c **** 
  38:Core/Src/main.c **** /* USER CODE END PTD */
  39:Core/Src/main.c **** 
  40:Core/Src/main.c **** /* Private define ------------------------------------------------------------*/
  41:Core/Src/main.c **** /* USER CODE BEGIN PD */
  42:Core/Src/main.c **** 
  43:Core/Src/main.c **** /* USER CODE END PD */
  44:Core/Src/main.c **** 
  45:Core/Src/main.c **** /* Private macro -------------------------------------------------------------*/
  46:Core/Src/main.c **** /* USER CODE BEGIN PM */
  47:Core/Src/main.c **** 
  48:Core/Src/main.c **** /* USER CODE END PM */
  49:Core/Src/main.c **** 
  50:Core/Src/main.c **** /* Private variables ---------------------------------------------------------*/
  51:Core/Src/main.c **** 
  52:Core/Src/main.c **** /* USER CODE BEGIN PV */
  53:Core/Src/main.c **** /// 远程调试串口
  54:Core/Src/main.c **** uint8_t rxcmd7[16];       // 接收远程串口的数据
  55:Core/Src/main.c **** uint8_t uart7_rx_flag = 0; // 串口接收标志
  56:Core/Src/main.c **** char rx_buffer[16];       // 接收缓冲区
  57:Core/Src/main.c **** uint8_t rx_index = 0;     // 接收索引
  58:Core/Src/main.c **** float target_speed = 0;    // 目标速度
  59:Core/Src/main.c **** 
  60:Core/Src/main.c **** // 陀螺仪串口
  61:Core/Src/main.c **** #define RXCMD6_DMA_SIZE 33
  62:Core/Src/main.c **** uint8_t rxcmd6_dma[RXCMD6_DMA_SIZE];      // DMA 写入的缓冲区
  63:Core/Src/main.c **** uint8_t rxcmd6_app[RXCMD6_DMA_SIZE];      // 应用程序读取的缓冲区
  64:Core/Src/main.c **** 
  65:Core/Src/main.c **** // 用于检测跳变的omega
  66:Core/Src/main.c **** volatile float omega_1 = 0;
  67:Core/Src/main.c **** volatile float omega = 0;                      // 陀螺仪反馈的角度，单位：°
  68:Core/Src/main.c **** volatile float current_angle_speed = 0;        // 陀螺仪反馈的角速度，单位：°/s
  69:Core/Src/main.c **** uint32_t last_receive_hwt_time = 0;   // 上一次接收陀螺仪数据的时间
  70:Core/Src/main.c **** 
  71:Core/Src/main.c **** /* USER CODE END PV */
  72:Core/Src/main.c **** 
  73:Core/Src/main.c **** /* Private function prototypes -----------------------------------------------*/
  74:Core/Src/main.c **** void SystemClock_Config(void);
  75:Core/Src/main.c **** /* USER CODE BEGIN PFP */
  76:Core/Src/main.c **** 
  77:Core/Src/main.c **** /* USER CODE END PFP */
  78:Core/Src/main.c **** 
  79:Core/Src/main.c **** /* Private user code ---------------------------------------------------------*/
  80:Core/Src/main.c **** /* USER CODE BEGIN 0 */
  81:Core/Src/main.c **** 
  82:Core/Src/main.c **** /* USER CODE END 0 */
  83:Core/Src/main.c **** 
  84:Core/Src/main.c **** /**
  85:Core/Src/main.c ****   * @brief  The application entry point.
  86:Core/Src/main.c ****   * @retval int
ARM GAS  C:\Users\HZW\AppData\Local\Temp\ccTJIHY2.s 			page 3


  87:Core/Src/main.c ****   */
  88:Core/Src/main.c **** int main(void)
  89:Core/Src/main.c **** {
  90:Core/Src/main.c **** 
  91:Core/Src/main.c ****   /* USER CODE BEGIN 1 */
  92:Core/Src/main.c **** 
  93:Core/Src/main.c ****   /* USER CODE END 1 */
  94:Core/Src/main.c **** 
  95:Core/Src/main.c ****   /* MCU Configuration--------------------------------------------------------*/
  96:Core/Src/main.c **** 
  97:Core/Src/main.c ****   /* Reset of all peripherals, Initializes the Flash interface and the Systick. */
  98:Core/Src/main.c ****   HAL_Init();
  99:Core/Src/main.c **** 
 100:Core/Src/main.c ****   /* USER CODE BEGIN Init */
 101:Core/Src/main.c **** 
 102:Core/Src/main.c ****   /* USER CODE END Init */
 103:Core/Src/main.c **** 
 104:Core/Src/main.c ****   /* Configure the system clock */
 105:Core/Src/main.c ****   SystemClock_Config();
 106:Core/Src/main.c **** 
 107:Core/Src/main.c ****   /* USER CODE BEGIN SysInit */
 108:Core/Src/main.c **** 
 109:Core/Src/main.c ****   /* USER CODE END SysInit */
 110:Core/Src/main.c **** 
 111:Core/Src/main.c ****   /* Initialize all configured peripherals */
 112:Core/Src/main.c ****   MX_GPIO_Init();
 113:Core/Src/main.c ****   MX_DMA_Init();
 114:Core/Src/main.c ****   MX_USART1_UART_Init();
 115:Core/Src/main.c ****   MX_USART2_UART_Init();
 116:Core/Src/main.c ****   MX_USART3_UART_Init();
 117:Core/Src/main.c ****   MX_UART7_Init();
 118:Core/Src/main.c ****   MX_UART8_Init();
 119:Core/Src/main.c ****   MX_USART6_UART_Init();
 120:Core/Src/main.c ****   MX_CAN1_Init();
 121:Core/Src/main.c ****   /* USER CODE BEGIN 2 */
 122:Core/Src/main.c ****   __HAL_UART_ENABLE_IT(&huart6, UART_IT_IDLE);
 123:Core/Src/main.c ****   HAL_UART_Receive_DMA(&huart6, rxcmd6_dma, RXCMD6_DMA_SIZE);
 124:Core/Src/main.c ****   
 125:Core/Src/main.c ****   // 初始化CAN
 126:Core/Src/main.c ****   CAN_Filter_Config();
 127:Core/Src/main.c ****   if(HAL_CAN_Start(&hcan1) != HAL_OK)
 128:Core/Src/main.c ****   {
 129:Core/Src/main.c ****     Error_Handler();
 130:Core/Src/main.c ****   }
 131:Core/Src/main.c ****   if(HAL_CAN_ActivateNotification(&hcan1, CAN_IT_RX_FIFO0_MSG_PENDING) != HAL_OK)
 132:Core/Src/main.c ****   {
 133:Core/Src/main.c ****     Error_Handler();
 134:Core/Src/main.c ****   }
 135:Core/Src/main.c ****   
 136:Core/Src/main.c ****   /* 初始化TIM12 */
 137:Core/Src/main.c ****   MX_TIM12_Init();
 138:Core/Src/main.c ****   
 139:Core/Src/main.c ****   // 蜂鸣器提示初始化完成
 140:Core/Src/main.c ****   Buzzer_On();
 141:Core/Src/main.c ****   HAL_Delay(100);
 142:Core/Src/main.c ****   Buzzer_Off();
 143:Core/Src/main.c ****   HAL_Delay(100);
ARM GAS  C:\Users\HZW\AppData\Local\Temp\ccTJIHY2.s 			page 4


 144:Core/Src/main.c ****   Buzzer_On();
 145:Core/Src/main.c ****   HAL_Delay(100);
 146:Core/Src/main.c ****   Buzzer_Off();
 147:Core/Src/main.c ****   bsp_init();
 148:Core/Src/main.c ****   app_init();
 149:Core/Src/main.c ****   /* USER CODE END 2 */
 150:Core/Src/main.c **** 
 151:Core/Src/main.c ****   /* Infinite loop */
 152:Core/Src/main.c ****   /* USER CODE BEGIN WHILE */
 153:Core/Src/main.c ****   while (1)
 154:Core/Src/main.c ****   {
 155:Core/Src/main.c ****     // En_Scara_Motor();
 156:Core/Src/main.c ****     // Change_Scara_Motor_Mode(MODE_POS);
 157:Core/Src/main.c **** 
 158:Core/Src/main.c ****     
 159:Core/Src/main.c ****     // Change_Chassis_Motor_Mode(MODE_POS);
 160:Core/Src/main.c **** 
 161:Core/Src/main.c **** 
 162:Core/Src/main.c ****     // Move_At_Angle(0,200,500);
 163:Core/Src/main.c ****     // MI_motor_enable(motors[1]);
 164:Core/Src/main.c ****     // // MI_motor_SetSpdLim(motors[1], 10);
 165:Core/Src/main.c ****     // // MI_motor_PosCtrl(motors[1], 1);
 166:Core/Src/main.c ****     // MI_motor_setMode(motors[1], MODE_POS);
 167:Core/Src/main.c ****     // // MI_motor_PosCtrl(motors[1], 3);
 168:Core/Src/main.c ****     // MI_motor_PosCtrl(motors[1], 3);
 169:Core/Src/main.c ****     // MI_motor_setMode(motors[1], MODE_POS);
 170:Core/Src/main.c ****     // MI_motor_PosCtrl(motors[1], 2);
 171:Core/Src/main.c ****     // HAL_Delay(1500);
 172:Core/Src/main.c ****     // printf("hello\r\n");
 173:Core/Src/main.c **** 
 174:Core/Src/main.c ****     // MI_motor_PosCtrl(motors[6], 0);
 175:Core/Src/main.c **** 
 176:Core/Src/main.c ****     // HAL_Delay(1000);
 177:Core/Src/main.c ****     // MI_motor_setMode(motors[5], MODE_POS);
 178:Core/Src/main.c ****     // MI_motor_PosCtrl(motors[5], 1);
 179:Core/Src/main.c ****     // MI_motor_PosCtrl(motors[6], 1);
 180:Core/Src/main.c ****     // MI_motor_setMode(motors[2], MODE_POS);
 181:Core/Src/main.c ****     // MI_motor_PosCtrl(motors[2], 1);
 182:Core/Src/main.c ****     // HAL_Delay(1000000000);
 183:Core/Src/main.c ****   
 184:Core/Src/main.c **** 
 185:Core/Src/main.c ****     
 186:Core/Src/main.c ****     /* USER CODE END WHILE */
 187:Core/Src/main.c **** 
 188:Core/Src/main.c ****     /* USER CODE BEGIN 3 */
 189:Core/Src/main.c **** 
 190:Core/Src/main.c **** 
 191:Core/Src/main.c ****     // uint32_t start_time = HAL_GetTick();
 192:Core/Src/main.c ****     // Move_At_Angle(-72, 1700, 900);
 193:Core/Src/main.c ****     // HAL_Delay(3500);
 194:Core/Src/main.c ****     // printf("omega: %f\r\n", omega);
 195:Core/Src/main.c ****     // Move_At_Angle(180,200,200);
 196:Core/Src/main.c ****     // HAL_Delay(2500);
 197:Core/Src/main.c ****     // printf("omega: %f\r\n", omega);
 198:Core/Src/main.c ****     // Move_At_Angle(0,500,600);
 199:Core/Src/main.c ****     // HAL_Delay(2500);
 200:Core/Src/main.c ****     // printf("omega: %f\r\n", omega);
ARM GAS  C:\Users\HZW\AppData\Local\Temp\ccTJIHY2.s 			page 5


 201:Core/Src/main.c ****     // Move_At_Angle(90,3000,1000);
 202:Core/Src/main.c ****     // HAL_Delay(5500);
 203:Core/Src/main.c ****     // printf("omega: %f\r\n", omega);
 204:Core/Src/main.c ****     // Reset_Lifting_Motor_MechPosition();
 205:Core/Src/main.c **** 
 206:Core/Src/main.c ****     Lift_Move_To_Height(8);
 207:Core/Src/main.c **** 
 208:Core/Src/main.c ****     // MI_motor_setMode(motors[7], MODE_POS);
 209:Core/Src/main.c ****     // MI_motor_PosCtrl(motors[7], -14.5f);
 210:Core/Src/main.c ****     while(1)
 211:Core/Src/main.c ****     {
 212:Core/Src/main.c **** 
 213:Core/Src/main.c ****       if(Lift_Is_Reached())
 214:Core/Src/main.c ****       {
 215:Core/Src/main.c ****         printf("Lift_Is_Reached\r\n");
 216:Core/Src/main.c ****         break;
 217:Core/Src/main.c ****       }
 218:Core/Src/main.c ****     }
 219:Core/Src/main.c ****     HAL_Delay(1000);
 220:Core/Src/main.c ****     
 221:Core/Src/main.c **** 
 222:Core/Src/main.c ****     // Move_At_Angle(0,900,500);
 223:Core/Src/main.c ****     HAL_Delay(1000000000);
 224:Core/Src/main.c **** 
 225:Core/Src/main.c ****     // HAL_Delay(2000);
 226:Core/Src/main.c ****     // printf("omega: %f\r\n", omega);
 227:Core/Src/main.c ****     // HAL_Delay(2);
 228:Core/Src/main.c ****     // uint32_t end_time = HAL_GetTick();
 229:Core/Src/main.c ****     // printf("time: %d\r\n", end_time - start_time);
 230:Core/Src/main.c **** 
 231:Core/Src/main.c ****   }
 232:Core/Src/main.c ****   /* USER CODE END 3 */
 233:Core/Src/main.c **** }
 234:Core/Src/main.c **** 
 235:Core/Src/main.c **** /**
 236:Core/Src/main.c ****   * @brief System Clock Configuration
 237:Core/Src/main.c ****   * @retval None
 238:Core/Src/main.c ****   */
 239:Core/Src/main.c **** void SystemClock_Config(void)
 240:Core/Src/main.c **** {
 241:Core/Src/main.c ****   RCC_OscInitTypeDef RCC_OscInitStruct = {0};
 242:Core/Src/main.c ****   RCC_ClkInitTypeDef RCC_ClkInitStruct = {0};
 243:Core/Src/main.c **** 
 244:Core/Src/main.c ****   /** Configure the main internal regulator output voltage
 245:Core/Src/main.c ****   */
 246:Core/Src/main.c ****   __HAL_RCC_PWR_CLK_ENABLE();
 247:Core/Src/main.c ****   __HAL_PWR_VOLTAGESCALING_CONFIG(PWR_REGULATOR_VOLTAGE_SCALE1);
 248:Core/Src/main.c **** 
 249:Core/Src/main.c ****   /** Initializes the RCC Oscillators according to the specified parameters
 250:Core/Src/main.c ****   * in the RCC_OscInitTypeDef structure.
 251:Core/Src/main.c ****   */
 252:Core/Src/main.c ****   RCC_OscInitStruct.OscillatorType = RCC_OSCILLATORTYPE_HSE;
 253:Core/Src/main.c ****   RCC_OscInitStruct.HSEState = RCC_HSE_ON;
 254:Core/Src/main.c ****   RCC_OscInitStruct.PLL.PLLState = RCC_PLL_ON;
 255:Core/Src/main.c ****   RCC_OscInitStruct.PLL.PLLSource = RCC_PLLSOURCE_HSE;
 256:Core/Src/main.c ****   RCC_OscInitStruct.PLL.PLLM = 6;
 257:Core/Src/main.c ****   RCC_OscInitStruct.PLL.PLLN = 180;
ARM GAS  C:\Users\HZW\AppData\Local\Temp\ccTJIHY2.s 			page 6


 258:Core/Src/main.c ****   RCC_OscInitStruct.PLL.PLLP = RCC_PLLP_DIV2;
 259:Core/Src/main.c ****   RCC_OscInitStruct.PLL.PLLQ = 4;
 260:Core/Src/main.c ****   if (HAL_RCC_OscConfig(&RCC_OscInitStruct) != HAL_OK)
 261:Core/Src/main.c ****   {
 262:Core/Src/main.c ****     Error_Handler();
 263:Core/Src/main.c ****   }
 264:Core/Src/main.c **** 
 265:Core/Src/main.c ****   /** Activate the Over-Drive mode
 266:Core/Src/main.c ****   */
 267:Core/Src/main.c ****   if (HAL_PWREx_EnableOverDrive() != HAL_OK)
 268:Core/Src/main.c ****   {
 269:Core/Src/main.c ****     Error_Handler();
 270:Core/Src/main.c ****   }
 271:Core/Src/main.c **** 
 272:Core/Src/main.c ****   /** Initializes the CPU, AHB and APB buses clocks
 273:Core/Src/main.c ****   */
 274:Core/Src/main.c ****   RCC_ClkInitStruct.ClockType = RCC_CLOCKTYPE_HCLK|RCC_CLOCKTYPE_SYSCLK
 275:Core/Src/main.c ****                               |RCC_CLOCKTYPE_PCLK1|RCC_CLOCKTYPE_PCLK2;
 276:Core/Src/main.c ****   RCC_ClkInitStruct.SYSCLKSource = RCC_SYSCLKSOURCE_PLLCLK;
 277:Core/Src/main.c ****   RCC_ClkInitStruct.AHBCLKDivider = RCC_SYSCLK_DIV1;
 278:Core/Src/main.c ****   RCC_ClkInitStruct.APB1CLKDivider = RCC_HCLK_DIV4;
 279:Core/Src/main.c ****   RCC_ClkInitStruct.APB2CLKDivider = RCC_HCLK_DIV2;
 280:Core/Src/main.c **** 
 281:Core/Src/main.c ****   if (HAL_RCC_ClockConfig(&RCC_ClkInitStruct, FLASH_LATENCY_5) != HAL_OK)
 282:Core/Src/main.c ****   {
 283:Core/Src/main.c ****     Error_Handler();
 284:Core/Src/main.c ****   }
 285:Core/Src/main.c **** }
 286:Core/Src/main.c **** 
 287:Core/Src/main.c **** /* USER CODE BEGIN 4 */
 288:Core/Src/main.c **** 
 289:Core/Src/main.c **** /* CAN接收中断回调函数 */
 290:Core/Src/main.c **** void HAL_CAN_RxFifo0MsgPendingCallback(CAN_HandleTypeDef *hcan)
 291:Core/Src/main.c **** {
  30              		.loc 1 291 1 view -0
  31              		.cfi_startproc
  32              		@ args = 0, pretend = 0, frame = 40
  33              		@ frame_needed = 0, uses_anonymous_args = 0
  34              		.loc 1 291 1 is_stmt 0 view .LVU1
  35 0000 10B5     		push	{r4, lr}
  36              	.LCFI0:
  37              		.cfi_def_cfa_offset 8
  38              		.cfi_offset 4, -8
  39              		.cfi_offset 14, -4
  40 0002 8AB0     		sub	sp, sp, #40
  41              	.LCFI1:
  42              		.cfi_def_cfa_offset 48
  43 0004 0446     		mov	r4, r0
 292:Core/Src/main.c ****     CAN_RxHeaderTypeDef RxHeader;
  44              		.loc 1 292 5 is_stmt 1 view .LVU2
 293:Core/Src/main.c ****     uint8_t RxData[8];
  45              		.loc 1 293 5 view .LVU3
 294:Core/Src/main.c ****     // printf("\rCAN receive\r\n");
 295:Core/Src/main.c ****     /* 获取接收到的消息 */
 296:Core/Src/main.c ****     if (HAL_CAN_GetRxMessage(hcan, CAN_RX_FIFO0, &RxHeader, RxData) == HAL_OK)
  46              		.loc 1 296 5 view .LVU4
  47              		.loc 1 296 9 is_stmt 0 view .LVU5
ARM GAS  C:\Users\HZW\AppData\Local\Temp\ccTJIHY2.s 			page 7


  48 0006 01AB     		add	r3, sp, #4
  49 0008 03AA     		add	r2, sp, #12
  50 000a 0021     		movs	r1, #0
  51 000c FFF7FEFF 		bl	HAL_CAN_GetRxMessage
  52              	.LVL1:
  53              		.loc 1 296 8 discriminator 1 view .LVU6
  54 0010 18B9     		cbnz	r0, .L1
 297:Core/Src/main.c ****     {
 298:Core/Src/main.c ****         /* 判断是哪个CAN接口接收到数据 */
 299:Core/Src/main.c ****         if (hcan->Instance == CAN1)
  55              		.loc 1 299 9 is_stmt 1 view .LVU7
  56              		.loc 1 299 17 is_stmt 0 view .LVU8
  57 0012 2268     		ldr	r2, [r4]
  58              		.loc 1 299 12 view .LVU9
  59 0014 064B     		ldr	r3, .L5
  60 0016 9A42     		cmp	r2, r3
  61 0018 01D0     		beq	.L4
  62              	.L1:
 300:Core/Src/main.c ****         {
 301:Core/Src/main.c ****             /* 处理CAN1接收到的数据 */
 302:Core/Src/main.c ****             if (RxHeader.IDE == CAN_ID_EXT) /* 扩展帧 */
 303:Core/Src/main.c ****             {
 304:Core/Src/main.c ****                 MIMotor_MotorDataDecode(RxHeader.ExtId, RxData);
 305:Core/Src/main.c ****             }
 306:Core/Src/main.c ****         }
 307:Core/Src/main.c ****         else if (hcan->Instance == CAN2)
 308:Core/Src/main.c ****         {
 309:Core/Src/main.c ****             /* 处理CAN2接收到的数据 */
 310:Core/Src/main.c ****             if (RxHeader.IDE == CAN_ID_EXT) /* 扩展帧 */
 311:Core/Src/main.c ****             {
 312:Core/Src/main.c ****                 // MIMotor_MotorDataDecode(RxHeader.ExtId, RxData);
 313:Core/Src/main.c ****             }
 314:Core/Src/main.c ****         }
 315:Core/Src/main.c ****     }
 316:Core/Src/main.c **** }
  63              		.loc 1 316 1 view .LVU10
  64 001a 0AB0     		add	sp, sp, #40
  65              	.LCFI2:
  66              		.cfi_remember_state
  67              		.cfi_def_cfa_offset 8
  68              		@ sp needed
  69 001c 10BD     		pop	{r4, pc}
  70              	.LVL2:
  71              	.L4:
  72              	.LCFI3:
  73              		.cfi_restore_state
 302:Core/Src/main.c ****             {
  74              		.loc 1 302 13 is_stmt 1 view .LVU11
 302:Core/Src/main.c ****             {
  75              		.loc 1 302 25 is_stmt 0 view .LVU12
  76 001e 059B     		ldr	r3, [sp, #20]
 302:Core/Src/main.c ****             {
  77              		.loc 1 302 16 view .LVU13
  78 0020 042B     		cmp	r3, #4
  79 0022 FAD1     		bne	.L1
 304:Core/Src/main.c ****             }
  80              		.loc 1 304 17 is_stmt 1 view .LVU14
ARM GAS  C:\Users\HZW\AppData\Local\Temp\ccTJIHY2.s 			page 8


  81 0024 01A9     		add	r1, sp, #4
  82 0026 0498     		ldr	r0, [sp, #16]
  83 0028 FFF7FEFF 		bl	MIMotor_MotorDataDecode
  84              	.LVL3:
 313:Core/Src/main.c ****         }
  85              		.loc 1 313 13 view .LVU15
  86              		.loc 1 316 1 is_stmt 0 view .LVU16
  87 002c F5E7     		b	.L1
  88              	.L6:
  89 002e 00BF     		.align	2
  90              	.L5:
  91 0030 00640040 		.word	1073767424
  92              		.cfi_endproc
  93              	.LFE139:
  95              		.section	.text.HAL_UART_RxCpltCallback,"ax",%progbits
  96              		.align	1
  97              		.global	HAL_UART_RxCpltCallback
  98              		.syntax unified
  99              		.thumb
 100              		.thumb_func
 102              	HAL_UART_RxCpltCallback:
 103              	.LVL4:
 104              	.LFB140:
 317:Core/Src/main.c **** 
 318:Core/Src/main.c **** /**
 319:Core/Src/main.c ****  * @brief  Rx Transfer completed callback
 320:Core/Src/main.c ****  * @param  huart: UART handle
 321:Core/Src/main.c ****  * @retval None
 322:Core/Src/main.c ****  */
 323:Core/Src/main.c **** void HAL_UART_RxCpltCallback(UART_HandleTypeDef *huart)
 324:Core/Src/main.c **** {
 105              		.loc 1 324 1 is_stmt 1 view -0
 106              		.cfi_startproc
 107              		@ args = 0, pretend = 0, frame = 0
 108              		@ frame_needed = 0, uses_anonymous_args = 0
 109              		.loc 1 324 1 is_stmt 0 view .LVU18
 110 0000 38B5     		push	{r3, r4, r5, lr}
 111              	.LCFI4:
 112              		.cfi_def_cfa_offset 16
 113              		.cfi_offset 3, -16
 114              		.cfi_offset 4, -12
 115              		.cfi_offset 5, -8
 116              		.cfi_offset 14, -4
 325:Core/Src/main.c ****     
 326:Core/Src/main.c ****     if (huart == &huart6)//陀螺仪串口
 117              		.loc 1 326 5 is_stmt 1 view .LVU19
 118              		.loc 1 326 8 is_stmt 0 view .LVU20
 119 0002 7B4B     		ldr	r3, .L42
 120 0004 9842     		cmp	r0, r3
 121 0006 04D0     		beq	.L36
 327:Core/Src/main.c ****     {
 328:Core/Src/main.c ****         static int wrap_count = 0;   // 静态本地变量，记录圈数
 329:Core/Src/main.c ****         static float prev_omega = 0; // 静态本地变量，记录上一次的角度
 330:Core/Src/main.c ****         // 记录接收时间戳
 331:Core/Src/main.c ****         last_receive_hwt_time = HAL_GetTick();
 332:Core/Src/main.c **** 
 333:Core/Src/main.c ****         // 将DMA缓冲区数据复制到应用缓冲区
ARM GAS  C:\Users\HZW\AppData\Local\Temp\ccTJIHY2.s 			page 9


 334:Core/Src/main.c ****         memcpy(rxcmd6_app, rxcmd6_dma, RXCMD6_DMA_SIZE);  
 335:Core/Src/main.c ****         // HAL_UART_Transmit(&huart7, rxcmd6_app, RXCMD6_DMA_SIZE ,0xFFFF);
 336:Core/Src/main.c ****         //  清空DMA缓冲区
 337:Core/Src/main.c ****         memset(rxcmd6_dma, 0, RXCMD6_DMA_SIZE);
 338:Core/Src/main.c **** 
 339:Core/Src/main.c ****         //丢掉第一次校零的返回值
 340:Core/Src/main.c ****         for (int i = 0; i < RXCMD6_DMA_SIZE; i++)
 341:Core/Src/main.c ****         {
 342:Core/Src/main.c ****           if (rxcmd6_app[i] == 0x2E)
 343:Core/Src/main.c ****           {
 344:Core/Src/main.c ****             if (rxcmd6_app[i + 1] == 0x2E && rxcmd6_app[i + 2] == 0x2E)
 345:Core/Src/main.c ****             {
 346:Core/Src/main.c ****               memset(rxcmd6_app, 0, RXCMD6_DMA_SIZE);
 347:Core/Src/main.c ****             }
 348:Core/Src/main.c ****           }
 349:Core/Src/main.c ****         }
 350:Core/Src/main.c ****         // 数据帧检测和解析
 351:Core/Src/main.c ****         for (int i = 0; i < RXCMD6_DMA_SIZE - 7; i++)
 352:Core/Src/main.c ****         {
 353:Core/Src/main.c ****           // 检测角度数据帧头(0x55 0x53)
 354:Core/Src/main.c ****           if (rxcmd6_app[i] == 0x55 && rxcmd6_app[i + 1] == 0x53)
 355:Core/Src/main.c ****           {
 356:Core/Src/main.c ****             // 解算角度数据(-180到180度)
 357:Core/Src/main.c ****             omega_1 = -((float)((int16_t)(rxcmd6_app[i + 7] << 8) | rxcmd6_app[i + 6])) / 32768 * 1
 358:Core/Src/main.c **** 
 359:Core/Src/main.c ****             // 处理角度跳变，实现多圈角度计算
 360:Core/Src/main.c ****             if (prev_omega < 180 && prev_omega > 90 && omega_1 < -90 && omega_1 > -180)
 361:Core/Src/main.c ****             {
 362:Core/Src/main.c ****               wrap_count++; // 正向跳变
 363:Core/Src/main.c ****             }
 364:Core/Src/main.c ****             else if (prev_omega < -90 && prev_omega > -180 && omega_1 > 90 && omega_1 < 180)
 365:Core/Src/main.c ****             {
 366:Core/Src/main.c ****               wrap_count--; // 负向跳变
 367:Core/Src/main.c ****             }
 368:Core/Src/main.c ****             else
 369:Core/Src/main.c ****             {
 370:Core/Src/main.c ****               wrap_count = wrap_count;
 371:Core/Src/main.c ****             }
 372:Core/Src/main.c **** 
 373:Core/Src/main.c ****             if (omega_1 != 180 && omega_1 != -180)
 374:Core/Src/main.c ****             {
 375:Core/Src/main.c ****               // 计算实际角度
 376:Core/Src/main.c ****               omega = omega_1 + wrap_count * 360.0f;
 377:Core/Src/main.c ****               prev_omega = omega_1;
 378:Core/Src/main.c ****             }
 379:Core/Src/main.c ****           }
 380:Core/Src/main.c **** 
 381:Core/Src/main.c ****           // 检测角速度数据帧头(0x55 0x52)
 382:Core/Src/main.c ****           if (rxcmd6_app[i] == 0x55 && rxcmd6_app[i + 1] == 0x52)
 383:Core/Src/main.c ****           {
 384:Core/Src/main.c ****             // 解算角速度数据
 385:Core/Src/main.c ****             current_angle_speed = -((float)((int16_t)(rxcmd6_app[i + 7] << 8) | rxcmd6_app[i + 6]))
 386:Core/Src/main.c ****           }
 387:Core/Src/main.c ****         }
 388:Core/Src/main.c **** 
 389:Core/Src/main.c ****         // 重新启动DMA接收
 390:Core/Src/main.c ****         HAL_UART_Receive_DMA(&huart6, rxcmd6_dma, RXCMD6_DMA_SIZE);
ARM GAS  C:\Users\HZW\AppData\Local\Temp\ccTJIHY2.s 			page 10


 391:Core/Src/main.c ****     }
 392:Core/Src/main.c **** 
 393:Core/Src/main.c ****     else if (huart == &huart7)//远程调试串口
 122              		.loc 1 393 10 is_stmt 1 view .LVU21
 123              		.loc 1 393 13 is_stmt 0 view .LVU22
 124 0008 7A4B     		ldr	r3, .L42+4
 125 000a 9842     		cmp	r0, r3
 126 000c 00F0EC80 		beq	.L37
 127              	.LVL5:
 128              	.L7:
 394:Core/Src/main.c ****     {
 395:Core/Src/main.c ****       uart7_rx_flag = 1;  // 设置接收标志
 396:Core/Src/main.c ****     }
 397:Core/Src/main.c **** 
 398:Core/Src/main.c ****     else if (huart == &huart8)//filter舵机串口
 399:Core/Src/main.c ****     {
 400:Core/Src/main.c **** 
 401:Core/Src/main.c ****     }
 402:Core/Src/main.c **** }
 129              		.loc 1 402 1 view .LVU23
 130 0010 38BD     		pop	{r3, r4, r5, pc}
 131              	.LVL6:
 132              	.L36:
 133              	.LBB4:
 328:Core/Src/main.c ****         static float prev_omega = 0; // 静态本地变量，记录上一次的角度
 134              		.loc 1 328 9 is_stmt 1 view .LVU24
 329:Core/Src/main.c ****         // 记录接收时间戳
 135              		.loc 1 329 9 view .LVU25
 331:Core/Src/main.c **** 
 136              		.loc 1 331 9 view .LVU26
 331:Core/Src/main.c **** 
 137              		.loc 1 331 33 is_stmt 0 view .LVU27
 138 0012 FFF7FEFF 		bl	HAL_GetTick
 139              	.LVL7:
 331:Core/Src/main.c **** 
 140              		.loc 1 331 31 discriminator 1 view .LVU28
 141 0016 784B     		ldr	r3, .L42+8
 142 0018 1860     		str	r0, [r3]
 334:Core/Src/main.c ****         // HAL_UART_Transmit(&huart7, rxcmd6_app, RXCMD6_DMA_SIZE ,0xFFFF);
 143              		.loc 1 334 9 is_stmt 1 view .LVU29
 144 001a 784D     		ldr	r5, .L42+12
 145 001c 784C     		ldr	r4, .L42+16
 146 001e AC46     		mov	ip, r5
 147 0020 BCE80F00 		ldmia	ip!, {r0, r1, r2, r3}
 148 0024 0FC4     		stmia	r4!, {r0, r1, r2, r3}
 149 0026 BCE80F00 		ldmia	ip!, {r0, r1, r2, r3}
 150 002a 0FC4     		stmia	r4!, {r0, r1, r2, r3}
 151 002c DCF80030 		ldr	r3, [ip]
 152 0030 2370     		strb	r3, [r4]
 337:Core/Src/main.c **** 
 153              		.loc 1 337 9 view .LVU30
 154 0032 2122     		movs	r2, #33
 155 0034 0021     		movs	r1, #0
 156 0036 2846     		mov	r0, r5
 157 0038 FFF7FEFF 		bl	memset
 158              	.LVL8:
 340:Core/Src/main.c ****         {
ARM GAS  C:\Users\HZW\AppData\Local\Temp\ccTJIHY2.s 			page 11


 159              		.loc 1 340 9 view .LVU31
 160              	.LBB5:
 340:Core/Src/main.c ****         {
 161              		.loc 1 340 14 view .LVU32
 340:Core/Src/main.c ****         {
 162              		.loc 1 340 18 is_stmt 0 view .LVU33
 163 003c 0024     		movs	r4, #0
 340:Core/Src/main.c ****         {
 164              		.loc 1 340 9 view .LVU34
 165 003e 00E0     		b	.L9
 166              	.LVL9:
 167              	.L10:
 340:Core/Src/main.c ****         {
 168              		.loc 1 340 47 is_stmt 1 discriminator 2 view .LVU35
 169 0040 0134     		adds	r4, r4, #1
 170              	.LVL10:
 171              	.L9:
 340:Core/Src/main.c ****         {
 172              		.loc 1 340 27 discriminator 1 view .LVU36
 173 0042 202C     		cmp	r4, #32
 174 0044 12DC     		bgt	.L38
 342:Core/Src/main.c ****           {
 175              		.loc 1 342 11 view .LVU37
 342:Core/Src/main.c ****           {
 176              		.loc 1 342 25 is_stmt 0 view .LVU38
 177 0046 6E4B     		ldr	r3, .L42+16
 178 0048 1B5D     		ldrb	r3, [r3, r4]	@ zero_extendqisi2
 342:Core/Src/main.c ****           {
 179              		.loc 1 342 14 view .LVU39
 180 004a 2E2B     		cmp	r3, #46
 181 004c F8D1     		bne	.L10
 344:Core/Src/main.c ****             {
 182              		.loc 1 344 13 is_stmt 1 view .LVU40
 344:Core/Src/main.c ****             {
 183              		.loc 1 344 30 is_stmt 0 view .LVU41
 184 004e 631C     		adds	r3, r4, #1
 344:Core/Src/main.c ****             {
 185              		.loc 1 344 27 view .LVU42
 186 0050 6B4A     		ldr	r2, .L42+16
 187 0052 D35C     		ldrb	r3, [r2, r3]	@ zero_extendqisi2
 344:Core/Src/main.c ****             {
 188              		.loc 1 344 16 view .LVU43
 189 0054 2E2B     		cmp	r3, #46
 190 0056 F3D1     		bne	.L10
 344:Core/Src/main.c ****             {
 191              		.loc 1 344 59 discriminator 1 view .LVU44
 192 0058 A31C     		adds	r3, r4, #2
 344:Core/Src/main.c ****             {
 193              		.loc 1 344 56 discriminator 1 view .LVU45
 194 005a D35C     		ldrb	r3, [r2, r3]	@ zero_extendqisi2
 344:Core/Src/main.c ****             {
 195              		.loc 1 344 43 discriminator 1 view .LVU46
 196 005c 2E2B     		cmp	r3, #46
 197 005e EFD1     		bne	.L10
 346:Core/Src/main.c ****             }
 198              		.loc 1 346 15 is_stmt 1 view .LVU47
 199 0060 2122     		movs	r2, #33
ARM GAS  C:\Users\HZW\AppData\Local\Temp\ccTJIHY2.s 			page 12


 200 0062 0021     		movs	r1, #0
 201 0064 6648     		ldr	r0, .L42+16
 202 0066 FFF7FEFF 		bl	memset
 203              	.LVL11:
 204 006a E9E7     		b	.L10
 205              	.L38:
 206              	.LBE5:
 207              	.LBB6:
 351:Core/Src/main.c ****         {
 208              		.loc 1 351 18 is_stmt 0 view .LVU48
 209 006c 0023     		movs	r3, #0
 210 006e A6E0     		b	.L12
 211              	.LVL12:
 212              	.L40:
 354:Core/Src/main.c ****           {
 213              		.loc 1 354 53 discriminator 1 view .LVU49
 214 0070 591C     		adds	r1, r3, #1
 354:Core/Src/main.c ****           {
 215              		.loc 1 354 50 discriminator 1 view .LVU50
 216 0072 6348     		ldr	r0, .L42+16
 217 0074 415C     		ldrb	r1, [r0, r1]	@ zero_extendqisi2
 354:Core/Src/main.c ****           {
 218              		.loc 1 354 37 discriminator 1 view .LVU51
 219 0076 5329     		cmp	r1, #83
 220 0078 40F0A880 		bne	.L13
 357:Core/Src/main.c **** 
 221              		.loc 1 357 13 is_stmt 1 view .LVU52
 357:Core/Src/main.c **** 
 222              		.loc 1 357 56 is_stmt 0 view .LVU53
 223 007c D91D     		adds	r1, r3, #7
 357:Core/Src/main.c **** 
 224              		.loc 1 357 53 view .LVU54
 225 007e 415C     		ldrb	r1, [r0, r1]	@ zero_extendqisi2
 357:Core/Src/main.c **** 
 226              		.loc 1 357 33 view .LVU55
 227 0080 0902     		lsls	r1, r1, #8
 228 0082 09B2     		sxth	r1, r1
 357:Core/Src/main.c **** 
 229              		.loc 1 357 82 view .LVU56
 230 0084 9C1D     		adds	r4, r3, #6
 357:Core/Src/main.c **** 
 231              		.loc 1 357 79 view .LVU57
 232 0086 005D     		ldrb	r0, [r0, r4]	@ zero_extendqisi2
 357:Core/Src/main.c **** 
 233              		.loc 1 357 67 view .LVU58
 234 0088 0143     		orrs	r1, r1, r0
 235 008a 07EE901A 		vmov	s15, r1	@ int
 357:Core/Src/main.c **** 
 236              		.loc 1 357 25 view .LVU59
 237 008e F8EEE77A 		vcvt.f32.s32	s15, s15
 357:Core/Src/main.c **** 
 238              		.loc 1 357 89 view .LVU60
 239 0092 9FED5C7A 		vldr.32	s14, .L42+20
 240 0096 67EEC77A 		vnmul.f32	s15, s15, s14
 357:Core/Src/main.c **** 
 241              		.loc 1 357 97 view .LVU61
 242 009a 9FED5B7A 		vldr.32	s14, .L42+24
ARM GAS  C:\Users\HZW\AppData\Local\Temp\ccTJIHY2.s 			page 13


 243 009e 67EE877A 		vmul.f32	s15, s15, s14
 357:Core/Src/main.c **** 
 244              		.loc 1 357 21 view .LVU62
 245 00a2 5A49     		ldr	r1, .L42+28
 246 00a4 C1ED007A 		vstr.32	s15, [r1]
 360:Core/Src/main.c ****             {
 247              		.loc 1 360 13 is_stmt 1 view .LVU63
 360:Core/Src/main.c ****             {
 248              		.loc 1 360 28 is_stmt 0 view .LVU64
 249 00a8 5949     		ldr	r1, .L42+32
 250 00aa D1ED007A 		vldr.32	s15, [r1]
 360:Core/Src/main.c ****             {
 251              		.loc 1 360 16 view .LVU65
 252 00ae F4EEC77A 		vcmpe.f32	s15, s14
 253 00b2 F1EE10FA 		vmrs	APSR_nzcv, FPSCR
 254 00b6 45D5     		bpl	.L14
 360:Core/Src/main.c ****             {
 255              		.loc 1 360 34 discriminator 1 view .LVU66
 256 00b8 9FED567A 		vldr.32	s14, .L42+36
 257 00bc F4EEC77A 		vcmpe.f32	s15, s14
 258 00c0 F1EE10FA 		vmrs	APSR_nzcv, FPSCR
 259 00c4 3EDD     		ble	.L14
 360:Core/Src/main.c ****             {
 260              		.loc 1 360 64 discriminator 2 view .LVU67
 261 00c6 5149     		ldr	r1, .L42+28
 262 00c8 D1ED006A 		vldr.32	s13, [r1]
 360:Core/Src/main.c ****             {
 263              		.loc 1 360 53 discriminator 2 view .LVU68
 264 00cc 9FED527A 		vldr.32	s14, .L42+40
 265 00d0 F4EEC76A 		vcmpe.f32	s13, s14
 266 00d4 F1EE10FA 		vmrs	APSR_nzcv, FPSCR
 267 00d8 34D5     		bpl	.L14
 360:Core/Src/main.c ****             {
 268              		.loc 1 360 81 discriminator 3 view .LVU69
 269 00da D1ED006A 		vldr.32	s13, [r1]
 360:Core/Src/main.c ****             {
 270              		.loc 1 360 70 discriminator 3 view .LVU70
 271 00de 9FED4F7A 		vldr.32	s14, .L42+44
 272 00e2 F4EEC76A 		vcmpe.f32	s13, s14
 273 00e6 F1EE10FA 		vmrs	APSR_nzcv, FPSCR
 274 00ea 2BDD     		ble	.L14
 362:Core/Src/main.c ****             }
 275              		.loc 1 362 15 is_stmt 1 view .LVU71
 362:Core/Src/main.c ****             }
 276              		.loc 1 362 25 is_stmt 0 view .LVU72
 277 00ec 4C48     		ldr	r0, .L42+48
 278 00ee 0168     		ldr	r1, [r0]
 279 00f0 0131     		adds	r1, r1, #1
 280 00f2 0160     		str	r1, [r0]
 281              	.L19:
 373:Core/Src/main.c ****             {
 282              		.loc 1 373 13 is_stmt 1 view .LVU73
 373:Core/Src/main.c ****             {
 283              		.loc 1 373 25 is_stmt 0 view .LVU74
 284 00f4 4549     		ldr	r1, .L42+28
 285 00f6 91ED007A 		vldr.32	s14, [r1]
 373:Core/Src/main.c ****             {
ARM GAS  C:\Users\HZW\AppData\Local\Temp\ccTJIHY2.s 			page 14


 286              		.loc 1 373 16 view .LVU75
 287 00fa DFED437A 		vldr.32	s15, .L42+24
 288 00fe B4EE677A 		vcmp.f32	s14, s15
 289 0102 F1EE10FA 		vmrs	APSR_nzcv, FPSCR
 290 0106 61D0     		beq	.L13
 373:Core/Src/main.c ****             {
 291              		.loc 1 373 43 discriminator 1 view .LVU76
 292 0108 91ED007A 		vldr.32	s14, [r1]
 373:Core/Src/main.c ****             {
 293              		.loc 1 373 32 discriminator 1 view .LVU77
 294 010c DFED437A 		vldr.32	s15, .L42+44
 295 0110 B4EE677A 		vcmp.f32	s14, s15
 296 0114 F1EE10FA 		vmrs	APSR_nzcv, FPSCR
 297 0118 58D0     		beq	.L13
 376:Core/Src/main.c ****               prev_omega = omega_1;
 298              		.loc 1 376 15 is_stmt 1 view .LVU78
 376:Core/Src/main.c ****               prev_omega = omega_1;
 299              		.loc 1 376 44 is_stmt 0 view .LVU79
 300 011a 4149     		ldr	r1, .L42+48
 301 011c D1ED007A 		vldr.32	s15, [r1]	@ int
 302 0120 F8EEE77A 		vcvt.f32.s32	s15, s15
 303 0124 9FED3F7A 		vldr.32	s14, .L42+52
 304 0128 67EE877A 		vmul.f32	s15, s15, s14
 376:Core/Src/main.c ****               prev_omega = omega_1;
 305              		.loc 1 376 31 view .LVU80
 306 012c 3749     		ldr	r1, .L42+28
 307 012e 91ED007A 		vldr.32	s14, [r1]
 308 0132 77EE877A 		vadd.f32	s15, s15, s14
 376:Core/Src/main.c ****               prev_omega = omega_1;
 309              		.loc 1 376 21 view .LVU81
 310 0136 3C48     		ldr	r0, .L42+56
 311 0138 C0ED007A 		vstr.32	s15, [r0]
 377:Core/Src/main.c ****             }
 312              		.loc 1 377 15 is_stmt 1 view .LVU82
 377:Core/Src/main.c ****             }
 313              		.loc 1 377 26 is_stmt 0 view .LVU83
 314 013c 0868     		ldr	r0, [r1]	@ float
 315 013e 3449     		ldr	r1, .L42+32
 316 0140 0860     		str	r0, [r1]	@ float
 317 0142 43E0     		b	.L13
 318              	.L14:
 364:Core/Src/main.c ****             {
 319              		.loc 1 364 18 is_stmt 1 view .LVU84
 364:Core/Src/main.c ****             {
 320              		.loc 1 364 21 is_stmt 0 view .LVU85
 321 0144 9FED347A 		vldr.32	s14, .L42+40
 322 0148 F4EEC77A 		vcmpe.f32	s15, s14
 323 014c F1EE10FA 		vmrs	APSR_nzcv, FPSCR
 324 0150 D0D5     		bpl	.L19
 364:Core/Src/main.c ****             {
 325              		.loc 1 364 39 discriminator 1 view .LVU86
 326 0152 9FED327A 		vldr.32	s14, .L42+44
 327 0156 F4EEC77A 		vcmpe.f32	s15, s14
 328 015a F1EE10FA 		vmrs	APSR_nzcv, FPSCR
 329 015e C9DD     		ble	.L19
 364:Core/Src/main.c ****             {
 330              		.loc 1 364 71 discriminator 2 view .LVU87
ARM GAS  C:\Users\HZW\AppData\Local\Temp\ccTJIHY2.s 			page 15


 331 0160 2A49     		ldr	r1, .L42+28
 332 0162 91ED007A 		vldr.32	s14, [r1]
 364:Core/Src/main.c ****             {
 333              		.loc 1 364 60 discriminator 2 view .LVU88
 334 0166 DFED2B7A 		vldr.32	s15, .L42+36
 335 016a B4EEE77A 		vcmpe.f32	s14, s15
 336 016e F1EE10FA 		vmrs	APSR_nzcv, FPSCR
 337 0172 BFDD     		ble	.L19
 364:Core/Src/main.c ****             {
 338              		.loc 1 364 87 discriminator 3 view .LVU89
 339 0174 91ED007A 		vldr.32	s14, [r1]
 364:Core/Src/main.c ****             {
 340              		.loc 1 364 76 discriminator 3 view .LVU90
 341 0178 DFED237A 		vldr.32	s15, .L42+24
 342 017c B4EEE77A 		vcmpe.f32	s14, s15
 343 0180 F1EE10FA 		vmrs	APSR_nzcv, FPSCR
 344 0184 B6D5     		bpl	.L19
 366:Core/Src/main.c ****             }
 345              		.loc 1 366 15 is_stmt 1 view .LVU91
 366:Core/Src/main.c ****             }
 346              		.loc 1 366 25 is_stmt 0 view .LVU92
 347 0186 2648     		ldr	r0, .L42+48
 348 0188 0168     		ldr	r1, [r0]
 349 018a 0139     		subs	r1, r1, #1
 350 018c 0160     		str	r1, [r0]
 351 018e B1E7     		b	.L19
 352              	.L41:
 385:Core/Src/main.c ****           }
 353              		.loc 1 385 13 is_stmt 1 view .LVU93
 385:Core/Src/main.c ****           }
 354              		.loc 1 385 68 is_stmt 0 view .LVU94
 355 0190 DA1D     		adds	r2, r3, #7
 385:Core/Src/main.c ****           }
 356              		.loc 1 385 65 view .LVU95
 357 0192 8A5C     		ldrb	r2, [r1, r2]	@ zero_extendqisi2
 385:Core/Src/main.c ****           }
 358              		.loc 1 385 45 view .LVU96
 359 0194 1202     		lsls	r2, r2, #8
 360 0196 12B2     		sxth	r2, r2
 385:Core/Src/main.c ****           }
 361              		.loc 1 385 94 view .LVU97
 362 0198 981D     		adds	r0, r3, #6
 385:Core/Src/main.c ****           }
 363              		.loc 1 385 91 view .LVU98
 364 019a 095C     		ldrb	r1, [r1, r0]	@ zero_extendqisi2
 385:Core/Src/main.c ****           }
 365              		.loc 1 385 79 view .LVU99
 366 019c 0A43     		orrs	r2, r2, r1
 367 019e 07EE902A 		vmov	s15, r2	@ int
 385:Core/Src/main.c ****           }
 368              		.loc 1 385 37 view .LVU100
 369 01a2 F8EEE77A 		vcvt.f32.s32	s15, s15
 385:Core/Src/main.c ****           }
 370              		.loc 1 385 101 view .LVU101
 371 01a6 9FED177A 		vldr.32	s14, .L42+20
 372 01aa 67EEC77A 		vnmul.f32	s15, s15, s14
 385:Core/Src/main.c ****           }
ARM GAS  C:\Users\HZW\AppData\Local\Temp\ccTJIHY2.s 			page 16


 373              		.loc 1 385 109 view .LVU102
 374 01ae 9FED1F7A 		vldr.32	s14, .L42+60
 375 01b2 67EE877A 		vmul.f32	s15, s15, s14
 385:Core/Src/main.c ****           }
 376              		.loc 1 385 33 view .LVU103
 377 01b6 1E4A     		ldr	r2, .L42+64
 378 01b8 C2ED007A 		vstr.32	s15, [r2]
 379              	.L24:
 351:Core/Src/main.c ****         {
 380              		.loc 1 351 51 is_stmt 1 discriminator 2 view .LVU104
 381 01bc 0133     		adds	r3, r3, #1
 382              	.LVL13:
 383              	.L12:
 351:Core/Src/main.c ****         {
 384              		.loc 1 351 27 discriminator 1 view .LVU105
 385 01be 192B     		cmp	r3, #25
 386 01c0 0CDC     		bgt	.L39
 354:Core/Src/main.c ****           {
 387              		.loc 1 354 11 view .LVU106
 354:Core/Src/main.c ****           {
 388              		.loc 1 354 25 is_stmt 0 view .LVU107
 389 01c2 0F4A     		ldr	r2, .L42+16
 390 01c4 D25C     		ldrb	r2, [r2, r3]	@ zero_extendqisi2
 354:Core/Src/main.c ****           {
 391              		.loc 1 354 14 view .LVU108
 392 01c6 552A     		cmp	r2, #85
 393 01c8 3FF452AF 		beq	.L40
 394              	.L13:
 382:Core/Src/main.c ****           {
 395              		.loc 1 382 11 is_stmt 1 view .LVU109
 382:Core/Src/main.c ****           {
 396              		.loc 1 382 14 is_stmt 0 view .LVU110
 397 01cc 552A     		cmp	r2, #85
 398 01ce F5D1     		bne	.L24
 382:Core/Src/main.c ****           {
 399              		.loc 1 382 53 discriminator 1 view .LVU111
 400 01d0 5A1C     		adds	r2, r3, #1
 382:Core/Src/main.c ****           {
 401              		.loc 1 382 50 discriminator 1 view .LVU112
 402 01d2 0B49     		ldr	r1, .L42+16
 403 01d4 8A5C     		ldrb	r2, [r1, r2]	@ zero_extendqisi2
 382:Core/Src/main.c ****           {
 404              		.loc 1 382 37 discriminator 1 view .LVU113
 405 01d6 522A     		cmp	r2, #82
 406 01d8 F0D1     		bne	.L24
 407 01da D9E7     		b	.L41
 408              	.L39:
 382:Core/Src/main.c ****           {
 409              		.loc 1 382 37 discriminator 1 view .LVU114
 410              	.LBE6:
 390:Core/Src/main.c ****     }
 411              		.loc 1 390 9 is_stmt 1 view .LVU115
 412 01dc 2122     		movs	r2, #33
 413 01de 0749     		ldr	r1, .L42+12
 414 01e0 0348     		ldr	r0, .L42
 415 01e2 FFF7FEFF 		bl	HAL_UART_Receive_DMA
 416              	.LVL14:
ARM GAS  C:\Users\HZW\AppData\Local\Temp\ccTJIHY2.s 			page 17


 390:Core/Src/main.c ****     }
 417              		.loc 1 390 9 is_stmt 0 view .LVU116
 418              	.LBE4:
 419 01e6 13E7     		b	.L7
 420              	.LVL15:
 421              	.L37:
 395:Core/Src/main.c ****     }
 422              		.loc 1 395 7 is_stmt 1 view .LVU117
 395:Core/Src/main.c ****     }
 423              		.loc 1 395 21 is_stmt 0 view .LVU118
 424 01e8 124B     		ldr	r3, .L42+68
 425 01ea 0122     		movs	r2, #1
 426 01ec 1A70     		strb	r2, [r3]
 401:Core/Src/main.c **** }
 427              		.loc 1 401 5 is_stmt 1 view .LVU119
 428              		.loc 1 402 1 is_stmt 0 view .LVU120
 429 01ee 0FE7     		b	.L7
 430              	.L43:
 431              		.align	2
 432              	.L42:
 433 01f0 00000000 		.word	huart6
 434 01f4 00000000 		.word	huart7
 435 01f8 00000000 		.word	last_receive_hwt_time
 436 01fc 00000000 		.word	rxcmd6_dma
 437 0200 00000000 		.word	rxcmd6_app
 438 0204 00000038 		.word	939524096
 439 0208 00003443 		.word	1127481344
 440 020c 00000000 		.word	omega_1
 441 0210 00000000 		.word	prev_omega.1
 442 0214 0000B442 		.word	1119092736
 443 0218 0000B4C2 		.word	-1028390912
 444 021c 000034C3 		.word	-1020002304
 445 0220 00000000 		.word	wrap_count.0
 446 0224 0000B443 		.word	1135869952
 447 0228 00000000 		.word	omega
 448 022c 0000FA44 		.word	1157234688
 449 0230 00000000 		.word	current_angle_speed
 450 0234 00000000 		.word	uart7_rx_flag
 451              		.cfi_endproc
 452              	.LFE140:
 454              		.section	.text.HAL_TIM_PeriodElapsedCallback,"ax",%progbits
 455              		.align	1
 456              		.global	HAL_TIM_PeriodElapsedCallback
 457              		.syntax unified
 458              		.thumb
 459              		.thumb_func
 461              	HAL_TIM_PeriodElapsedCallback:
 462              	.LVL16:
 463              	.LFB141:
 403:Core/Src/main.c **** /* USER CODE END 4 */
 404:Core/Src/main.c **** 
 405:Core/Src/main.c **** /**
 406:Core/Src/main.c ****   * @brief  Period elapsed callback in non blocking mode
 407:Core/Src/main.c ****   * @note   This function is called  when TIM7 interrupt took place, inside
 408:Core/Src/main.c ****   * HAL_TIM_IRQHandler(). It makes a direct call to HAL_IncTick() to increment
 409:Core/Src/main.c ****   * a global variable "uwTick" used as application time base.
 410:Core/Src/main.c ****   * @param  htim : TIM handle
ARM GAS  C:\Users\HZW\AppData\Local\Temp\ccTJIHY2.s 			page 18


 411:Core/Src/main.c ****   * @retval None
 412:Core/Src/main.c ****   */
 413:Core/Src/main.c **** void HAL_TIM_PeriodElapsedCallback(TIM_HandleTypeDef *htim)
 414:Core/Src/main.c **** {
 464              		.loc 1 414 1 is_stmt 1 view -0
 465              		.cfi_startproc
 466              		@ args = 0, pretend = 0, frame = 0
 467              		@ frame_needed = 0, uses_anonymous_args = 0
 468              		.loc 1 414 1 is_stmt 0 view .LVU122
 469 0000 08B5     		push	{r3, lr}
 470              	.LCFI5:
 471              		.cfi_def_cfa_offset 8
 472              		.cfi_offset 3, -8
 473              		.cfi_offset 14, -4
 415:Core/Src/main.c ****   /* USER CODE BEGIN Callback 0 */
 416:Core/Src/main.c **** 
 417:Core/Src/main.c ****   /* USER CODE END Callback 0 */
 418:Core/Src/main.c ****   if (htim->Instance == TIM7)
 474              		.loc 1 418 3 is_stmt 1 view .LVU123
 475              		.loc 1 418 11 is_stmt 0 view .LVU124
 476 0002 0268     		ldr	r2, [r0]
 477              		.loc 1 418 6 view .LVU125
 478 0004 034B     		ldr	r3, .L48
 479 0006 9A42     		cmp	r2, r3
 480 0008 00D0     		beq	.L47
 481              	.LVL17:
 482              	.L44:
 419:Core/Src/main.c ****   {
 420:Core/Src/main.c ****     HAL_IncTick();
 421:Core/Src/main.c ****   }
 422:Core/Src/main.c ****   /* USER CODE BEGIN Callback 1 */
 423:Core/Src/main.c **** 
 424:Core/Src/main.c ****   /* USER CODE END Callback 1 */
 425:Core/Src/main.c **** }
 483              		.loc 1 425 1 view .LVU126
 484 000a 08BD     		pop	{r3, pc}
 485              	.LVL18:
 486              	.L47:
 420:Core/Src/main.c ****   }
 487              		.loc 1 420 5 is_stmt 1 view .LVU127
 488 000c FFF7FEFF 		bl	HAL_IncTick
 489              	.LVL19:
 490              		.loc 1 425 1 is_stmt 0 view .LVU128
 491 0010 FBE7     		b	.L44
 492              	.L49:
 493 0012 00BF     		.align	2
 494              	.L48:
 495 0014 00140040 		.word	1073746944
 496              		.cfi_endproc
 497              	.LFE141:
 499              		.section	.text.Error_Handler,"ax",%progbits
 500              		.align	1
 501              		.global	Error_Handler
 502              		.syntax unified
 503              		.thumb
 504              		.thumb_func
 506              	Error_Handler:
ARM GAS  C:\Users\HZW\AppData\Local\Temp\ccTJIHY2.s 			page 19


 507              	.LFB142:
 426:Core/Src/main.c **** 
 427:Core/Src/main.c **** /**
 428:Core/Src/main.c ****   * @brief  This function is executed in case of error occurrence.
 429:Core/Src/main.c ****   * @retval None
 430:Core/Src/main.c ****   */
 431:Core/Src/main.c **** void Error_Handler(void)
 432:Core/Src/main.c **** {
 508              		.loc 1 432 1 is_stmt 1 view -0
 509              		.cfi_startproc
 510              		@ Volatile: function does not return.
 511              		@ args = 0, pretend = 0, frame = 0
 512              		@ frame_needed = 0, uses_anonymous_args = 0
 513              		@ link register save eliminated.
 433:Core/Src/main.c ****   /* USER CODE BEGIN Error_Handler_Debug */
 434:Core/Src/main.c ****   /* User can add his own implementation to report the HAL error return state */
 435:Core/Src/main.c ****   __disable_irq();
 514              		.loc 1 435 3 view .LVU130
 515              	.LBB7:
 516              	.LBI7:
 517              		.file 2 "Drivers/CMSIS/Include/cmsis_gcc.h"
   1:Drivers/CMSIS/Include/cmsis_gcc.h **** /**************************************************************************//**
   2:Drivers/CMSIS/Include/cmsis_gcc.h ****  * @file     cmsis_gcc.h
   3:Drivers/CMSIS/Include/cmsis_gcc.h ****  * @brief    CMSIS compiler GCC header file
   4:Drivers/CMSIS/Include/cmsis_gcc.h ****  * @version  V5.4.1
   5:Drivers/CMSIS/Include/cmsis_gcc.h ****  * @date     27. May 2021
   6:Drivers/CMSIS/Include/cmsis_gcc.h ****  ******************************************************************************/
   7:Drivers/CMSIS/Include/cmsis_gcc.h **** /*
   8:Drivers/CMSIS/Include/cmsis_gcc.h ****  * Copyright (c) 2009-2021 Arm Limited. All rights reserved.
   9:Drivers/CMSIS/Include/cmsis_gcc.h ****  *
  10:Drivers/CMSIS/Include/cmsis_gcc.h ****  * SPDX-License-Identifier: Apache-2.0
  11:Drivers/CMSIS/Include/cmsis_gcc.h ****  *
  12:Drivers/CMSIS/Include/cmsis_gcc.h ****  * Licensed under the Apache License, Version 2.0 (the License); you may
  13:Drivers/CMSIS/Include/cmsis_gcc.h ****  * not use this file except in compliance with the License.
  14:Drivers/CMSIS/Include/cmsis_gcc.h ****  * You may obtain a copy of the License at
  15:Drivers/CMSIS/Include/cmsis_gcc.h ****  *
  16:Drivers/CMSIS/Include/cmsis_gcc.h ****  * www.apache.org/licenses/LICENSE-2.0
  17:Drivers/CMSIS/Include/cmsis_gcc.h ****  *
  18:Drivers/CMSIS/Include/cmsis_gcc.h ****  * Unless required by applicable law or agreed to in writing, software
  19:Drivers/CMSIS/Include/cmsis_gcc.h ****  * distributed under the License is distributed on an AS IS BASIS, WITHOUT
  20:Drivers/CMSIS/Include/cmsis_gcc.h ****  * WARRANTIES OR CONDITIONS OF ANY KIND, either express or implied.
  21:Drivers/CMSIS/Include/cmsis_gcc.h ****  * See the License for the specific language governing permissions and
  22:Drivers/CMSIS/Include/cmsis_gcc.h ****  * limitations under the License.
  23:Drivers/CMSIS/Include/cmsis_gcc.h ****  */
  24:Drivers/CMSIS/Include/cmsis_gcc.h **** 
  25:Drivers/CMSIS/Include/cmsis_gcc.h **** #ifndef __CMSIS_GCC_H
  26:Drivers/CMSIS/Include/cmsis_gcc.h **** #define __CMSIS_GCC_H
  27:Drivers/CMSIS/Include/cmsis_gcc.h **** 
  28:Drivers/CMSIS/Include/cmsis_gcc.h **** /* ignore some GCC warnings */
  29:Drivers/CMSIS/Include/cmsis_gcc.h **** #pragma GCC diagnostic push
  30:Drivers/CMSIS/Include/cmsis_gcc.h **** #pragma GCC diagnostic ignored "-Wsign-conversion"
  31:Drivers/CMSIS/Include/cmsis_gcc.h **** #pragma GCC diagnostic ignored "-Wconversion"
  32:Drivers/CMSIS/Include/cmsis_gcc.h **** #pragma GCC diagnostic ignored "-Wunused-parameter"
  33:Drivers/CMSIS/Include/cmsis_gcc.h **** 
  34:Drivers/CMSIS/Include/cmsis_gcc.h **** /* Fallback for __has_builtin */
  35:Drivers/CMSIS/Include/cmsis_gcc.h **** #ifndef __has_builtin
  36:Drivers/CMSIS/Include/cmsis_gcc.h ****   #define __has_builtin(x) (0)
ARM GAS  C:\Users\HZW\AppData\Local\Temp\ccTJIHY2.s 			page 20


  37:Drivers/CMSIS/Include/cmsis_gcc.h **** #endif
  38:Drivers/CMSIS/Include/cmsis_gcc.h **** 
  39:Drivers/CMSIS/Include/cmsis_gcc.h **** /* CMSIS compiler specific defines */
  40:Drivers/CMSIS/Include/cmsis_gcc.h **** #ifndef   __ASM
  41:Drivers/CMSIS/Include/cmsis_gcc.h ****   #define __ASM                                  __asm
  42:Drivers/CMSIS/Include/cmsis_gcc.h **** #endif
  43:Drivers/CMSIS/Include/cmsis_gcc.h **** #ifndef   __INLINE
  44:Drivers/CMSIS/Include/cmsis_gcc.h ****   #define __INLINE                               inline
  45:Drivers/CMSIS/Include/cmsis_gcc.h **** #endif
  46:Drivers/CMSIS/Include/cmsis_gcc.h **** #ifndef   __STATIC_INLINE
  47:Drivers/CMSIS/Include/cmsis_gcc.h ****   #define __STATIC_INLINE                        static inline
  48:Drivers/CMSIS/Include/cmsis_gcc.h **** #endif
  49:Drivers/CMSIS/Include/cmsis_gcc.h **** #ifndef   __STATIC_FORCEINLINE
  50:Drivers/CMSIS/Include/cmsis_gcc.h ****   #define __STATIC_FORCEINLINE                   __attribute__((always_inline)) static inline
  51:Drivers/CMSIS/Include/cmsis_gcc.h **** #endif
  52:Drivers/CMSIS/Include/cmsis_gcc.h **** #ifndef   __NO_RETURN
  53:Drivers/CMSIS/Include/cmsis_gcc.h ****   #define __NO_RETURN                            __attribute__((__noreturn__))
  54:Drivers/CMSIS/Include/cmsis_gcc.h **** #endif
  55:Drivers/CMSIS/Include/cmsis_gcc.h **** #ifndef   __USED
  56:Drivers/CMSIS/Include/cmsis_gcc.h ****   #define __USED                                 __attribute__((used))
  57:Drivers/CMSIS/Include/cmsis_gcc.h **** #endif
  58:Drivers/CMSIS/Include/cmsis_gcc.h **** #ifndef   __WEAK
  59:Drivers/CMSIS/Include/cmsis_gcc.h ****   #define __WEAK                                 __attribute__((weak))
  60:Drivers/CMSIS/Include/cmsis_gcc.h **** #endif
  61:Drivers/CMSIS/Include/cmsis_gcc.h **** #ifndef   __PACKED
  62:Drivers/CMSIS/Include/cmsis_gcc.h ****   #define __PACKED                               __attribute__((packed, aligned(1)))
  63:Drivers/CMSIS/Include/cmsis_gcc.h **** #endif
  64:Drivers/CMSIS/Include/cmsis_gcc.h **** #ifndef   __PACKED_STRUCT
  65:Drivers/CMSIS/Include/cmsis_gcc.h ****   #define __PACKED_STRUCT                        struct __attribute__((packed, aligned(1)))
  66:Drivers/CMSIS/Include/cmsis_gcc.h **** #endif
  67:Drivers/CMSIS/Include/cmsis_gcc.h **** #ifndef   __PACKED_UNION
  68:Drivers/CMSIS/Include/cmsis_gcc.h ****   #define __PACKED_UNION                         union __attribute__((packed, aligned(1)))
  69:Drivers/CMSIS/Include/cmsis_gcc.h **** #endif
  70:Drivers/CMSIS/Include/cmsis_gcc.h **** #ifndef   __UNALIGNED_UINT32        /* deprecated */
  71:Drivers/CMSIS/Include/cmsis_gcc.h ****   #pragma GCC diagnostic push
  72:Drivers/CMSIS/Include/cmsis_gcc.h ****   #pragma GCC diagnostic ignored "-Wpacked"
  73:Drivers/CMSIS/Include/cmsis_gcc.h ****   #pragma GCC diagnostic ignored "-Wattributes"
  74:Drivers/CMSIS/Include/cmsis_gcc.h ****   struct __attribute__((packed)) T_UINT32 { uint32_t v; };
  75:Drivers/CMSIS/Include/cmsis_gcc.h ****   #pragma GCC diagnostic pop
  76:Drivers/CMSIS/Include/cmsis_gcc.h ****   #define __UNALIGNED_UINT32(x)                  (((struct T_UINT32 *)(x))->v)
  77:Drivers/CMSIS/Include/cmsis_gcc.h **** #endif
  78:Drivers/CMSIS/Include/cmsis_gcc.h **** #ifndef   __UNALIGNED_UINT16_WRITE
  79:Drivers/CMSIS/Include/cmsis_gcc.h ****   #pragma GCC diagnostic push
  80:Drivers/CMSIS/Include/cmsis_gcc.h ****   #pragma GCC diagnostic ignored "-Wpacked"
  81:Drivers/CMSIS/Include/cmsis_gcc.h ****   #pragma GCC diagnostic ignored "-Wattributes"
  82:Drivers/CMSIS/Include/cmsis_gcc.h ****   __PACKED_STRUCT T_UINT16_WRITE { uint16_t v; };
  83:Drivers/CMSIS/Include/cmsis_gcc.h ****   #pragma GCC diagnostic pop
  84:Drivers/CMSIS/Include/cmsis_gcc.h ****   #define __UNALIGNED_UINT16_WRITE(addr, val)    (void)((((struct T_UINT16_WRITE *)(void *)(addr))-
  85:Drivers/CMSIS/Include/cmsis_gcc.h **** #endif
  86:Drivers/CMSIS/Include/cmsis_gcc.h **** #ifndef   __UNALIGNED_UINT16_READ
  87:Drivers/CMSIS/Include/cmsis_gcc.h ****   #pragma GCC diagnostic push
  88:Drivers/CMSIS/Include/cmsis_gcc.h ****   #pragma GCC diagnostic ignored "-Wpacked"
  89:Drivers/CMSIS/Include/cmsis_gcc.h ****   #pragma GCC diagnostic ignored "-Wattributes"
  90:Drivers/CMSIS/Include/cmsis_gcc.h ****   __PACKED_STRUCT T_UINT16_READ { uint16_t v; };
  91:Drivers/CMSIS/Include/cmsis_gcc.h ****   #pragma GCC diagnostic pop
  92:Drivers/CMSIS/Include/cmsis_gcc.h ****   #define __UNALIGNED_UINT16_READ(addr)          (((const struct T_UINT16_READ *)(const void *)(add
  93:Drivers/CMSIS/Include/cmsis_gcc.h **** #endif
ARM GAS  C:\Users\HZW\AppData\Local\Temp\ccTJIHY2.s 			page 21


  94:Drivers/CMSIS/Include/cmsis_gcc.h **** #ifndef   __UNALIGNED_UINT32_WRITE
  95:Drivers/CMSIS/Include/cmsis_gcc.h ****   #pragma GCC diagnostic push
  96:Drivers/CMSIS/Include/cmsis_gcc.h ****   #pragma GCC diagnostic ignored "-Wpacked"
  97:Drivers/CMSIS/Include/cmsis_gcc.h ****   #pragma GCC diagnostic ignored "-Wattributes"
  98:Drivers/CMSIS/Include/cmsis_gcc.h ****   __PACKED_STRUCT T_UINT32_WRITE { uint32_t v; };
  99:Drivers/CMSIS/Include/cmsis_gcc.h ****   #pragma GCC diagnostic pop
 100:Drivers/CMSIS/Include/cmsis_gcc.h ****   #define __UNALIGNED_UINT32_WRITE(addr, val)    (void)((((struct T_UINT32_WRITE *)(void *)(addr))-
 101:Drivers/CMSIS/Include/cmsis_gcc.h **** #endif
 102:Drivers/CMSIS/Include/cmsis_gcc.h **** #ifndef   __UNALIGNED_UINT32_READ
 103:Drivers/CMSIS/Include/cmsis_gcc.h ****   #pragma GCC diagnostic push
 104:Drivers/CMSIS/Include/cmsis_gcc.h ****   #pragma GCC diagnostic ignored "-Wpacked"
 105:Drivers/CMSIS/Include/cmsis_gcc.h ****   #pragma GCC diagnostic ignored "-Wattributes"
 106:Drivers/CMSIS/Include/cmsis_gcc.h ****   __PACKED_STRUCT T_UINT32_READ { uint32_t v; };
 107:Drivers/CMSIS/Include/cmsis_gcc.h ****   #pragma GCC diagnostic pop
 108:Drivers/CMSIS/Include/cmsis_gcc.h ****   #define __UNALIGNED_UINT32_READ(addr)          (((const struct T_UINT32_READ *)(const void *)(add
 109:Drivers/CMSIS/Include/cmsis_gcc.h **** #endif
 110:Drivers/CMSIS/Include/cmsis_gcc.h **** #ifndef   __ALIGNED
 111:Drivers/CMSIS/Include/cmsis_gcc.h ****   #define __ALIGNED(x)                           __attribute__((aligned(x)))
 112:Drivers/CMSIS/Include/cmsis_gcc.h **** #endif
 113:Drivers/CMSIS/Include/cmsis_gcc.h **** #ifndef   __RESTRICT
 114:Drivers/CMSIS/Include/cmsis_gcc.h ****   #define __RESTRICT                             __restrict
 115:Drivers/CMSIS/Include/cmsis_gcc.h **** #endif
 116:Drivers/CMSIS/Include/cmsis_gcc.h **** #ifndef   __COMPILER_BARRIER
 117:Drivers/CMSIS/Include/cmsis_gcc.h ****   #define __COMPILER_BARRIER()                   __ASM volatile("":::"memory")
 118:Drivers/CMSIS/Include/cmsis_gcc.h **** #endif
 119:Drivers/CMSIS/Include/cmsis_gcc.h **** 
 120:Drivers/CMSIS/Include/cmsis_gcc.h **** /* #########################  Startup and Lowlevel Init  ######################## */
 121:Drivers/CMSIS/Include/cmsis_gcc.h **** 
 122:Drivers/CMSIS/Include/cmsis_gcc.h **** #ifndef __PROGRAM_START
 123:Drivers/CMSIS/Include/cmsis_gcc.h **** 
 124:Drivers/CMSIS/Include/cmsis_gcc.h **** /**
 125:Drivers/CMSIS/Include/cmsis_gcc.h ****   \brief   Initializes data and bss sections
 126:Drivers/CMSIS/Include/cmsis_gcc.h ****   \details This default implementations initialized all data and additional bss
 127:Drivers/CMSIS/Include/cmsis_gcc.h ****            sections relying on .copy.table and .zero.table specified properly
 128:Drivers/CMSIS/Include/cmsis_gcc.h ****            in the used linker script.
 129:Drivers/CMSIS/Include/cmsis_gcc.h **** 
 130:Drivers/CMSIS/Include/cmsis_gcc.h ****  */
 131:Drivers/CMSIS/Include/cmsis_gcc.h **** __STATIC_FORCEINLINE __NO_RETURN void __cmsis_start(void)
 132:Drivers/CMSIS/Include/cmsis_gcc.h **** {
 133:Drivers/CMSIS/Include/cmsis_gcc.h ****   extern void _start(void) __NO_RETURN;
 134:Drivers/CMSIS/Include/cmsis_gcc.h **** 
 135:Drivers/CMSIS/Include/cmsis_gcc.h ****   typedef struct {
 136:Drivers/CMSIS/Include/cmsis_gcc.h ****     uint32_t const* src;
 137:Drivers/CMSIS/Include/cmsis_gcc.h ****     uint32_t* dest;
 138:Drivers/CMSIS/Include/cmsis_gcc.h ****     uint32_t  wlen;
 139:Drivers/CMSIS/Include/cmsis_gcc.h ****   } __copy_table_t;
 140:Drivers/CMSIS/Include/cmsis_gcc.h **** 
 141:Drivers/CMSIS/Include/cmsis_gcc.h ****   typedef struct {
 142:Drivers/CMSIS/Include/cmsis_gcc.h ****     uint32_t* dest;
 143:Drivers/CMSIS/Include/cmsis_gcc.h ****     uint32_t  wlen;
 144:Drivers/CMSIS/Include/cmsis_gcc.h ****   } __zero_table_t;
 145:Drivers/CMSIS/Include/cmsis_gcc.h **** 
 146:Drivers/CMSIS/Include/cmsis_gcc.h ****   extern const __copy_table_t __copy_table_start__;
 147:Drivers/CMSIS/Include/cmsis_gcc.h ****   extern const __copy_table_t __copy_table_end__;
 148:Drivers/CMSIS/Include/cmsis_gcc.h ****   extern const __zero_table_t __zero_table_start__;
 149:Drivers/CMSIS/Include/cmsis_gcc.h ****   extern const __zero_table_t __zero_table_end__;
 150:Drivers/CMSIS/Include/cmsis_gcc.h **** 
ARM GAS  C:\Users\HZW\AppData\Local\Temp\ccTJIHY2.s 			page 22


 151:Drivers/CMSIS/Include/cmsis_gcc.h ****   for (__copy_table_t const* pTable = &__copy_table_start__; pTable < &__copy_table_end__; ++pTable
 152:Drivers/CMSIS/Include/cmsis_gcc.h ****     for(uint32_t i=0u; i<pTable->wlen; ++i) {
 153:Drivers/CMSIS/Include/cmsis_gcc.h ****       pTable->dest[i] = pTable->src[i];
 154:Drivers/CMSIS/Include/cmsis_gcc.h ****     }
 155:Drivers/CMSIS/Include/cmsis_gcc.h ****   }
 156:Drivers/CMSIS/Include/cmsis_gcc.h **** 
 157:Drivers/CMSIS/Include/cmsis_gcc.h ****   for (__zero_table_t const* pTable = &__zero_table_start__; pTable < &__zero_table_end__; ++pTable
 158:Drivers/CMSIS/Include/cmsis_gcc.h ****     for(uint32_t i=0u; i<pTable->wlen; ++i) {
 159:Drivers/CMSIS/Include/cmsis_gcc.h ****       pTable->dest[i] = 0u;
 160:Drivers/CMSIS/Include/cmsis_gcc.h ****     }
 161:Drivers/CMSIS/Include/cmsis_gcc.h ****   }
 162:Drivers/CMSIS/Include/cmsis_gcc.h **** 
 163:Drivers/CMSIS/Include/cmsis_gcc.h ****   _start();
 164:Drivers/CMSIS/Include/cmsis_gcc.h **** }
 165:Drivers/CMSIS/Include/cmsis_gcc.h **** 
 166:Drivers/CMSIS/Include/cmsis_gcc.h **** #define __PROGRAM_START           __cmsis_start
 167:Drivers/CMSIS/Include/cmsis_gcc.h **** #endif
 168:Drivers/CMSIS/Include/cmsis_gcc.h **** 
 169:Drivers/CMSIS/Include/cmsis_gcc.h **** #ifndef __INITIAL_SP
 170:Drivers/CMSIS/Include/cmsis_gcc.h **** #define __INITIAL_SP              __StackTop
 171:Drivers/CMSIS/Include/cmsis_gcc.h **** #endif
 172:Drivers/CMSIS/Include/cmsis_gcc.h **** 
 173:Drivers/CMSIS/Include/cmsis_gcc.h **** #ifndef __STACK_LIMIT
 174:Drivers/CMSIS/Include/cmsis_gcc.h **** #define __STACK_LIMIT             __StackLimit
 175:Drivers/CMSIS/Include/cmsis_gcc.h **** #endif
 176:Drivers/CMSIS/Include/cmsis_gcc.h **** 
 177:Drivers/CMSIS/Include/cmsis_gcc.h **** #ifndef __VECTOR_TABLE
 178:Drivers/CMSIS/Include/cmsis_gcc.h **** #define __VECTOR_TABLE            __Vectors
 179:Drivers/CMSIS/Include/cmsis_gcc.h **** #endif
 180:Drivers/CMSIS/Include/cmsis_gcc.h **** 
 181:Drivers/CMSIS/Include/cmsis_gcc.h **** #ifndef __VECTOR_TABLE_ATTRIBUTE
 182:Drivers/CMSIS/Include/cmsis_gcc.h **** #define __VECTOR_TABLE_ATTRIBUTE  __attribute__((used, section(".vectors")))
 183:Drivers/CMSIS/Include/cmsis_gcc.h **** #endif
 184:Drivers/CMSIS/Include/cmsis_gcc.h **** 
 185:Drivers/CMSIS/Include/cmsis_gcc.h **** #if defined (__ARM_FEATURE_CMSE) && (__ARM_FEATURE_CMSE == 3U)
 186:Drivers/CMSIS/Include/cmsis_gcc.h **** #ifndef __STACK_SEAL
 187:Drivers/CMSIS/Include/cmsis_gcc.h **** #define __STACK_SEAL              __StackSeal
 188:Drivers/CMSIS/Include/cmsis_gcc.h **** #endif
 189:Drivers/CMSIS/Include/cmsis_gcc.h **** 
 190:Drivers/CMSIS/Include/cmsis_gcc.h **** #ifndef __TZ_STACK_SEAL_SIZE
 191:Drivers/CMSIS/Include/cmsis_gcc.h **** #define __TZ_STACK_SEAL_SIZE      8U
 192:Drivers/CMSIS/Include/cmsis_gcc.h **** #endif
 193:Drivers/CMSIS/Include/cmsis_gcc.h **** 
 194:Drivers/CMSIS/Include/cmsis_gcc.h **** #ifndef __TZ_STACK_SEAL_VALUE
 195:Drivers/CMSIS/Include/cmsis_gcc.h **** #define __TZ_STACK_SEAL_VALUE     0xFEF5EDA5FEF5EDA5ULL
 196:Drivers/CMSIS/Include/cmsis_gcc.h **** #endif
 197:Drivers/CMSIS/Include/cmsis_gcc.h **** 
 198:Drivers/CMSIS/Include/cmsis_gcc.h **** 
 199:Drivers/CMSIS/Include/cmsis_gcc.h **** __STATIC_FORCEINLINE void __TZ_set_STACKSEAL_S (uint32_t* stackTop) {
 200:Drivers/CMSIS/Include/cmsis_gcc.h ****   *((uint64_t *)stackTop) = __TZ_STACK_SEAL_VALUE;
 201:Drivers/CMSIS/Include/cmsis_gcc.h **** }
 202:Drivers/CMSIS/Include/cmsis_gcc.h **** #endif
 203:Drivers/CMSIS/Include/cmsis_gcc.h **** 
 204:Drivers/CMSIS/Include/cmsis_gcc.h **** 
 205:Drivers/CMSIS/Include/cmsis_gcc.h **** /* ##########################  Core Instruction Access  ######################### */
 206:Drivers/CMSIS/Include/cmsis_gcc.h **** /** \defgroup CMSIS_Core_InstructionInterface CMSIS Core Instruction Interface
 207:Drivers/CMSIS/Include/cmsis_gcc.h ****   Access to dedicated instructions
ARM GAS  C:\Users\HZW\AppData\Local\Temp\ccTJIHY2.s 			page 23


 208:Drivers/CMSIS/Include/cmsis_gcc.h ****   @{
 209:Drivers/CMSIS/Include/cmsis_gcc.h **** */
 210:Drivers/CMSIS/Include/cmsis_gcc.h **** 
 211:Drivers/CMSIS/Include/cmsis_gcc.h **** /* Define macros for porting to both thumb1 and thumb2.
 212:Drivers/CMSIS/Include/cmsis_gcc.h ****  * For thumb1, use low register (r0-r7), specified by constraint "l"
 213:Drivers/CMSIS/Include/cmsis_gcc.h ****  * Otherwise, use general registers, specified by constraint "r" */
 214:Drivers/CMSIS/Include/cmsis_gcc.h **** #if defined (__thumb__) && !defined (__thumb2__)
 215:Drivers/CMSIS/Include/cmsis_gcc.h **** #define __CMSIS_GCC_OUT_REG(r) "=l" (r)
 216:Drivers/CMSIS/Include/cmsis_gcc.h **** #define __CMSIS_GCC_RW_REG(r) "+l" (r)
 217:Drivers/CMSIS/Include/cmsis_gcc.h **** #define __CMSIS_GCC_USE_REG(r) "l" (r)
 218:Drivers/CMSIS/Include/cmsis_gcc.h **** #else
 219:Drivers/CMSIS/Include/cmsis_gcc.h **** #define __CMSIS_GCC_OUT_REG(r) "=r" (r)
 220:Drivers/CMSIS/Include/cmsis_gcc.h **** #define __CMSIS_GCC_RW_REG(r) "+r" (r)
 221:Drivers/CMSIS/Include/cmsis_gcc.h **** #define __CMSIS_GCC_USE_REG(r) "r" (r)
 222:Drivers/CMSIS/Include/cmsis_gcc.h **** #endif
 223:Drivers/CMSIS/Include/cmsis_gcc.h **** 
 224:Drivers/CMSIS/Include/cmsis_gcc.h **** /**
 225:Drivers/CMSIS/Include/cmsis_gcc.h ****   \brief   No Operation
 226:Drivers/CMSIS/Include/cmsis_gcc.h ****   \details No Operation does nothing. This instruction can be used for code alignment purposes.
 227:Drivers/CMSIS/Include/cmsis_gcc.h ****  */
 228:Drivers/CMSIS/Include/cmsis_gcc.h **** #define __NOP()                             __ASM volatile ("nop")
 229:Drivers/CMSIS/Include/cmsis_gcc.h **** 
 230:Drivers/CMSIS/Include/cmsis_gcc.h **** /**
 231:Drivers/CMSIS/Include/cmsis_gcc.h ****   \brief   Wait For Interrupt
 232:Drivers/CMSIS/Include/cmsis_gcc.h ****   \details Wait For Interrupt is a hint instruction that suspends execution until one of a number o
 233:Drivers/CMSIS/Include/cmsis_gcc.h ****  */
 234:Drivers/CMSIS/Include/cmsis_gcc.h **** #define __WFI()                             __ASM volatile ("wfi":::"memory")
 235:Drivers/CMSIS/Include/cmsis_gcc.h **** 
 236:Drivers/CMSIS/Include/cmsis_gcc.h **** 
 237:Drivers/CMSIS/Include/cmsis_gcc.h **** /**
 238:Drivers/CMSIS/Include/cmsis_gcc.h ****   \brief   Wait For Event
 239:Drivers/CMSIS/Include/cmsis_gcc.h ****   \details Wait For Event is a hint instruction that permits the processor to enter
 240:Drivers/CMSIS/Include/cmsis_gcc.h ****            a low-power state until one of a number of events occurs.
 241:Drivers/CMSIS/Include/cmsis_gcc.h ****  */
 242:Drivers/CMSIS/Include/cmsis_gcc.h **** #define __WFE()                             __ASM volatile ("wfe":::"memory")
 243:Drivers/CMSIS/Include/cmsis_gcc.h **** 
 244:Drivers/CMSIS/Include/cmsis_gcc.h **** 
 245:Drivers/CMSIS/Include/cmsis_gcc.h **** /**
 246:Drivers/CMSIS/Include/cmsis_gcc.h ****   \brief   Send Event
 247:Drivers/CMSIS/Include/cmsis_gcc.h ****   \details Send Event is a hint instruction. It causes an event to be signaled to the CPU.
 248:Drivers/CMSIS/Include/cmsis_gcc.h ****  */
 249:Drivers/CMSIS/Include/cmsis_gcc.h **** #define __SEV()                             __ASM volatile ("sev")
 250:Drivers/CMSIS/Include/cmsis_gcc.h **** 
 251:Drivers/CMSIS/Include/cmsis_gcc.h **** 
 252:Drivers/CMSIS/Include/cmsis_gcc.h **** /**
 253:Drivers/CMSIS/Include/cmsis_gcc.h ****   \brief   Instruction Synchronization Barrier
 254:Drivers/CMSIS/Include/cmsis_gcc.h ****   \details Instruction Synchronization Barrier flushes the pipeline in the processor,
 255:Drivers/CMSIS/Include/cmsis_gcc.h ****            so that all instructions following the ISB are fetched from cache or memory,
 256:Drivers/CMSIS/Include/cmsis_gcc.h ****            after the instruction has been completed.
 257:Drivers/CMSIS/Include/cmsis_gcc.h ****  */
 258:Drivers/CMSIS/Include/cmsis_gcc.h **** __STATIC_FORCEINLINE void __ISB(void)
 259:Drivers/CMSIS/Include/cmsis_gcc.h **** {
 260:Drivers/CMSIS/Include/cmsis_gcc.h ****   __ASM volatile ("isb 0xF":::"memory");
 261:Drivers/CMSIS/Include/cmsis_gcc.h **** }
 262:Drivers/CMSIS/Include/cmsis_gcc.h **** 
 263:Drivers/CMSIS/Include/cmsis_gcc.h **** 
 264:Drivers/CMSIS/Include/cmsis_gcc.h **** /**
ARM GAS  C:\Users\HZW\AppData\Local\Temp\ccTJIHY2.s 			page 24


 265:Drivers/CMSIS/Include/cmsis_gcc.h ****   \brief   Data Synchronization Barrier
 266:Drivers/CMSIS/Include/cmsis_gcc.h ****   \details Acts as a special kind of Data Memory Barrier.
 267:Drivers/CMSIS/Include/cmsis_gcc.h ****            It completes when all explicit memory accesses before this instruction complete.
 268:Drivers/CMSIS/Include/cmsis_gcc.h ****  */
 269:Drivers/CMSIS/Include/cmsis_gcc.h **** __STATIC_FORCEINLINE void __DSB(void)
 270:Drivers/CMSIS/Include/cmsis_gcc.h **** {
 271:Drivers/CMSIS/Include/cmsis_gcc.h ****   __ASM volatile ("dsb 0xF":::"memory");
 272:Drivers/CMSIS/Include/cmsis_gcc.h **** }
 273:Drivers/CMSIS/Include/cmsis_gcc.h **** 
 274:Drivers/CMSIS/Include/cmsis_gcc.h **** 
 275:Drivers/CMSIS/Include/cmsis_gcc.h **** /**
 276:Drivers/CMSIS/Include/cmsis_gcc.h ****   \brief   Data Memory Barrier
 277:Drivers/CMSIS/Include/cmsis_gcc.h ****   \details Ensures the apparent order of the explicit memory operations before
 278:Drivers/CMSIS/Include/cmsis_gcc.h ****            and after the instruction, without ensuring their completion.
 279:Drivers/CMSIS/Include/cmsis_gcc.h ****  */
 280:Drivers/CMSIS/Include/cmsis_gcc.h **** __STATIC_FORCEINLINE void __DMB(void)
 281:Drivers/CMSIS/Include/cmsis_gcc.h **** {
 282:Drivers/CMSIS/Include/cmsis_gcc.h ****   __ASM volatile ("dmb 0xF":::"memory");
 283:Drivers/CMSIS/Include/cmsis_gcc.h **** }
 284:Drivers/CMSIS/Include/cmsis_gcc.h **** 
 285:Drivers/CMSIS/Include/cmsis_gcc.h **** 
 286:Drivers/CMSIS/Include/cmsis_gcc.h **** /**
 287:Drivers/CMSIS/Include/cmsis_gcc.h ****   \brief   Reverse byte order (32 bit)
 288:Drivers/CMSIS/Include/cmsis_gcc.h ****   \details Reverses the byte order in unsigned integer value. For example, 0x12345678 becomes 0x785
 289:Drivers/CMSIS/Include/cmsis_gcc.h ****   \param [in]    value  Value to reverse
 290:Drivers/CMSIS/Include/cmsis_gcc.h ****   \return               Reversed value
 291:Drivers/CMSIS/Include/cmsis_gcc.h ****  */
 292:Drivers/CMSIS/Include/cmsis_gcc.h **** __STATIC_FORCEINLINE uint32_t __REV(uint32_t value)
 293:Drivers/CMSIS/Include/cmsis_gcc.h **** {
 294:Drivers/CMSIS/Include/cmsis_gcc.h **** #if (__GNUC__ > 4) || (__GNUC__ == 4 && __GNUC_MINOR__ >= 5)
 295:Drivers/CMSIS/Include/cmsis_gcc.h ****   return __builtin_bswap32(value);
 296:Drivers/CMSIS/Include/cmsis_gcc.h **** #else
 297:Drivers/CMSIS/Include/cmsis_gcc.h ****   uint32_t result;
 298:Drivers/CMSIS/Include/cmsis_gcc.h **** 
 299:Drivers/CMSIS/Include/cmsis_gcc.h ****   __ASM ("rev %0, %1" : __CMSIS_GCC_OUT_REG (result) : __CMSIS_GCC_USE_REG (value) );
 300:Drivers/CMSIS/Include/cmsis_gcc.h ****   return result;
 301:Drivers/CMSIS/Include/cmsis_gcc.h **** #endif
 302:Drivers/CMSIS/Include/cmsis_gcc.h **** }
 303:Drivers/CMSIS/Include/cmsis_gcc.h **** 
 304:Drivers/CMSIS/Include/cmsis_gcc.h **** 
 305:Drivers/CMSIS/Include/cmsis_gcc.h **** /**
 306:Drivers/CMSIS/Include/cmsis_gcc.h ****   \brief   Reverse byte order (16 bit)
 307:Drivers/CMSIS/Include/cmsis_gcc.h ****   \details Reverses the byte order within each halfword of a word. For example, 0x12345678 becomes 
 308:Drivers/CMSIS/Include/cmsis_gcc.h ****   \param [in]    value  Value to reverse
 309:Drivers/CMSIS/Include/cmsis_gcc.h ****   \return               Reversed value
 310:Drivers/CMSIS/Include/cmsis_gcc.h ****  */
 311:Drivers/CMSIS/Include/cmsis_gcc.h **** __STATIC_FORCEINLINE uint32_t __REV16(uint32_t value)
 312:Drivers/CMSIS/Include/cmsis_gcc.h **** {
 313:Drivers/CMSIS/Include/cmsis_gcc.h ****   uint32_t result;
 314:Drivers/CMSIS/Include/cmsis_gcc.h **** 
 315:Drivers/CMSIS/Include/cmsis_gcc.h ****   __ASM ("rev16 %0, %1" : __CMSIS_GCC_OUT_REG (result) : __CMSIS_GCC_USE_REG (value) );
 316:Drivers/CMSIS/Include/cmsis_gcc.h ****   return result;
 317:Drivers/CMSIS/Include/cmsis_gcc.h **** }
 318:Drivers/CMSIS/Include/cmsis_gcc.h **** 
 319:Drivers/CMSIS/Include/cmsis_gcc.h **** 
 320:Drivers/CMSIS/Include/cmsis_gcc.h **** /**
 321:Drivers/CMSIS/Include/cmsis_gcc.h ****   \brief   Reverse byte order (16 bit)
ARM GAS  C:\Users\HZW\AppData\Local\Temp\ccTJIHY2.s 			page 25


 322:Drivers/CMSIS/Include/cmsis_gcc.h ****   \details Reverses the byte order in a 16-bit value and returns the signed 16-bit result. For exam
 323:Drivers/CMSIS/Include/cmsis_gcc.h ****   \param [in]    value  Value to reverse
 324:Drivers/CMSIS/Include/cmsis_gcc.h ****   \return               Reversed value
 325:Drivers/CMSIS/Include/cmsis_gcc.h ****  */
 326:Drivers/CMSIS/Include/cmsis_gcc.h **** __STATIC_FORCEINLINE int16_t __REVSH(int16_t value)
 327:Drivers/CMSIS/Include/cmsis_gcc.h **** {
 328:Drivers/CMSIS/Include/cmsis_gcc.h **** #if (__GNUC__ > 4) || (__GNUC__ == 4 && __GNUC_MINOR__ >= 8)
 329:Drivers/CMSIS/Include/cmsis_gcc.h ****   return (int16_t)__builtin_bswap16(value);
 330:Drivers/CMSIS/Include/cmsis_gcc.h **** #else
 331:Drivers/CMSIS/Include/cmsis_gcc.h ****   int16_t result;
 332:Drivers/CMSIS/Include/cmsis_gcc.h **** 
 333:Drivers/CMSIS/Include/cmsis_gcc.h ****   __ASM ("revsh %0, %1" : __CMSIS_GCC_OUT_REG (result) : __CMSIS_GCC_USE_REG (value) );
 334:Drivers/CMSIS/Include/cmsis_gcc.h ****   return result;
 335:Drivers/CMSIS/Include/cmsis_gcc.h **** #endif
 336:Drivers/CMSIS/Include/cmsis_gcc.h **** }
 337:Drivers/CMSIS/Include/cmsis_gcc.h **** 
 338:Drivers/CMSIS/Include/cmsis_gcc.h **** 
 339:Drivers/CMSIS/Include/cmsis_gcc.h **** /**
 340:Drivers/CMSIS/Include/cmsis_gcc.h ****   \brief   Rotate Right in unsigned value (32 bit)
 341:Drivers/CMSIS/Include/cmsis_gcc.h ****   \details Rotate Right (immediate) provides the value of the contents of a register rotated by a v
 342:Drivers/CMSIS/Include/cmsis_gcc.h ****   \param [in]    op1  Value to rotate
 343:Drivers/CMSIS/Include/cmsis_gcc.h ****   \param [in]    op2  Number of Bits to rotate
 344:Drivers/CMSIS/Include/cmsis_gcc.h ****   \return               Rotated value
 345:Drivers/CMSIS/Include/cmsis_gcc.h ****  */
 346:Drivers/CMSIS/Include/cmsis_gcc.h **** __STATIC_FORCEINLINE uint32_t __ROR(uint32_t op1, uint32_t op2)
 347:Drivers/CMSIS/Include/cmsis_gcc.h **** {
 348:Drivers/CMSIS/Include/cmsis_gcc.h ****   op2 %= 32U;
 349:Drivers/CMSIS/Include/cmsis_gcc.h ****   if (op2 == 0U)
 350:Drivers/CMSIS/Include/cmsis_gcc.h ****   {
 351:Drivers/CMSIS/Include/cmsis_gcc.h ****     return op1;
 352:Drivers/CMSIS/Include/cmsis_gcc.h ****   }
 353:Drivers/CMSIS/Include/cmsis_gcc.h ****   return (op1 >> op2) | (op1 << (32U - op2));
 354:Drivers/CMSIS/Include/cmsis_gcc.h **** }
 355:Drivers/CMSIS/Include/cmsis_gcc.h **** 
 356:Drivers/CMSIS/Include/cmsis_gcc.h **** 
 357:Drivers/CMSIS/Include/cmsis_gcc.h **** /**
 358:Drivers/CMSIS/Include/cmsis_gcc.h ****   \brief   Breakpoint
 359:Drivers/CMSIS/Include/cmsis_gcc.h ****   \details Causes the processor to enter Debug state.
 360:Drivers/CMSIS/Include/cmsis_gcc.h ****            Debug tools can use this to investigate system state when the instruction at a particula
 361:Drivers/CMSIS/Include/cmsis_gcc.h ****   \param [in]    value  is ignored by the processor.
 362:Drivers/CMSIS/Include/cmsis_gcc.h ****                  If required, a debugger can use it to store additional information about the break
 363:Drivers/CMSIS/Include/cmsis_gcc.h ****  */
 364:Drivers/CMSIS/Include/cmsis_gcc.h **** #define __BKPT(value)                       __ASM volatile ("bkpt "#value)
 365:Drivers/CMSIS/Include/cmsis_gcc.h **** 
 366:Drivers/CMSIS/Include/cmsis_gcc.h **** 
 367:Drivers/CMSIS/Include/cmsis_gcc.h **** /**
 368:Drivers/CMSIS/Include/cmsis_gcc.h ****   \brief   Reverse bit order of value
 369:Drivers/CMSIS/Include/cmsis_gcc.h ****   \details Reverses the bit order of the given value.
 370:Drivers/CMSIS/Include/cmsis_gcc.h ****   \param [in]    value  Value to reverse
 371:Drivers/CMSIS/Include/cmsis_gcc.h ****   \return               Reversed value
 372:Drivers/CMSIS/Include/cmsis_gcc.h ****  */
 373:Drivers/CMSIS/Include/cmsis_gcc.h **** __STATIC_FORCEINLINE uint32_t __RBIT(uint32_t value)
 374:Drivers/CMSIS/Include/cmsis_gcc.h **** {
 375:Drivers/CMSIS/Include/cmsis_gcc.h ****   uint32_t result;
 376:Drivers/CMSIS/Include/cmsis_gcc.h **** 
 377:Drivers/CMSIS/Include/cmsis_gcc.h **** #if ((defined (__ARM_ARCH_7M__      ) && (__ARM_ARCH_7M__      == 1)) || \
 378:Drivers/CMSIS/Include/cmsis_gcc.h ****      (defined (__ARM_ARCH_7EM__     ) && (__ARM_ARCH_7EM__     == 1)) || \
ARM GAS  C:\Users\HZW\AppData\Local\Temp\ccTJIHY2.s 			page 26


 379:Drivers/CMSIS/Include/cmsis_gcc.h ****      (defined (__ARM_ARCH_8M_MAIN__ ) && (__ARM_ARCH_8M_MAIN__ == 1))    )
 380:Drivers/CMSIS/Include/cmsis_gcc.h ****    __ASM ("rbit %0, %1" : "=r" (result) : "r" (value) );
 381:Drivers/CMSIS/Include/cmsis_gcc.h **** #else
 382:Drivers/CMSIS/Include/cmsis_gcc.h ****   uint32_t s = (4U /*sizeof(v)*/ * 8U) - 1U; /* extra shift needed at end */
 383:Drivers/CMSIS/Include/cmsis_gcc.h **** 
 384:Drivers/CMSIS/Include/cmsis_gcc.h ****   result = value;                      /* r will be reversed bits of v; first get LSB of v */
 385:Drivers/CMSIS/Include/cmsis_gcc.h ****   for (value >>= 1U; value != 0U; value >>= 1U)
 386:Drivers/CMSIS/Include/cmsis_gcc.h ****   {
 387:Drivers/CMSIS/Include/cmsis_gcc.h ****     result <<= 1U;
 388:Drivers/CMSIS/Include/cmsis_gcc.h ****     result |= value & 1U;
 389:Drivers/CMSIS/Include/cmsis_gcc.h ****     s--;
 390:Drivers/CMSIS/Include/cmsis_gcc.h ****   }
 391:Drivers/CMSIS/Include/cmsis_gcc.h ****   result <<= s;                        /* shift when v's highest bits are zero */
 392:Drivers/CMSIS/Include/cmsis_gcc.h **** #endif
 393:Drivers/CMSIS/Include/cmsis_gcc.h ****   return result;
 394:Drivers/CMSIS/Include/cmsis_gcc.h **** }
 395:Drivers/CMSIS/Include/cmsis_gcc.h **** 
 396:Drivers/CMSIS/Include/cmsis_gcc.h **** 
 397:Drivers/CMSIS/Include/cmsis_gcc.h **** /**
 398:Drivers/CMSIS/Include/cmsis_gcc.h ****   \brief   Count leading zeros
 399:Drivers/CMSIS/Include/cmsis_gcc.h ****   \details Counts the number of leading zeros of a data value.
 400:Drivers/CMSIS/Include/cmsis_gcc.h ****   \param [in]  value  Value to count the leading zeros
 401:Drivers/CMSIS/Include/cmsis_gcc.h ****   \return             number of leading zeros in value
 402:Drivers/CMSIS/Include/cmsis_gcc.h ****  */
 403:Drivers/CMSIS/Include/cmsis_gcc.h **** __STATIC_FORCEINLINE uint8_t __CLZ(uint32_t value)
 404:Drivers/CMSIS/Include/cmsis_gcc.h **** {
 405:Drivers/CMSIS/Include/cmsis_gcc.h ****   /* Even though __builtin_clz produces a CLZ instruction on ARM, formally
 406:Drivers/CMSIS/Include/cmsis_gcc.h ****      __builtin_clz(0) is undefined behaviour, so handle this case specially.
 407:Drivers/CMSIS/Include/cmsis_gcc.h ****      This guarantees ARM-compatible results if happening to compile on a non-ARM
 408:Drivers/CMSIS/Include/cmsis_gcc.h ****      target, and ensures the compiler doesn't decide to activate any
 409:Drivers/CMSIS/Include/cmsis_gcc.h ****      optimisations using the logic "value was passed to __builtin_clz, so it
 410:Drivers/CMSIS/Include/cmsis_gcc.h ****      is non-zero".
 411:Drivers/CMSIS/Include/cmsis_gcc.h ****      ARM GCC 7.3 and possibly earlier will optimise this test away, leaving a
 412:Drivers/CMSIS/Include/cmsis_gcc.h ****      single CLZ instruction.
 413:Drivers/CMSIS/Include/cmsis_gcc.h ****    */
 414:Drivers/CMSIS/Include/cmsis_gcc.h ****   if (value == 0U)
 415:Drivers/CMSIS/Include/cmsis_gcc.h ****   {
 416:Drivers/CMSIS/Include/cmsis_gcc.h ****     return 32U;
 417:Drivers/CMSIS/Include/cmsis_gcc.h ****   }
 418:Drivers/CMSIS/Include/cmsis_gcc.h ****   return __builtin_clz(value);
 419:Drivers/CMSIS/Include/cmsis_gcc.h **** }
 420:Drivers/CMSIS/Include/cmsis_gcc.h **** 
 421:Drivers/CMSIS/Include/cmsis_gcc.h **** 
 422:Drivers/CMSIS/Include/cmsis_gcc.h **** #if ((defined (__ARM_ARCH_7M__      ) && (__ARM_ARCH_7M__      == 1)) || \
 423:Drivers/CMSIS/Include/cmsis_gcc.h ****      (defined (__ARM_ARCH_7EM__     ) && (__ARM_ARCH_7EM__     == 1)) || \
 424:Drivers/CMSIS/Include/cmsis_gcc.h ****      (defined (__ARM_ARCH_8M_MAIN__ ) && (__ARM_ARCH_8M_MAIN__ == 1)) || \
 425:Drivers/CMSIS/Include/cmsis_gcc.h ****      (defined (__ARM_ARCH_8M_BASE__ ) && (__ARM_ARCH_8M_BASE__ == 1))    )
 426:Drivers/CMSIS/Include/cmsis_gcc.h **** /**
 427:Drivers/CMSIS/Include/cmsis_gcc.h ****   \brief   LDR Exclusive (8 bit)
 428:Drivers/CMSIS/Include/cmsis_gcc.h ****   \details Executes a exclusive LDR instruction for 8 bit value.
 429:Drivers/CMSIS/Include/cmsis_gcc.h ****   \param [in]    ptr  Pointer to data
 430:Drivers/CMSIS/Include/cmsis_gcc.h ****   \return             value of type uint8_t at (*ptr)
 431:Drivers/CMSIS/Include/cmsis_gcc.h ****  */
 432:Drivers/CMSIS/Include/cmsis_gcc.h **** __STATIC_FORCEINLINE uint8_t __LDREXB(volatile uint8_t *addr)
 433:Drivers/CMSIS/Include/cmsis_gcc.h **** {
 434:Drivers/CMSIS/Include/cmsis_gcc.h ****     uint32_t result;
 435:Drivers/CMSIS/Include/cmsis_gcc.h **** 
ARM GAS  C:\Users\HZW\AppData\Local\Temp\ccTJIHY2.s 			page 27


 436:Drivers/CMSIS/Include/cmsis_gcc.h **** #if (__GNUC__ > 4) || (__GNUC__ == 4 && __GNUC_MINOR__ >= 8)
 437:Drivers/CMSIS/Include/cmsis_gcc.h ****    __ASM volatile ("ldrexb %0, %1" : "=r" (result) : "Q" (*addr) );
 438:Drivers/CMSIS/Include/cmsis_gcc.h **** #else
 439:Drivers/CMSIS/Include/cmsis_gcc.h ****     /* Prior to GCC 4.8, "Q" will be expanded to [rx, #0] which is not
 440:Drivers/CMSIS/Include/cmsis_gcc.h ****        accepted by assembler. So has to use following less efficient pattern.
 441:Drivers/CMSIS/Include/cmsis_gcc.h ****     */
 442:Drivers/CMSIS/Include/cmsis_gcc.h ****    __ASM volatile ("ldrexb %0, [%1]" : "=r" (result) : "r" (addr) : "memory" );
 443:Drivers/CMSIS/Include/cmsis_gcc.h **** #endif
 444:Drivers/CMSIS/Include/cmsis_gcc.h ****    return ((uint8_t) result);    /* Add explicit type cast here */
 445:Drivers/CMSIS/Include/cmsis_gcc.h **** }
 446:Drivers/CMSIS/Include/cmsis_gcc.h **** 
 447:Drivers/CMSIS/Include/cmsis_gcc.h **** 
 448:Drivers/CMSIS/Include/cmsis_gcc.h **** /**
 449:Drivers/CMSIS/Include/cmsis_gcc.h ****   \brief   LDR Exclusive (16 bit)
 450:Drivers/CMSIS/Include/cmsis_gcc.h ****   \details Executes a exclusive LDR instruction for 16 bit values.
 451:Drivers/CMSIS/Include/cmsis_gcc.h ****   \param [in]    ptr  Pointer to data
 452:Drivers/CMSIS/Include/cmsis_gcc.h ****   \return        value of type uint16_t at (*ptr)
 453:Drivers/CMSIS/Include/cmsis_gcc.h ****  */
 454:Drivers/CMSIS/Include/cmsis_gcc.h **** __STATIC_FORCEINLINE uint16_t __LDREXH(volatile uint16_t *addr)
 455:Drivers/CMSIS/Include/cmsis_gcc.h **** {
 456:Drivers/CMSIS/Include/cmsis_gcc.h ****     uint32_t result;
 457:Drivers/CMSIS/Include/cmsis_gcc.h **** 
 458:Drivers/CMSIS/Include/cmsis_gcc.h **** #if (__GNUC__ > 4) || (__GNUC__ == 4 && __GNUC_MINOR__ >= 8)
 459:Drivers/CMSIS/Include/cmsis_gcc.h ****    __ASM volatile ("ldrexh %0, %1" : "=r" (result) : "Q" (*addr) );
 460:Drivers/CMSIS/Include/cmsis_gcc.h **** #else
 461:Drivers/CMSIS/Include/cmsis_gcc.h ****     /* Prior to GCC 4.8, "Q" will be expanded to [rx, #0] which is not
 462:Drivers/CMSIS/Include/cmsis_gcc.h ****        accepted by assembler. So has to use following less efficient pattern.
 463:Drivers/CMSIS/Include/cmsis_gcc.h ****     */
 464:Drivers/CMSIS/Include/cmsis_gcc.h ****    __ASM volatile ("ldrexh %0, [%1]" : "=r" (result) : "r" (addr) : "memory" );
 465:Drivers/CMSIS/Include/cmsis_gcc.h **** #endif
 466:Drivers/CMSIS/Include/cmsis_gcc.h ****    return ((uint16_t) result);    /* Add explicit type cast here */
 467:Drivers/CMSIS/Include/cmsis_gcc.h **** }
 468:Drivers/CMSIS/Include/cmsis_gcc.h **** 
 469:Drivers/CMSIS/Include/cmsis_gcc.h **** 
 470:Drivers/CMSIS/Include/cmsis_gcc.h **** /**
 471:Drivers/CMSIS/Include/cmsis_gcc.h ****   \brief   LDR Exclusive (32 bit)
 472:Drivers/CMSIS/Include/cmsis_gcc.h ****   \details Executes a exclusive LDR instruction for 32 bit values.
 473:Drivers/CMSIS/Include/cmsis_gcc.h ****   \param [in]    ptr  Pointer to data
 474:Drivers/CMSIS/Include/cmsis_gcc.h ****   \return        value of type uint32_t at (*ptr)
 475:Drivers/CMSIS/Include/cmsis_gcc.h ****  */
 476:Drivers/CMSIS/Include/cmsis_gcc.h **** __STATIC_FORCEINLINE uint32_t __LDREXW(volatile uint32_t *addr)
 477:Drivers/CMSIS/Include/cmsis_gcc.h **** {
 478:Drivers/CMSIS/Include/cmsis_gcc.h ****     uint32_t result;
 479:Drivers/CMSIS/Include/cmsis_gcc.h **** 
 480:Drivers/CMSIS/Include/cmsis_gcc.h ****    __ASM volatile ("ldrex %0, %1" : "=r" (result) : "Q" (*addr) );
 481:Drivers/CMSIS/Include/cmsis_gcc.h ****    return(result);
 482:Drivers/CMSIS/Include/cmsis_gcc.h **** }
 483:Drivers/CMSIS/Include/cmsis_gcc.h **** 
 484:Drivers/CMSIS/Include/cmsis_gcc.h **** 
 485:Drivers/CMSIS/Include/cmsis_gcc.h **** /**
 486:Drivers/CMSIS/Include/cmsis_gcc.h ****   \brief   STR Exclusive (8 bit)
 487:Drivers/CMSIS/Include/cmsis_gcc.h ****   \details Executes a exclusive STR instruction for 8 bit values.
 488:Drivers/CMSIS/Include/cmsis_gcc.h ****   \param [in]  value  Value to store
 489:Drivers/CMSIS/Include/cmsis_gcc.h ****   \param [in]    ptr  Pointer to location
 490:Drivers/CMSIS/Include/cmsis_gcc.h ****   \return          0  Function succeeded
 491:Drivers/CMSIS/Include/cmsis_gcc.h ****   \return          1  Function failed
 492:Drivers/CMSIS/Include/cmsis_gcc.h ****  */
ARM GAS  C:\Users\HZW\AppData\Local\Temp\ccTJIHY2.s 			page 28


 493:Drivers/CMSIS/Include/cmsis_gcc.h **** __STATIC_FORCEINLINE uint32_t __STREXB(uint8_t value, volatile uint8_t *addr)
 494:Drivers/CMSIS/Include/cmsis_gcc.h **** {
 495:Drivers/CMSIS/Include/cmsis_gcc.h ****    uint32_t result;
 496:Drivers/CMSIS/Include/cmsis_gcc.h **** 
 497:Drivers/CMSIS/Include/cmsis_gcc.h ****    __ASM volatile ("strexb %0, %2, %1" : "=&r" (result), "=Q" (*addr) : "r" ((uint32_t)value) );
 498:Drivers/CMSIS/Include/cmsis_gcc.h ****    return(result);
 499:Drivers/CMSIS/Include/cmsis_gcc.h **** }
 500:Drivers/CMSIS/Include/cmsis_gcc.h **** 
 501:Drivers/CMSIS/Include/cmsis_gcc.h **** 
 502:Drivers/CMSIS/Include/cmsis_gcc.h **** /**
 503:Drivers/CMSIS/Include/cmsis_gcc.h ****   \brief   STR Exclusive (16 bit)
 504:Drivers/CMSIS/Include/cmsis_gcc.h ****   \details Executes a exclusive STR instruction for 16 bit values.
 505:Drivers/CMSIS/Include/cmsis_gcc.h ****   \param [in]  value  Value to store
 506:Drivers/CMSIS/Include/cmsis_gcc.h ****   \param [in]    ptr  Pointer to location
 507:Drivers/CMSIS/Include/cmsis_gcc.h ****   \return          0  Function succeeded
 508:Drivers/CMSIS/Include/cmsis_gcc.h ****   \return          1  Function failed
 509:Drivers/CMSIS/Include/cmsis_gcc.h ****  */
 510:Drivers/CMSIS/Include/cmsis_gcc.h **** __STATIC_FORCEINLINE uint32_t __STREXH(uint16_t value, volatile uint16_t *addr)
 511:Drivers/CMSIS/Include/cmsis_gcc.h **** {
 512:Drivers/CMSIS/Include/cmsis_gcc.h ****    uint32_t result;
 513:Drivers/CMSIS/Include/cmsis_gcc.h **** 
 514:Drivers/CMSIS/Include/cmsis_gcc.h ****    __ASM volatile ("strexh %0, %2, %1" : "=&r" (result), "=Q" (*addr) : "r" ((uint32_t)value) );
 515:Drivers/CMSIS/Include/cmsis_gcc.h ****    return(result);
 516:Drivers/CMSIS/Include/cmsis_gcc.h **** }
 517:Drivers/CMSIS/Include/cmsis_gcc.h **** 
 518:Drivers/CMSIS/Include/cmsis_gcc.h **** 
 519:Drivers/CMSIS/Include/cmsis_gcc.h **** /**
 520:Drivers/CMSIS/Include/cmsis_gcc.h ****   \brief   STR Exclusive (32 bit)
 521:Drivers/CMSIS/Include/cmsis_gcc.h ****   \details Executes a exclusive STR instruction for 32 bit values.
 522:Drivers/CMSIS/Include/cmsis_gcc.h ****   \param [in]  value  Value to store
 523:Drivers/CMSIS/Include/cmsis_gcc.h ****   \param [in]    ptr  Pointer to location
 524:Drivers/CMSIS/Include/cmsis_gcc.h ****   \return          0  Function succeeded
 525:Drivers/CMSIS/Include/cmsis_gcc.h ****   \return          1  Function failed
 526:Drivers/CMSIS/Include/cmsis_gcc.h ****  */
 527:Drivers/CMSIS/Include/cmsis_gcc.h **** __STATIC_FORCEINLINE uint32_t __STREXW(uint32_t value, volatile uint32_t *addr)
 528:Drivers/CMSIS/Include/cmsis_gcc.h **** {
 529:Drivers/CMSIS/Include/cmsis_gcc.h ****    uint32_t result;
 530:Drivers/CMSIS/Include/cmsis_gcc.h **** 
 531:Drivers/CMSIS/Include/cmsis_gcc.h ****    __ASM volatile ("strex %0, %2, %1" : "=&r" (result), "=Q" (*addr) : "r" (value) );
 532:Drivers/CMSIS/Include/cmsis_gcc.h ****    return(result);
 533:Drivers/CMSIS/Include/cmsis_gcc.h **** }
 534:Drivers/CMSIS/Include/cmsis_gcc.h **** 
 535:Drivers/CMSIS/Include/cmsis_gcc.h **** 
 536:Drivers/CMSIS/Include/cmsis_gcc.h **** /**
 537:Drivers/CMSIS/Include/cmsis_gcc.h ****   \brief   Remove the exclusive lock
 538:Drivers/CMSIS/Include/cmsis_gcc.h ****   \details Removes the exclusive lock which is created by LDREX.
 539:Drivers/CMSIS/Include/cmsis_gcc.h ****  */
 540:Drivers/CMSIS/Include/cmsis_gcc.h **** __STATIC_FORCEINLINE void __CLREX(void)
 541:Drivers/CMSIS/Include/cmsis_gcc.h **** {
 542:Drivers/CMSIS/Include/cmsis_gcc.h ****   __ASM volatile ("clrex" ::: "memory");
 543:Drivers/CMSIS/Include/cmsis_gcc.h **** }
 544:Drivers/CMSIS/Include/cmsis_gcc.h **** 
 545:Drivers/CMSIS/Include/cmsis_gcc.h **** #endif /* ((defined (__ARM_ARCH_7M__      ) && (__ARM_ARCH_7M__      == 1)) || \
 546:Drivers/CMSIS/Include/cmsis_gcc.h ****            (defined (__ARM_ARCH_7EM__     ) && (__ARM_ARCH_7EM__     == 1)) || \
 547:Drivers/CMSIS/Include/cmsis_gcc.h ****            (defined (__ARM_ARCH_8M_MAIN__ ) && (__ARM_ARCH_8M_MAIN__ == 1)) || \
 548:Drivers/CMSIS/Include/cmsis_gcc.h ****            (defined (__ARM_ARCH_8M_BASE__ ) && (__ARM_ARCH_8M_BASE__ == 1))    ) */
 549:Drivers/CMSIS/Include/cmsis_gcc.h **** 
ARM GAS  C:\Users\HZW\AppData\Local\Temp\ccTJIHY2.s 			page 29


 550:Drivers/CMSIS/Include/cmsis_gcc.h **** 
 551:Drivers/CMSIS/Include/cmsis_gcc.h **** #if ((defined (__ARM_ARCH_7M__      ) && (__ARM_ARCH_7M__      == 1)) || \
 552:Drivers/CMSIS/Include/cmsis_gcc.h ****      (defined (__ARM_ARCH_7EM__     ) && (__ARM_ARCH_7EM__     == 1)) || \
 553:Drivers/CMSIS/Include/cmsis_gcc.h ****      (defined (__ARM_ARCH_8M_MAIN__ ) && (__ARM_ARCH_8M_MAIN__ == 1))    )
 554:Drivers/CMSIS/Include/cmsis_gcc.h **** /**
 555:Drivers/CMSIS/Include/cmsis_gcc.h ****   \brief   Signed Saturate
 556:Drivers/CMSIS/Include/cmsis_gcc.h ****   \details Saturates a signed value.
 557:Drivers/CMSIS/Include/cmsis_gcc.h ****   \param [in]  ARG1  Value to be saturated
 558:Drivers/CMSIS/Include/cmsis_gcc.h ****   \param [in]  ARG2  Bit position to saturate to (1..32)
 559:Drivers/CMSIS/Include/cmsis_gcc.h ****   \return             Saturated value
 560:Drivers/CMSIS/Include/cmsis_gcc.h ****  */
 561:Drivers/CMSIS/Include/cmsis_gcc.h **** #define __SSAT(ARG1, ARG2) \
 562:Drivers/CMSIS/Include/cmsis_gcc.h **** __extension__ \
 563:Drivers/CMSIS/Include/cmsis_gcc.h **** ({                          \
 564:Drivers/CMSIS/Include/cmsis_gcc.h ****   int32_t __RES, __ARG1 = (ARG1); \
 565:Drivers/CMSIS/Include/cmsis_gcc.h ****   __ASM volatile ("ssat %0, %1, %2" : "=r" (__RES) :  "I" (ARG2), "r" (__ARG1) : "cc" ); \
 566:Drivers/CMSIS/Include/cmsis_gcc.h ****   __RES; \
 567:Drivers/CMSIS/Include/cmsis_gcc.h ****  })
 568:Drivers/CMSIS/Include/cmsis_gcc.h **** 
 569:Drivers/CMSIS/Include/cmsis_gcc.h **** 
 570:Drivers/CMSIS/Include/cmsis_gcc.h **** /**
 571:Drivers/CMSIS/Include/cmsis_gcc.h ****   \brief   Unsigned Saturate
 572:Drivers/CMSIS/Include/cmsis_gcc.h ****   \details Saturates an unsigned value.
 573:Drivers/CMSIS/Include/cmsis_gcc.h ****   \param [in]  ARG1  Value to be saturated
 574:Drivers/CMSIS/Include/cmsis_gcc.h ****   \param [in]  ARG2  Bit position to saturate to (0..31)
 575:Drivers/CMSIS/Include/cmsis_gcc.h ****   \return             Saturated value
 576:Drivers/CMSIS/Include/cmsis_gcc.h ****  */
 577:Drivers/CMSIS/Include/cmsis_gcc.h **** #define __USAT(ARG1, ARG2) \
 578:Drivers/CMSIS/Include/cmsis_gcc.h **** __extension__ \
 579:Drivers/CMSIS/Include/cmsis_gcc.h **** ({                          \
 580:Drivers/CMSIS/Include/cmsis_gcc.h ****   uint32_t __RES, __ARG1 = (ARG1); \
 581:Drivers/CMSIS/Include/cmsis_gcc.h ****   __ASM volatile ("usat %0, %1, %2" : "=r" (__RES) :  "I" (ARG2), "r" (__ARG1) : "cc" ); \
 582:Drivers/CMSIS/Include/cmsis_gcc.h ****   __RES; \
 583:Drivers/CMSIS/Include/cmsis_gcc.h ****  })
 584:Drivers/CMSIS/Include/cmsis_gcc.h **** 
 585:Drivers/CMSIS/Include/cmsis_gcc.h **** 
 586:Drivers/CMSIS/Include/cmsis_gcc.h **** /**
 587:Drivers/CMSIS/Include/cmsis_gcc.h ****   \brief   Rotate Right with Extend (32 bit)
 588:Drivers/CMSIS/Include/cmsis_gcc.h ****   \details Moves each bit of a bitstring right by one bit.
 589:Drivers/CMSIS/Include/cmsis_gcc.h ****            The carry input is shifted in at the left end of the bitstring.
 590:Drivers/CMSIS/Include/cmsis_gcc.h ****   \param [in]    value  Value to rotate
 591:Drivers/CMSIS/Include/cmsis_gcc.h ****   \return               Rotated value
 592:Drivers/CMSIS/Include/cmsis_gcc.h ****  */
 593:Drivers/CMSIS/Include/cmsis_gcc.h **** __STATIC_FORCEINLINE uint32_t __RRX(uint32_t value)
 594:Drivers/CMSIS/Include/cmsis_gcc.h **** {
 595:Drivers/CMSIS/Include/cmsis_gcc.h ****   uint32_t result;
 596:Drivers/CMSIS/Include/cmsis_gcc.h **** 
 597:Drivers/CMSIS/Include/cmsis_gcc.h ****   __ASM volatile ("rrx %0, %1" : __CMSIS_GCC_OUT_REG (result) : __CMSIS_GCC_USE_REG (value) );
 598:Drivers/CMSIS/Include/cmsis_gcc.h ****   return(result);
 599:Drivers/CMSIS/Include/cmsis_gcc.h **** }
 600:Drivers/CMSIS/Include/cmsis_gcc.h **** 
 601:Drivers/CMSIS/Include/cmsis_gcc.h **** 
 602:Drivers/CMSIS/Include/cmsis_gcc.h **** /**
 603:Drivers/CMSIS/Include/cmsis_gcc.h ****   \brief   LDRT Unprivileged (8 bit)
 604:Drivers/CMSIS/Include/cmsis_gcc.h ****   \details Executes a Unprivileged LDRT instruction for 8 bit value.
 605:Drivers/CMSIS/Include/cmsis_gcc.h ****   \param [in]    ptr  Pointer to data
 606:Drivers/CMSIS/Include/cmsis_gcc.h ****   \return             value of type uint8_t at (*ptr)
ARM GAS  C:\Users\HZW\AppData\Local\Temp\ccTJIHY2.s 			page 30


 607:Drivers/CMSIS/Include/cmsis_gcc.h ****  */
 608:Drivers/CMSIS/Include/cmsis_gcc.h **** __STATIC_FORCEINLINE uint8_t __LDRBT(volatile uint8_t *ptr)
 609:Drivers/CMSIS/Include/cmsis_gcc.h **** {
 610:Drivers/CMSIS/Include/cmsis_gcc.h ****     uint32_t result;
 611:Drivers/CMSIS/Include/cmsis_gcc.h **** 
 612:Drivers/CMSIS/Include/cmsis_gcc.h **** #if (__GNUC__ > 4) || (__GNUC__ == 4 && __GNUC_MINOR__ >= 8)
 613:Drivers/CMSIS/Include/cmsis_gcc.h ****    __ASM volatile ("ldrbt %0, %1" : "=r" (result) : "Q" (*ptr) );
 614:Drivers/CMSIS/Include/cmsis_gcc.h **** #else
 615:Drivers/CMSIS/Include/cmsis_gcc.h ****     /* Prior to GCC 4.8, "Q" will be expanded to [rx, #0] which is not
 616:Drivers/CMSIS/Include/cmsis_gcc.h ****        accepted by assembler. So has to use following less efficient pattern.
 617:Drivers/CMSIS/Include/cmsis_gcc.h ****     */
 618:Drivers/CMSIS/Include/cmsis_gcc.h ****    __ASM volatile ("ldrbt %0, [%1]" : "=r" (result) : "r" (ptr) : "memory" );
 619:Drivers/CMSIS/Include/cmsis_gcc.h **** #endif
 620:Drivers/CMSIS/Include/cmsis_gcc.h ****    return ((uint8_t) result);    /* Add explicit type cast here */
 621:Drivers/CMSIS/Include/cmsis_gcc.h **** }
 622:Drivers/CMSIS/Include/cmsis_gcc.h **** 
 623:Drivers/CMSIS/Include/cmsis_gcc.h **** 
 624:Drivers/CMSIS/Include/cmsis_gcc.h **** /**
 625:Drivers/CMSIS/Include/cmsis_gcc.h ****   \brief   LDRT Unprivileged (16 bit)
 626:Drivers/CMSIS/Include/cmsis_gcc.h ****   \details Executes a Unprivileged LDRT instruction for 16 bit values.
 627:Drivers/CMSIS/Include/cmsis_gcc.h ****   \param [in]    ptr  Pointer to data
 628:Drivers/CMSIS/Include/cmsis_gcc.h ****   \return        value of type uint16_t at (*ptr)
 629:Drivers/CMSIS/Include/cmsis_gcc.h ****  */
 630:Drivers/CMSIS/Include/cmsis_gcc.h **** __STATIC_FORCEINLINE uint16_t __LDRHT(volatile uint16_t *ptr)
 631:Drivers/CMSIS/Include/cmsis_gcc.h **** {
 632:Drivers/CMSIS/Include/cmsis_gcc.h ****     uint32_t result;
 633:Drivers/CMSIS/Include/cmsis_gcc.h **** 
 634:Drivers/CMSIS/Include/cmsis_gcc.h **** #if (__GNUC__ > 4) || (__GNUC__ == 4 && __GNUC_MINOR__ >= 8)
 635:Drivers/CMSIS/Include/cmsis_gcc.h ****    __ASM volatile ("ldrht %0, %1" : "=r" (result) : "Q" (*ptr) );
 636:Drivers/CMSIS/Include/cmsis_gcc.h **** #else
 637:Drivers/CMSIS/Include/cmsis_gcc.h ****     /* Prior to GCC 4.8, "Q" will be expanded to [rx, #0] which is not
 638:Drivers/CMSIS/Include/cmsis_gcc.h ****        accepted by assembler. So has to use following less efficient pattern.
 639:Drivers/CMSIS/Include/cmsis_gcc.h ****     */
 640:Drivers/CMSIS/Include/cmsis_gcc.h ****    __ASM volatile ("ldrht %0, [%1]" : "=r" (result) : "r" (ptr) : "memory" );
 641:Drivers/CMSIS/Include/cmsis_gcc.h **** #endif
 642:Drivers/CMSIS/Include/cmsis_gcc.h ****    return ((uint16_t) result);    /* Add explicit type cast here */
 643:Drivers/CMSIS/Include/cmsis_gcc.h **** }
 644:Drivers/CMSIS/Include/cmsis_gcc.h **** 
 645:Drivers/CMSIS/Include/cmsis_gcc.h **** 
 646:Drivers/CMSIS/Include/cmsis_gcc.h **** /**
 647:Drivers/CMSIS/Include/cmsis_gcc.h ****   \brief   LDRT Unprivileged (32 bit)
 648:Drivers/CMSIS/Include/cmsis_gcc.h ****   \details Executes a Unprivileged LDRT instruction for 32 bit values.
 649:Drivers/CMSIS/Include/cmsis_gcc.h ****   \param [in]    ptr  Pointer to data
 650:Drivers/CMSIS/Include/cmsis_gcc.h ****   \return        value of type uint32_t at (*ptr)
 651:Drivers/CMSIS/Include/cmsis_gcc.h ****  */
 652:Drivers/CMSIS/Include/cmsis_gcc.h **** __STATIC_FORCEINLINE uint32_t __LDRT(volatile uint32_t *ptr)
 653:Drivers/CMSIS/Include/cmsis_gcc.h **** {
 654:Drivers/CMSIS/Include/cmsis_gcc.h ****     uint32_t result;
 655:Drivers/CMSIS/Include/cmsis_gcc.h **** 
 656:Drivers/CMSIS/Include/cmsis_gcc.h ****    __ASM volatile ("ldrt %0, %1" : "=r" (result) : "Q" (*ptr) );
 657:Drivers/CMSIS/Include/cmsis_gcc.h ****    return(result);
 658:Drivers/CMSIS/Include/cmsis_gcc.h **** }
 659:Drivers/CMSIS/Include/cmsis_gcc.h **** 
 660:Drivers/CMSIS/Include/cmsis_gcc.h **** 
 661:Drivers/CMSIS/Include/cmsis_gcc.h **** /**
 662:Drivers/CMSIS/Include/cmsis_gcc.h ****   \brief   STRT Unprivileged (8 bit)
 663:Drivers/CMSIS/Include/cmsis_gcc.h ****   \details Executes a Unprivileged STRT instruction for 8 bit values.
ARM GAS  C:\Users\HZW\AppData\Local\Temp\ccTJIHY2.s 			page 31


 664:Drivers/CMSIS/Include/cmsis_gcc.h ****   \param [in]  value  Value to store
 665:Drivers/CMSIS/Include/cmsis_gcc.h ****   \param [in]    ptr  Pointer to location
 666:Drivers/CMSIS/Include/cmsis_gcc.h ****  */
 667:Drivers/CMSIS/Include/cmsis_gcc.h **** __STATIC_FORCEINLINE void __STRBT(uint8_t value, volatile uint8_t *ptr)
 668:Drivers/CMSIS/Include/cmsis_gcc.h **** {
 669:Drivers/CMSIS/Include/cmsis_gcc.h ****    __ASM volatile ("strbt %1, %0" : "=Q" (*ptr) : "r" ((uint32_t)value) );
 670:Drivers/CMSIS/Include/cmsis_gcc.h **** }
 671:Drivers/CMSIS/Include/cmsis_gcc.h **** 
 672:Drivers/CMSIS/Include/cmsis_gcc.h **** 
 673:Drivers/CMSIS/Include/cmsis_gcc.h **** /**
 674:Drivers/CMSIS/Include/cmsis_gcc.h ****   \brief   STRT Unprivileged (16 bit)
 675:Drivers/CMSIS/Include/cmsis_gcc.h ****   \details Executes a Unprivileged STRT instruction for 16 bit values.
 676:Drivers/CMSIS/Include/cmsis_gcc.h ****   \param [in]  value  Value to store
 677:Drivers/CMSIS/Include/cmsis_gcc.h ****   \param [in]    ptr  Pointer to location
 678:Drivers/CMSIS/Include/cmsis_gcc.h ****  */
 679:Drivers/CMSIS/Include/cmsis_gcc.h **** __STATIC_FORCEINLINE void __STRHT(uint16_t value, volatile uint16_t *ptr)
 680:Drivers/CMSIS/Include/cmsis_gcc.h **** {
 681:Drivers/CMSIS/Include/cmsis_gcc.h ****    __ASM volatile ("strht %1, %0" : "=Q" (*ptr) : "r" ((uint32_t)value) );
 682:Drivers/CMSIS/Include/cmsis_gcc.h **** }
 683:Drivers/CMSIS/Include/cmsis_gcc.h **** 
 684:Drivers/CMSIS/Include/cmsis_gcc.h **** 
 685:Drivers/CMSIS/Include/cmsis_gcc.h **** /**
 686:Drivers/CMSIS/Include/cmsis_gcc.h ****   \brief   STRT Unprivileged (32 bit)
 687:Drivers/CMSIS/Include/cmsis_gcc.h ****   \details Executes a Unprivileged STRT instruction for 32 bit values.
 688:Drivers/CMSIS/Include/cmsis_gcc.h ****   \param [in]  value  Value to store
 689:Drivers/CMSIS/Include/cmsis_gcc.h ****   \param [in]    ptr  Pointer to location
 690:Drivers/CMSIS/Include/cmsis_gcc.h ****  */
 691:Drivers/CMSIS/Include/cmsis_gcc.h **** __STATIC_FORCEINLINE void __STRT(uint32_t value, volatile uint32_t *ptr)
 692:Drivers/CMSIS/Include/cmsis_gcc.h **** {
 693:Drivers/CMSIS/Include/cmsis_gcc.h ****    __ASM volatile ("strt %1, %0" : "=Q" (*ptr) : "r" (value) );
 694:Drivers/CMSIS/Include/cmsis_gcc.h **** }
 695:Drivers/CMSIS/Include/cmsis_gcc.h **** 
 696:Drivers/CMSIS/Include/cmsis_gcc.h **** #else  /* ((defined (__ARM_ARCH_7M__      ) && (__ARM_ARCH_7M__      == 1)) || \
 697:Drivers/CMSIS/Include/cmsis_gcc.h ****            (defined (__ARM_ARCH_7EM__     ) && (__ARM_ARCH_7EM__     == 1)) || \
 698:Drivers/CMSIS/Include/cmsis_gcc.h ****            (defined (__ARM_ARCH_8M_MAIN__ ) && (__ARM_ARCH_8M_MAIN__ == 1))    ) */
 699:Drivers/CMSIS/Include/cmsis_gcc.h **** 
 700:Drivers/CMSIS/Include/cmsis_gcc.h **** /**
 701:Drivers/CMSIS/Include/cmsis_gcc.h ****   \brief   Signed Saturate
 702:Drivers/CMSIS/Include/cmsis_gcc.h ****   \details Saturates a signed value.
 703:Drivers/CMSIS/Include/cmsis_gcc.h ****   \param [in]  value  Value to be saturated
 704:Drivers/CMSIS/Include/cmsis_gcc.h ****   \param [in]    sat  Bit position to saturate to (1..32)
 705:Drivers/CMSIS/Include/cmsis_gcc.h ****   \return             Saturated value
 706:Drivers/CMSIS/Include/cmsis_gcc.h ****  */
 707:Drivers/CMSIS/Include/cmsis_gcc.h **** __STATIC_FORCEINLINE int32_t __SSAT(int32_t val, uint32_t sat)
 708:Drivers/CMSIS/Include/cmsis_gcc.h **** {
 709:Drivers/CMSIS/Include/cmsis_gcc.h ****   if ((sat >= 1U) && (sat <= 32U))
 710:Drivers/CMSIS/Include/cmsis_gcc.h ****   {
 711:Drivers/CMSIS/Include/cmsis_gcc.h ****     const int32_t max = (int32_t)((1U << (sat - 1U)) - 1U);
 712:Drivers/CMSIS/Include/cmsis_gcc.h ****     const int32_t min = -1 - max ;
 713:Drivers/CMSIS/Include/cmsis_gcc.h ****     if (val > max)
 714:Drivers/CMSIS/Include/cmsis_gcc.h ****     {
 715:Drivers/CMSIS/Include/cmsis_gcc.h ****       return max;
 716:Drivers/CMSIS/Include/cmsis_gcc.h ****     }
 717:Drivers/CMSIS/Include/cmsis_gcc.h ****     else if (val < min)
 718:Drivers/CMSIS/Include/cmsis_gcc.h ****     {
 719:Drivers/CMSIS/Include/cmsis_gcc.h ****       return min;
 720:Drivers/CMSIS/Include/cmsis_gcc.h ****     }
ARM GAS  C:\Users\HZW\AppData\Local\Temp\ccTJIHY2.s 			page 32


 721:Drivers/CMSIS/Include/cmsis_gcc.h ****   }
 722:Drivers/CMSIS/Include/cmsis_gcc.h ****   return val;
 723:Drivers/CMSIS/Include/cmsis_gcc.h **** }
 724:Drivers/CMSIS/Include/cmsis_gcc.h **** 
 725:Drivers/CMSIS/Include/cmsis_gcc.h **** /**
 726:Drivers/CMSIS/Include/cmsis_gcc.h ****   \brief   Unsigned Saturate
 727:Drivers/CMSIS/Include/cmsis_gcc.h ****   \details Saturates an unsigned value.
 728:Drivers/CMSIS/Include/cmsis_gcc.h ****   \param [in]  value  Value to be saturated
 729:Drivers/CMSIS/Include/cmsis_gcc.h ****   \param [in]    sat  Bit position to saturate to (0..31)
 730:Drivers/CMSIS/Include/cmsis_gcc.h ****   \return             Saturated value
 731:Drivers/CMSIS/Include/cmsis_gcc.h ****  */
 732:Drivers/CMSIS/Include/cmsis_gcc.h **** __STATIC_FORCEINLINE uint32_t __USAT(int32_t val, uint32_t sat)
 733:Drivers/CMSIS/Include/cmsis_gcc.h **** {
 734:Drivers/CMSIS/Include/cmsis_gcc.h ****   if (sat <= 31U)
 735:Drivers/CMSIS/Include/cmsis_gcc.h ****   {
 736:Drivers/CMSIS/Include/cmsis_gcc.h ****     const uint32_t max = ((1U << sat) - 1U);
 737:Drivers/CMSIS/Include/cmsis_gcc.h ****     if (val > (int32_t)max)
 738:Drivers/CMSIS/Include/cmsis_gcc.h ****     {
 739:Drivers/CMSIS/Include/cmsis_gcc.h ****       return max;
 740:Drivers/CMSIS/Include/cmsis_gcc.h ****     }
 741:Drivers/CMSIS/Include/cmsis_gcc.h ****     else if (val < 0)
 742:Drivers/CMSIS/Include/cmsis_gcc.h ****     {
 743:Drivers/CMSIS/Include/cmsis_gcc.h ****       return 0U;
 744:Drivers/CMSIS/Include/cmsis_gcc.h ****     }
 745:Drivers/CMSIS/Include/cmsis_gcc.h ****   }
 746:Drivers/CMSIS/Include/cmsis_gcc.h ****   return (uint32_t)val;
 747:Drivers/CMSIS/Include/cmsis_gcc.h **** }
 748:Drivers/CMSIS/Include/cmsis_gcc.h **** 
 749:Drivers/CMSIS/Include/cmsis_gcc.h **** #endif /* ((defined (__ARM_ARCH_7M__      ) && (__ARM_ARCH_7M__      == 1)) || \
 750:Drivers/CMSIS/Include/cmsis_gcc.h ****            (defined (__ARM_ARCH_7EM__     ) && (__ARM_ARCH_7EM__     == 1)) || \
 751:Drivers/CMSIS/Include/cmsis_gcc.h ****            (defined (__ARM_ARCH_8M_MAIN__ ) && (__ARM_ARCH_8M_MAIN__ == 1))    ) */
 752:Drivers/CMSIS/Include/cmsis_gcc.h **** 
 753:Drivers/CMSIS/Include/cmsis_gcc.h **** 
 754:Drivers/CMSIS/Include/cmsis_gcc.h **** #if ((defined (__ARM_ARCH_8M_MAIN__ ) && (__ARM_ARCH_8M_MAIN__ == 1)) || \
 755:Drivers/CMSIS/Include/cmsis_gcc.h ****      (defined (__ARM_ARCH_8M_BASE__ ) && (__ARM_ARCH_8M_BASE__ == 1))    )
 756:Drivers/CMSIS/Include/cmsis_gcc.h **** /**
 757:Drivers/CMSIS/Include/cmsis_gcc.h ****   \brief   Load-Acquire (8 bit)
 758:Drivers/CMSIS/Include/cmsis_gcc.h ****   \details Executes a LDAB instruction for 8 bit value.
 759:Drivers/CMSIS/Include/cmsis_gcc.h ****   \param [in]    ptr  Pointer to data
 760:Drivers/CMSIS/Include/cmsis_gcc.h ****   \return             value of type uint8_t at (*ptr)
 761:Drivers/CMSIS/Include/cmsis_gcc.h ****  */
 762:Drivers/CMSIS/Include/cmsis_gcc.h **** __STATIC_FORCEINLINE uint8_t __LDAB(volatile uint8_t *ptr)
 763:Drivers/CMSIS/Include/cmsis_gcc.h **** {
 764:Drivers/CMSIS/Include/cmsis_gcc.h ****     uint32_t result;
 765:Drivers/CMSIS/Include/cmsis_gcc.h **** 
 766:Drivers/CMSIS/Include/cmsis_gcc.h ****    __ASM volatile ("ldab %0, %1" : "=r" (result) : "Q" (*ptr) : "memory" );
 767:Drivers/CMSIS/Include/cmsis_gcc.h ****    return ((uint8_t) result);
 768:Drivers/CMSIS/Include/cmsis_gcc.h **** }
 769:Drivers/CMSIS/Include/cmsis_gcc.h **** 
 770:Drivers/CMSIS/Include/cmsis_gcc.h **** 
 771:Drivers/CMSIS/Include/cmsis_gcc.h **** /**
 772:Drivers/CMSIS/Include/cmsis_gcc.h ****   \brief   Load-Acquire (16 bit)
 773:Drivers/CMSIS/Include/cmsis_gcc.h ****   \details Executes a LDAH instruction for 16 bit values.
 774:Drivers/CMSIS/Include/cmsis_gcc.h ****   \param [in]    ptr  Pointer to data
 775:Drivers/CMSIS/Include/cmsis_gcc.h ****   \return        value of type uint16_t at (*ptr)
 776:Drivers/CMSIS/Include/cmsis_gcc.h ****  */
 777:Drivers/CMSIS/Include/cmsis_gcc.h **** __STATIC_FORCEINLINE uint16_t __LDAH(volatile uint16_t *ptr)
ARM GAS  C:\Users\HZW\AppData\Local\Temp\ccTJIHY2.s 			page 33


 778:Drivers/CMSIS/Include/cmsis_gcc.h **** {
 779:Drivers/CMSIS/Include/cmsis_gcc.h ****     uint32_t result;
 780:Drivers/CMSIS/Include/cmsis_gcc.h **** 
 781:Drivers/CMSIS/Include/cmsis_gcc.h ****    __ASM volatile ("ldah %0, %1" : "=r" (result) : "Q" (*ptr) : "memory" );
 782:Drivers/CMSIS/Include/cmsis_gcc.h ****    return ((uint16_t) result);
 783:Drivers/CMSIS/Include/cmsis_gcc.h **** }
 784:Drivers/CMSIS/Include/cmsis_gcc.h **** 
 785:Drivers/CMSIS/Include/cmsis_gcc.h **** 
 786:Drivers/CMSIS/Include/cmsis_gcc.h **** /**
 787:Drivers/CMSIS/Include/cmsis_gcc.h ****   \brief   Load-Acquire (32 bit)
 788:Drivers/CMSIS/Include/cmsis_gcc.h ****   \details Executes a LDA instruction for 32 bit values.
 789:Drivers/CMSIS/Include/cmsis_gcc.h ****   \param [in]    ptr  Pointer to data
 790:Drivers/CMSIS/Include/cmsis_gcc.h ****   \return        value of type uint32_t at (*ptr)
 791:Drivers/CMSIS/Include/cmsis_gcc.h ****  */
 792:Drivers/CMSIS/Include/cmsis_gcc.h **** __STATIC_FORCEINLINE uint32_t __LDA(volatile uint32_t *ptr)
 793:Drivers/CMSIS/Include/cmsis_gcc.h **** {
 794:Drivers/CMSIS/Include/cmsis_gcc.h ****     uint32_t result;
 795:Drivers/CMSIS/Include/cmsis_gcc.h **** 
 796:Drivers/CMSIS/Include/cmsis_gcc.h ****    __ASM volatile ("lda %0, %1" : "=r" (result) : "Q" (*ptr) : "memory" );
 797:Drivers/CMSIS/Include/cmsis_gcc.h ****    return(result);
 798:Drivers/CMSIS/Include/cmsis_gcc.h **** }
 799:Drivers/CMSIS/Include/cmsis_gcc.h **** 
 800:Drivers/CMSIS/Include/cmsis_gcc.h **** 
 801:Drivers/CMSIS/Include/cmsis_gcc.h **** /**
 802:Drivers/CMSIS/Include/cmsis_gcc.h ****   \brief   Store-Release (8 bit)
 803:Drivers/CMSIS/Include/cmsis_gcc.h ****   \details Executes a STLB instruction for 8 bit values.
 804:Drivers/CMSIS/Include/cmsis_gcc.h ****   \param [in]  value  Value to store
 805:Drivers/CMSIS/Include/cmsis_gcc.h ****   \param [in]    ptr  Pointer to location
 806:Drivers/CMSIS/Include/cmsis_gcc.h ****  */
 807:Drivers/CMSIS/Include/cmsis_gcc.h **** __STATIC_FORCEINLINE void __STLB(uint8_t value, volatile uint8_t *ptr)
 808:Drivers/CMSIS/Include/cmsis_gcc.h **** {
 809:Drivers/CMSIS/Include/cmsis_gcc.h ****    __ASM volatile ("stlb %1, %0" : "=Q" (*ptr) : "r" ((uint32_t)value) : "memory" );
 810:Drivers/CMSIS/Include/cmsis_gcc.h **** }
 811:Drivers/CMSIS/Include/cmsis_gcc.h **** 
 812:Drivers/CMSIS/Include/cmsis_gcc.h **** 
 813:Drivers/CMSIS/Include/cmsis_gcc.h **** /**
 814:Drivers/CMSIS/Include/cmsis_gcc.h ****   \brief   Store-Release (16 bit)
 815:Drivers/CMSIS/Include/cmsis_gcc.h ****   \details Executes a STLH instruction for 16 bit values.
 816:Drivers/CMSIS/Include/cmsis_gcc.h ****   \param [in]  value  Value to store
 817:Drivers/CMSIS/Include/cmsis_gcc.h ****   \param [in]    ptr  Pointer to location
 818:Drivers/CMSIS/Include/cmsis_gcc.h ****  */
 819:Drivers/CMSIS/Include/cmsis_gcc.h **** __STATIC_FORCEINLINE void __STLH(uint16_t value, volatile uint16_t *ptr)
 820:Drivers/CMSIS/Include/cmsis_gcc.h **** {
 821:Drivers/CMSIS/Include/cmsis_gcc.h ****    __ASM volatile ("stlh %1, %0" : "=Q" (*ptr) : "r" ((uint32_t)value) : "memory" );
 822:Drivers/CMSIS/Include/cmsis_gcc.h **** }
 823:Drivers/CMSIS/Include/cmsis_gcc.h **** 
 824:Drivers/CMSIS/Include/cmsis_gcc.h **** 
 825:Drivers/CMSIS/Include/cmsis_gcc.h **** /**
 826:Drivers/CMSIS/Include/cmsis_gcc.h ****   \brief   Store-Release (32 bit)
 827:Drivers/CMSIS/Include/cmsis_gcc.h ****   \details Executes a STL instruction for 32 bit values.
 828:Drivers/CMSIS/Include/cmsis_gcc.h ****   \param [in]  value  Value to store
 829:Drivers/CMSIS/Include/cmsis_gcc.h ****   \param [in]    ptr  Pointer to location
 830:Drivers/CMSIS/Include/cmsis_gcc.h ****  */
 831:Drivers/CMSIS/Include/cmsis_gcc.h **** __STATIC_FORCEINLINE void __STL(uint32_t value, volatile uint32_t *ptr)
 832:Drivers/CMSIS/Include/cmsis_gcc.h **** {
 833:Drivers/CMSIS/Include/cmsis_gcc.h ****    __ASM volatile ("stl %1, %0" : "=Q" (*ptr) : "r" ((uint32_t)value) : "memory" );
 834:Drivers/CMSIS/Include/cmsis_gcc.h **** }
ARM GAS  C:\Users\HZW\AppData\Local\Temp\ccTJIHY2.s 			page 34


 835:Drivers/CMSIS/Include/cmsis_gcc.h **** 
 836:Drivers/CMSIS/Include/cmsis_gcc.h **** 
 837:Drivers/CMSIS/Include/cmsis_gcc.h **** /**
 838:Drivers/CMSIS/Include/cmsis_gcc.h ****   \brief   Load-Acquire Exclusive (8 bit)
 839:Drivers/CMSIS/Include/cmsis_gcc.h ****   \details Executes a LDAB exclusive instruction for 8 bit value.
 840:Drivers/CMSIS/Include/cmsis_gcc.h ****   \param [in]    ptr  Pointer to data
 841:Drivers/CMSIS/Include/cmsis_gcc.h ****   \return             value of type uint8_t at (*ptr)
 842:Drivers/CMSIS/Include/cmsis_gcc.h ****  */
 843:Drivers/CMSIS/Include/cmsis_gcc.h **** __STATIC_FORCEINLINE uint8_t __LDAEXB(volatile uint8_t *ptr)
 844:Drivers/CMSIS/Include/cmsis_gcc.h **** {
 845:Drivers/CMSIS/Include/cmsis_gcc.h ****     uint32_t result;
 846:Drivers/CMSIS/Include/cmsis_gcc.h **** 
 847:Drivers/CMSIS/Include/cmsis_gcc.h ****    __ASM volatile ("ldaexb %0, %1" : "=r" (result) : "Q" (*ptr) : "memory" );
 848:Drivers/CMSIS/Include/cmsis_gcc.h ****    return ((uint8_t) result);
 849:Drivers/CMSIS/Include/cmsis_gcc.h **** }
 850:Drivers/CMSIS/Include/cmsis_gcc.h **** 
 851:Drivers/CMSIS/Include/cmsis_gcc.h **** 
 852:Drivers/CMSIS/Include/cmsis_gcc.h **** /**
 853:Drivers/CMSIS/Include/cmsis_gcc.h ****   \brief   Load-Acquire Exclusive (16 bit)
 854:Drivers/CMSIS/Include/cmsis_gcc.h ****   \details Executes a LDAH exclusive instruction for 16 bit values.
 855:Drivers/CMSIS/Include/cmsis_gcc.h ****   \param [in]    ptr  Pointer to data
 856:Drivers/CMSIS/Include/cmsis_gcc.h ****   \return        value of type uint16_t at (*ptr)
 857:Drivers/CMSIS/Include/cmsis_gcc.h ****  */
 858:Drivers/CMSIS/Include/cmsis_gcc.h **** __STATIC_FORCEINLINE uint16_t __LDAEXH(volatile uint16_t *ptr)
 859:Drivers/CMSIS/Include/cmsis_gcc.h **** {
 860:Drivers/CMSIS/Include/cmsis_gcc.h ****     uint32_t result;
 861:Drivers/CMSIS/Include/cmsis_gcc.h **** 
 862:Drivers/CMSIS/Include/cmsis_gcc.h ****    __ASM volatile ("ldaexh %0, %1" : "=r" (result) : "Q" (*ptr) : "memory" );
 863:Drivers/CMSIS/Include/cmsis_gcc.h ****    return ((uint16_t) result);
 864:Drivers/CMSIS/Include/cmsis_gcc.h **** }
 865:Drivers/CMSIS/Include/cmsis_gcc.h **** 
 866:Drivers/CMSIS/Include/cmsis_gcc.h **** 
 867:Drivers/CMSIS/Include/cmsis_gcc.h **** /**
 868:Drivers/CMSIS/Include/cmsis_gcc.h ****   \brief   Load-Acquire Exclusive (32 bit)
 869:Drivers/CMSIS/Include/cmsis_gcc.h ****   \details Executes a LDA exclusive instruction for 32 bit values.
 870:Drivers/CMSIS/Include/cmsis_gcc.h ****   \param [in]    ptr  Pointer to data
 871:Drivers/CMSIS/Include/cmsis_gcc.h ****   \return        value of type uint32_t at (*ptr)
 872:Drivers/CMSIS/Include/cmsis_gcc.h ****  */
 873:Drivers/CMSIS/Include/cmsis_gcc.h **** __STATIC_FORCEINLINE uint32_t __LDAEX(volatile uint32_t *ptr)
 874:Drivers/CMSIS/Include/cmsis_gcc.h **** {
 875:Drivers/CMSIS/Include/cmsis_gcc.h ****     uint32_t result;
 876:Drivers/CMSIS/Include/cmsis_gcc.h **** 
 877:Drivers/CMSIS/Include/cmsis_gcc.h ****    __ASM volatile ("ldaex %0, %1" : "=r" (result) : "Q" (*ptr) : "memory" );
 878:Drivers/CMSIS/Include/cmsis_gcc.h ****    return(result);
 879:Drivers/CMSIS/Include/cmsis_gcc.h **** }
 880:Drivers/CMSIS/Include/cmsis_gcc.h **** 
 881:Drivers/CMSIS/Include/cmsis_gcc.h **** 
 882:Drivers/CMSIS/Include/cmsis_gcc.h **** /**
 883:Drivers/CMSIS/Include/cmsis_gcc.h ****   \brief   Store-Release Exclusive (8 bit)
 884:Drivers/CMSIS/Include/cmsis_gcc.h ****   \details Executes a STLB exclusive instruction for 8 bit values.
 885:Drivers/CMSIS/Include/cmsis_gcc.h ****   \param [in]  value  Value to store
 886:Drivers/CMSIS/Include/cmsis_gcc.h ****   \param [in]    ptr  Pointer to location
 887:Drivers/CMSIS/Include/cmsis_gcc.h ****   \return          0  Function succeeded
 888:Drivers/CMSIS/Include/cmsis_gcc.h ****   \return          1  Function failed
 889:Drivers/CMSIS/Include/cmsis_gcc.h ****  */
 890:Drivers/CMSIS/Include/cmsis_gcc.h **** __STATIC_FORCEINLINE uint32_t __STLEXB(uint8_t value, volatile uint8_t *ptr)
 891:Drivers/CMSIS/Include/cmsis_gcc.h **** {
ARM GAS  C:\Users\HZW\AppData\Local\Temp\ccTJIHY2.s 			page 35


 892:Drivers/CMSIS/Include/cmsis_gcc.h ****    uint32_t result;
 893:Drivers/CMSIS/Include/cmsis_gcc.h **** 
 894:Drivers/CMSIS/Include/cmsis_gcc.h ****    __ASM volatile ("stlexb %0, %2, %1" : "=&r" (result), "=Q" (*ptr) : "r" ((uint32_t)value) : "mem
 895:Drivers/CMSIS/Include/cmsis_gcc.h ****    return(result);
 896:Drivers/CMSIS/Include/cmsis_gcc.h **** }
 897:Drivers/CMSIS/Include/cmsis_gcc.h **** 
 898:Drivers/CMSIS/Include/cmsis_gcc.h **** 
 899:Drivers/CMSIS/Include/cmsis_gcc.h **** /**
 900:Drivers/CMSIS/Include/cmsis_gcc.h ****   \brief   Store-Release Exclusive (16 bit)
 901:Drivers/CMSIS/Include/cmsis_gcc.h ****   \details Executes a STLH exclusive instruction for 16 bit values.
 902:Drivers/CMSIS/Include/cmsis_gcc.h ****   \param [in]  value  Value to store
 903:Drivers/CMSIS/Include/cmsis_gcc.h ****   \param [in]    ptr  Pointer to location
 904:Drivers/CMSIS/Include/cmsis_gcc.h ****   \return          0  Function succeeded
 905:Drivers/CMSIS/Include/cmsis_gcc.h ****   \return          1  Function failed
 906:Drivers/CMSIS/Include/cmsis_gcc.h ****  */
 907:Drivers/CMSIS/Include/cmsis_gcc.h **** __STATIC_FORCEINLINE uint32_t __STLEXH(uint16_t value, volatile uint16_t *ptr)
 908:Drivers/CMSIS/Include/cmsis_gcc.h **** {
 909:Drivers/CMSIS/Include/cmsis_gcc.h ****    uint32_t result;
 910:Drivers/CMSIS/Include/cmsis_gcc.h **** 
 911:Drivers/CMSIS/Include/cmsis_gcc.h ****    __ASM volatile ("stlexh %0, %2, %1" : "=&r" (result), "=Q" (*ptr) : "r" ((uint32_t)value) : "mem
 912:Drivers/CMSIS/Include/cmsis_gcc.h ****    return(result);
 913:Drivers/CMSIS/Include/cmsis_gcc.h **** }
 914:Drivers/CMSIS/Include/cmsis_gcc.h **** 
 915:Drivers/CMSIS/Include/cmsis_gcc.h **** 
 916:Drivers/CMSIS/Include/cmsis_gcc.h **** /**
 917:Drivers/CMSIS/Include/cmsis_gcc.h ****   \brief   Store-Release Exclusive (32 bit)
 918:Drivers/CMSIS/Include/cmsis_gcc.h ****   \details Executes a STL exclusive instruction for 32 bit values.
 919:Drivers/CMSIS/Include/cmsis_gcc.h ****   \param [in]  value  Value to store
 920:Drivers/CMSIS/Include/cmsis_gcc.h ****   \param [in]    ptr  Pointer to location
 921:Drivers/CMSIS/Include/cmsis_gcc.h ****   \return          0  Function succeeded
 922:Drivers/CMSIS/Include/cmsis_gcc.h ****   \return          1  Function failed
 923:Drivers/CMSIS/Include/cmsis_gcc.h ****  */
 924:Drivers/CMSIS/Include/cmsis_gcc.h **** __STATIC_FORCEINLINE uint32_t __STLEX(uint32_t value, volatile uint32_t *ptr)
 925:Drivers/CMSIS/Include/cmsis_gcc.h **** {
 926:Drivers/CMSIS/Include/cmsis_gcc.h ****    uint32_t result;
 927:Drivers/CMSIS/Include/cmsis_gcc.h **** 
 928:Drivers/CMSIS/Include/cmsis_gcc.h ****    __ASM volatile ("stlex %0, %2, %1" : "=&r" (result), "=Q" (*ptr) : "r" ((uint32_t)value) : "memo
 929:Drivers/CMSIS/Include/cmsis_gcc.h ****    return(result);
 930:Drivers/CMSIS/Include/cmsis_gcc.h **** }
 931:Drivers/CMSIS/Include/cmsis_gcc.h **** 
 932:Drivers/CMSIS/Include/cmsis_gcc.h **** #endif /* ((defined (__ARM_ARCH_8M_MAIN__ ) && (__ARM_ARCH_8M_MAIN__ == 1)) || \
 933:Drivers/CMSIS/Include/cmsis_gcc.h ****            (defined (__ARM_ARCH_8M_BASE__ ) && (__ARM_ARCH_8M_BASE__ == 1))    ) */
 934:Drivers/CMSIS/Include/cmsis_gcc.h **** 
 935:Drivers/CMSIS/Include/cmsis_gcc.h **** /*@}*/ /* end of group CMSIS_Core_InstructionInterface */
 936:Drivers/CMSIS/Include/cmsis_gcc.h **** 
 937:Drivers/CMSIS/Include/cmsis_gcc.h **** 
 938:Drivers/CMSIS/Include/cmsis_gcc.h **** /* ###########################  Core Function Access  ########################### */
 939:Drivers/CMSIS/Include/cmsis_gcc.h **** /** \ingroup  CMSIS_Core_FunctionInterface
 940:Drivers/CMSIS/Include/cmsis_gcc.h ****     \defgroup CMSIS_Core_RegAccFunctions CMSIS Core Register Access Functions
 941:Drivers/CMSIS/Include/cmsis_gcc.h ****   @{
 942:Drivers/CMSIS/Include/cmsis_gcc.h ****  */
 943:Drivers/CMSIS/Include/cmsis_gcc.h **** 
 944:Drivers/CMSIS/Include/cmsis_gcc.h **** /**
 945:Drivers/CMSIS/Include/cmsis_gcc.h ****   \brief   Enable IRQ Interrupts
 946:Drivers/CMSIS/Include/cmsis_gcc.h ****   \details Enables IRQ interrupts by clearing special-purpose register PRIMASK.
 947:Drivers/CMSIS/Include/cmsis_gcc.h ****            Can only be executed in Privileged modes.
 948:Drivers/CMSIS/Include/cmsis_gcc.h ****  */
ARM GAS  C:\Users\HZW\AppData\Local\Temp\ccTJIHY2.s 			page 36


 949:Drivers/CMSIS/Include/cmsis_gcc.h **** __STATIC_FORCEINLINE void __enable_irq(void)
 950:Drivers/CMSIS/Include/cmsis_gcc.h **** {
 951:Drivers/CMSIS/Include/cmsis_gcc.h ****   __ASM volatile ("cpsie i" : : : "memory");
 952:Drivers/CMSIS/Include/cmsis_gcc.h **** }
 953:Drivers/CMSIS/Include/cmsis_gcc.h **** 
 954:Drivers/CMSIS/Include/cmsis_gcc.h **** 
 955:Drivers/CMSIS/Include/cmsis_gcc.h **** /**
 956:Drivers/CMSIS/Include/cmsis_gcc.h ****   \brief   Disable IRQ Interrupts
 957:Drivers/CMSIS/Include/cmsis_gcc.h ****   \details Disables IRQ interrupts by setting special-purpose register PRIMASK.
 958:Drivers/CMSIS/Include/cmsis_gcc.h ****            Can only be executed in Privileged modes.
 959:Drivers/CMSIS/Include/cmsis_gcc.h ****  */
 960:Drivers/CMSIS/Include/cmsis_gcc.h **** __STATIC_FORCEINLINE void __disable_irq(void)
 518              		.loc 2 960 27 view .LVU131
 519              	.LBB8:
 961:Drivers/CMSIS/Include/cmsis_gcc.h **** {
 962:Drivers/CMSIS/Include/cmsis_gcc.h ****   __ASM volatile ("cpsid i" : : : "memory");
 520              		.loc 2 962 3 view .LVU132
 521              		.syntax unified
 522              	@ 962 "Drivers/CMSIS/Include/cmsis_gcc.h" 1
 523 0000 72B6     		cpsid i
 524              	@ 0 "" 2
 525              		.thumb
 526              		.syntax unified
 527              	.L51:
 528              	.LBE8:
 529              	.LBE7:
 436:Core/Src/main.c ****   while (1)
 530              		.loc 1 436 3 view .LVU133
 437:Core/Src/main.c ****   {
 438:Core/Src/main.c ****   }
 531              		.loc 1 438 3 view .LVU134
 436:Core/Src/main.c ****   while (1)
 532              		.loc 1 436 9 view .LVU135
 533 0002 FEE7     		b	.L51
 534              		.cfi_endproc
 535              	.LFE142:
 537              		.section	.text.SystemClock_Config,"ax",%progbits
 538              		.align	1
 539              		.global	SystemClock_Config
 540              		.syntax unified
 541              		.thumb
 542              		.thumb_func
 544              	SystemClock_Config:
 545              	.LFB138:
 240:Core/Src/main.c ****   RCC_OscInitTypeDef RCC_OscInitStruct = {0};
 546              		.loc 1 240 1 view -0
 547              		.cfi_startproc
 548              		@ args = 0, pretend = 0, frame = 80
 549              		@ frame_needed = 0, uses_anonymous_args = 0
 550 0000 00B5     		push	{lr}
 551              	.LCFI6:
 552              		.cfi_def_cfa_offset 4
 553              		.cfi_offset 14, -4
 554 0002 95B0     		sub	sp, sp, #84
 555              	.LCFI7:
 556              		.cfi_def_cfa_offset 88
 241:Core/Src/main.c ****   RCC_ClkInitTypeDef RCC_ClkInitStruct = {0};
ARM GAS  C:\Users\HZW\AppData\Local\Temp\ccTJIHY2.s 			page 37


 557              		.loc 1 241 3 view .LVU137
 241:Core/Src/main.c ****   RCC_ClkInitTypeDef RCC_ClkInitStruct = {0};
 558              		.loc 1 241 22 is_stmt 0 view .LVU138
 559 0004 3022     		movs	r2, #48
 560 0006 0021     		movs	r1, #0
 561 0008 08A8     		add	r0, sp, #32
 562 000a FFF7FEFF 		bl	memset
 563              	.LVL20:
 242:Core/Src/main.c **** 
 564              		.loc 1 242 3 is_stmt 1 view .LVU139
 242:Core/Src/main.c **** 
 565              		.loc 1 242 22 is_stmt 0 view .LVU140
 566 000e 0023     		movs	r3, #0
 567 0010 0393     		str	r3, [sp, #12]
 568 0012 0493     		str	r3, [sp, #16]
 569 0014 0593     		str	r3, [sp, #20]
 570 0016 0693     		str	r3, [sp, #24]
 571 0018 0793     		str	r3, [sp, #28]
 246:Core/Src/main.c ****   __HAL_PWR_VOLTAGESCALING_CONFIG(PWR_REGULATOR_VOLTAGE_SCALE1);
 572              		.loc 1 246 3 is_stmt 1 view .LVU141
 573              	.LBB9:
 246:Core/Src/main.c ****   __HAL_PWR_VOLTAGESCALING_CONFIG(PWR_REGULATOR_VOLTAGE_SCALE1);
 574              		.loc 1 246 3 view .LVU142
 575 001a 0193     		str	r3, [sp, #4]
 246:Core/Src/main.c ****   __HAL_PWR_VOLTAGESCALING_CONFIG(PWR_REGULATOR_VOLTAGE_SCALE1);
 576              		.loc 1 246 3 view .LVU143
 577 001c 234A     		ldr	r2, .L60
 578 001e 116C     		ldr	r1, [r2, #64]
 579 0020 41F08051 		orr	r1, r1, #268435456
 580 0024 1164     		str	r1, [r2, #64]
 246:Core/Src/main.c ****   __HAL_PWR_VOLTAGESCALING_CONFIG(PWR_REGULATOR_VOLTAGE_SCALE1);
 581              		.loc 1 246 3 view .LVU144
 582 0026 126C     		ldr	r2, [r2, #64]
 583 0028 02F08052 		and	r2, r2, #268435456
 584 002c 0192     		str	r2, [sp, #4]
 246:Core/Src/main.c ****   __HAL_PWR_VOLTAGESCALING_CONFIG(PWR_REGULATOR_VOLTAGE_SCALE1);
 585              		.loc 1 246 3 view .LVU145
 586 002e 019A     		ldr	r2, [sp, #4]
 587              	.LBE9:
 246:Core/Src/main.c ****   __HAL_PWR_VOLTAGESCALING_CONFIG(PWR_REGULATOR_VOLTAGE_SCALE1);
 588              		.loc 1 246 3 view .LVU146
 247:Core/Src/main.c **** 
 589              		.loc 1 247 3 view .LVU147
 590              	.LBB10:
 247:Core/Src/main.c **** 
 591              		.loc 1 247 3 view .LVU148
 592 0030 0293     		str	r3, [sp, #8]
 247:Core/Src/main.c **** 
 593              		.loc 1 247 3 view .LVU149
 594 0032 1F4B     		ldr	r3, .L60+4
 595 0034 1A68     		ldr	r2, [r3]
 596 0036 42F44042 		orr	r2, r2, #49152
 597 003a 1A60     		str	r2, [r3]
 247:Core/Src/main.c **** 
 598              		.loc 1 247 3 view .LVU150
 599 003c 1B68     		ldr	r3, [r3]
 600 003e 03F44043 		and	r3, r3, #49152
ARM GAS  C:\Users\HZW\AppData\Local\Temp\ccTJIHY2.s 			page 38


 601 0042 0293     		str	r3, [sp, #8]
 247:Core/Src/main.c **** 
 602              		.loc 1 247 3 view .LVU151
 603 0044 029B     		ldr	r3, [sp, #8]
 604              	.LBE10:
 247:Core/Src/main.c **** 
 605              		.loc 1 247 3 view .LVU152
 252:Core/Src/main.c ****   RCC_OscInitStruct.HSEState = RCC_HSE_ON;
 606              		.loc 1 252 3 view .LVU153
 252:Core/Src/main.c ****   RCC_OscInitStruct.HSEState = RCC_HSE_ON;
 607              		.loc 1 252 36 is_stmt 0 view .LVU154
 608 0046 0123     		movs	r3, #1
 609 0048 0893     		str	r3, [sp, #32]
 253:Core/Src/main.c ****   RCC_OscInitStruct.PLL.PLLState = RCC_PLL_ON;
 610              		.loc 1 253 3 is_stmt 1 view .LVU155
 253:Core/Src/main.c ****   RCC_OscInitStruct.PLL.PLLState = RCC_PLL_ON;
 611              		.loc 1 253 30 is_stmt 0 view .LVU156
 612 004a 4FF48033 		mov	r3, #65536
 613 004e 0993     		str	r3, [sp, #36]
 254:Core/Src/main.c ****   RCC_OscInitStruct.PLL.PLLSource = RCC_PLLSOURCE_HSE;
 614              		.loc 1 254 3 is_stmt 1 view .LVU157
 254:Core/Src/main.c ****   RCC_OscInitStruct.PLL.PLLSource = RCC_PLLSOURCE_HSE;
 615              		.loc 1 254 34 is_stmt 0 view .LVU158
 616 0050 0223     		movs	r3, #2
 617 0052 0E93     		str	r3, [sp, #56]
 255:Core/Src/main.c ****   RCC_OscInitStruct.PLL.PLLM = 6;
 618              		.loc 1 255 3 is_stmt 1 view .LVU159
 255:Core/Src/main.c ****   RCC_OscInitStruct.PLL.PLLM = 6;
 619              		.loc 1 255 35 is_stmt 0 view .LVU160
 620 0054 4FF48002 		mov	r2, #4194304
 621 0058 0F92     		str	r2, [sp, #60]
 256:Core/Src/main.c ****   RCC_OscInitStruct.PLL.PLLN = 180;
 622              		.loc 1 256 3 is_stmt 1 view .LVU161
 256:Core/Src/main.c ****   RCC_OscInitStruct.PLL.PLLN = 180;
 623              		.loc 1 256 30 is_stmt 0 view .LVU162
 624 005a 0622     		movs	r2, #6
 625 005c 1092     		str	r2, [sp, #64]
 257:Core/Src/main.c ****   RCC_OscInitStruct.PLL.PLLP = RCC_PLLP_DIV2;
 626              		.loc 1 257 3 is_stmt 1 view .LVU163
 257:Core/Src/main.c ****   RCC_OscInitStruct.PLL.PLLP = RCC_PLLP_DIV2;
 627              		.loc 1 257 30 is_stmt 0 view .LVU164
 628 005e B422     		movs	r2, #180
 629 0060 1192     		str	r2, [sp, #68]
 258:Core/Src/main.c ****   RCC_OscInitStruct.PLL.PLLQ = 4;
 630              		.loc 1 258 3 is_stmt 1 view .LVU165
 258:Core/Src/main.c ****   RCC_OscInitStruct.PLL.PLLQ = 4;
 631              		.loc 1 258 30 is_stmt 0 view .LVU166
 632 0062 1293     		str	r3, [sp, #72]
 259:Core/Src/main.c ****   if (HAL_RCC_OscConfig(&RCC_OscInitStruct) != HAL_OK)
 633              		.loc 1 259 3 is_stmt 1 view .LVU167
 259:Core/Src/main.c ****   if (HAL_RCC_OscConfig(&RCC_OscInitStruct) != HAL_OK)
 634              		.loc 1 259 30 is_stmt 0 view .LVU168
 635 0064 0423     		movs	r3, #4
 636 0066 1393     		str	r3, [sp, #76]
 260:Core/Src/main.c ****   {
 637              		.loc 1 260 3 is_stmt 1 view .LVU169
 260:Core/Src/main.c ****   {
ARM GAS  C:\Users\HZW\AppData\Local\Temp\ccTJIHY2.s 			page 39


 638              		.loc 1 260 7 is_stmt 0 view .LVU170
 639 0068 08A8     		add	r0, sp, #32
 640 006a FFF7FEFF 		bl	HAL_RCC_OscConfig
 641              	.LVL21:
 260:Core/Src/main.c ****   {
 642              		.loc 1 260 6 discriminator 1 view .LVU171
 643 006e B0B9     		cbnz	r0, .L57
 267:Core/Src/main.c ****   {
 644              		.loc 1 267 3 is_stmt 1 view .LVU172
 267:Core/Src/main.c ****   {
 645              		.loc 1 267 7 is_stmt 0 view .LVU173
 646 0070 FFF7FEFF 		bl	HAL_PWREx_EnableOverDrive
 647              	.LVL22:
 267:Core/Src/main.c ****   {
 648              		.loc 1 267 6 discriminator 1 view .LVU174
 649 0074 A8B9     		cbnz	r0, .L58
 274:Core/Src/main.c ****                               |RCC_CLOCKTYPE_PCLK1|RCC_CLOCKTYPE_PCLK2;
 650              		.loc 1 274 3 is_stmt 1 view .LVU175
 274:Core/Src/main.c ****                               |RCC_CLOCKTYPE_PCLK1|RCC_CLOCKTYPE_PCLK2;
 651              		.loc 1 274 31 is_stmt 0 view .LVU176
 652 0076 0F23     		movs	r3, #15
 653 0078 0393     		str	r3, [sp, #12]
 276:Core/Src/main.c ****   RCC_ClkInitStruct.AHBCLKDivider = RCC_SYSCLK_DIV1;
 654              		.loc 1 276 3 is_stmt 1 view .LVU177
 276:Core/Src/main.c ****   RCC_ClkInitStruct.AHBCLKDivider = RCC_SYSCLK_DIV1;
 655              		.loc 1 276 34 is_stmt 0 view .LVU178
 656 007a 0223     		movs	r3, #2
 657 007c 0493     		str	r3, [sp, #16]
 277:Core/Src/main.c ****   RCC_ClkInitStruct.APB1CLKDivider = RCC_HCLK_DIV4;
 658              		.loc 1 277 3 is_stmt 1 view .LVU179
 277:Core/Src/main.c ****   RCC_ClkInitStruct.APB1CLKDivider = RCC_HCLK_DIV4;
 659              		.loc 1 277 35 is_stmt 0 view .LVU180
 660 007e 0023     		movs	r3, #0
 661 0080 0593     		str	r3, [sp, #20]
 278:Core/Src/main.c ****   RCC_ClkInitStruct.APB2CLKDivider = RCC_HCLK_DIV2;
 662              		.loc 1 278 3 is_stmt 1 view .LVU181
 278:Core/Src/main.c ****   RCC_ClkInitStruct.APB2CLKDivider = RCC_HCLK_DIV2;
 663              		.loc 1 278 36 is_stmt 0 view .LVU182
 664 0082 4FF4A053 		mov	r3, #5120
 665 0086 0693     		str	r3, [sp, #24]
 279:Core/Src/main.c **** 
 666              		.loc 1 279 3 is_stmt 1 view .LVU183
 279:Core/Src/main.c **** 
 667              		.loc 1 279 36 is_stmt 0 view .LVU184
 668 0088 4FF48053 		mov	r3, #4096
 669 008c 0793     		str	r3, [sp, #28]
 281:Core/Src/main.c ****   {
 670              		.loc 1 281 3 is_stmt 1 view .LVU185
 281:Core/Src/main.c ****   {
 671              		.loc 1 281 7 is_stmt 0 view .LVU186
 672 008e 0521     		movs	r1, #5
 673 0090 03A8     		add	r0, sp, #12
 674 0092 FFF7FEFF 		bl	HAL_RCC_ClockConfig
 675              	.LVL23:
 281:Core/Src/main.c ****   {
 676              		.loc 1 281 6 discriminator 1 view .LVU187
 677 0096 30B9     		cbnz	r0, .L59
ARM GAS  C:\Users\HZW\AppData\Local\Temp\ccTJIHY2.s 			page 40


 285:Core/Src/main.c **** 
 678              		.loc 1 285 1 view .LVU188
 679 0098 15B0     		add	sp, sp, #84
 680              	.LCFI8:
 681              		.cfi_remember_state
 682              		.cfi_def_cfa_offset 4
 683              		@ sp needed
 684 009a 5DF804FB 		ldr	pc, [sp], #4
 685              	.L57:
 686              	.LCFI9:
 687              		.cfi_restore_state
 262:Core/Src/main.c ****   }
 688              		.loc 1 262 5 is_stmt 1 view .LVU189
 689 009e FFF7FEFF 		bl	Error_Handler
 690              	.LVL24:
 691              	.L58:
 269:Core/Src/main.c ****   }
 692              		.loc 1 269 5 view .LVU190
 693 00a2 FFF7FEFF 		bl	Error_Handler
 694              	.LVL25:
 695              	.L59:
 283:Core/Src/main.c ****   }
 696              		.loc 1 283 5 view .LVU191
 697 00a6 FFF7FEFF 		bl	Error_Handler
 698              	.LVL26:
 699              	.L61:
 700 00aa 00BF     		.align	2
 701              	.L60:
 702 00ac 00380240 		.word	1073887232
 703 00b0 00700040 		.word	1073770496
 704              		.cfi_endproc
 705              	.LFE138:
 707              		.section	.rodata.main.str1.4,"aMS",%progbits,1
 708              		.align	2
 709              	.LC0:
 710 0000 4C696674 		.ascii	"Lift_Is_Reached\015\000"
 710      5F49735F 
 710      52656163 
 710      6865640D 
 710      00
 711              		.section	.text.main,"ax",%progbits
 712              		.align	1
 713              		.global	main
 714              		.syntax unified
 715              		.thumb
 716              		.thumb_func
 718              	main:
 719              	.LFB137:
  89:Core/Src/main.c **** 
 720              		.loc 1 89 1 view -0
 721              		.cfi_startproc
 722              		@ Volatile: function does not return.
 723              		@ args = 0, pretend = 0, frame = 0
 724              		@ frame_needed = 0, uses_anonymous_args = 0
 725 0000 08B5     		push	{r3, lr}
 726              	.LCFI10:
 727              		.cfi_def_cfa_offset 8
ARM GAS  C:\Users\HZW\AppData\Local\Temp\ccTJIHY2.s 			page 41


 728              		.cfi_offset 3, -8
 729              		.cfi_offset 14, -4
  98:Core/Src/main.c **** 
 730              		.loc 1 98 3 view .LVU193
 731 0002 FFF7FEFF 		bl	HAL_Init
 732              	.LVL27:
 105:Core/Src/main.c **** 
 733              		.loc 1 105 3 view .LVU194
 734 0006 FFF7FEFF 		bl	SystemClock_Config
 735              	.LVL28:
 112:Core/Src/main.c ****   MX_DMA_Init();
 736              		.loc 1 112 3 view .LVU195
 737 000a FFF7FEFF 		bl	MX_GPIO_Init
 738              	.LVL29:
 113:Core/Src/main.c ****   MX_USART1_UART_Init();
 739              		.loc 1 113 3 view .LVU196
 740 000e FFF7FEFF 		bl	MX_DMA_Init
 741              	.LVL30:
 114:Core/Src/main.c ****   MX_USART2_UART_Init();
 742              		.loc 1 114 3 view .LVU197
 743 0012 FFF7FEFF 		bl	MX_USART1_UART_Init
 744              	.LVL31:
 115:Core/Src/main.c ****   MX_USART3_UART_Init();
 745              		.loc 1 115 3 view .LVU198
 746 0016 FFF7FEFF 		bl	MX_USART2_UART_Init
 747              	.LVL32:
 116:Core/Src/main.c ****   MX_UART7_Init();
 748              		.loc 1 116 3 view .LVU199
 749 001a FFF7FEFF 		bl	MX_USART3_UART_Init
 750              	.LVL33:
 117:Core/Src/main.c ****   MX_UART8_Init();
 751              		.loc 1 117 3 view .LVU200
 752 001e FFF7FEFF 		bl	MX_UART7_Init
 753              	.LVL34:
 118:Core/Src/main.c ****   MX_USART6_UART_Init();
 754              		.loc 1 118 3 view .LVU201
 755 0022 FFF7FEFF 		bl	MX_UART8_Init
 756              	.LVL35:
 119:Core/Src/main.c ****   MX_CAN1_Init();
 757              		.loc 1 119 3 view .LVU202
 758 0026 FFF7FEFF 		bl	MX_USART6_UART_Init
 759              	.LVL36:
 120:Core/Src/main.c ****   /* USER CODE BEGIN 2 */
 760              		.loc 1 120 3 view .LVU203
 761 002a FFF7FEFF 		bl	MX_CAN1_Init
 762              	.LVL37:
 122:Core/Src/main.c ****   HAL_UART_Receive_DMA(&huart6, rxcmd6_dma, RXCMD6_DMA_SIZE);
 763              		.loc 1 122 3 view .LVU204
 764 002e 2148     		ldr	r0, .L68
 765 0030 0268     		ldr	r2, [r0]
 766 0032 D368     		ldr	r3, [r2, #12]
 767 0034 43F01003 		orr	r3, r3, #16
 768 0038 D360     		str	r3, [r2, #12]
 123:Core/Src/main.c ****   
 769              		.loc 1 123 3 view .LVU205
 770 003a 2122     		movs	r2, #33
 771 003c 1E49     		ldr	r1, .L68+4
ARM GAS  C:\Users\HZW\AppData\Local\Temp\ccTJIHY2.s 			page 42


 772 003e FFF7FEFF 		bl	HAL_UART_Receive_DMA
 773              	.LVL38:
 126:Core/Src/main.c ****   if(HAL_CAN_Start(&hcan1) != HAL_OK)
 774              		.loc 1 126 3 view .LVU206
 775 0042 FFF7FEFF 		bl	CAN_Filter_Config
 776              	.LVL39:
 127:Core/Src/main.c ****   {
 777              		.loc 1 127 3 view .LVU207
 127:Core/Src/main.c ****   {
 778              		.loc 1 127 6 is_stmt 0 view .LVU208
 779 0046 1D48     		ldr	r0, .L68+8
 780 0048 FFF7FEFF 		bl	HAL_CAN_Start
 781              	.LVL40:
 127:Core/Src/main.c ****   {
 782              		.loc 1 127 5 discriminator 1 view .LVU209
 783 004c 08B1     		cbz	r0, .L63
 129:Core/Src/main.c ****   }
 784              		.loc 1 129 5 is_stmt 1 view .LVU210
 785 004e FFF7FEFF 		bl	Error_Handler
 786              	.LVL41:
 787              	.L63:
 131:Core/Src/main.c ****   {
 788              		.loc 1 131 3 view .LVU211
 131:Core/Src/main.c ****   {
 789              		.loc 1 131 6 is_stmt 0 view .LVU212
 790 0052 0221     		movs	r1, #2
 791 0054 1948     		ldr	r0, .L68+8
 792 0056 FFF7FEFF 		bl	HAL_CAN_ActivateNotification
 793              	.LVL42:
 131:Core/Src/main.c ****   {
 794              		.loc 1 131 5 discriminator 1 view .LVU213
 795 005a 08B1     		cbz	r0, .L64
 133:Core/Src/main.c ****   }
 796              		.loc 1 133 5 is_stmt 1 view .LVU214
 797 005c FFF7FEFF 		bl	Error_Handler
 798              	.LVL43:
 799              	.L64:
 137:Core/Src/main.c ****   
 800              		.loc 1 137 3 view .LVU215
 801 0060 FFF7FEFF 		bl	MX_TIM12_Init
 802              	.LVL44:
 140:Core/Src/main.c ****   HAL_Delay(100);
 803              		.loc 1 140 3 view .LVU216
 804 0064 FFF7FEFF 		bl	Buzzer_On
 805              	.LVL45:
 141:Core/Src/main.c ****   Buzzer_Off();
 806              		.loc 1 141 3 view .LVU217
 807 0068 6420     		movs	r0, #100
 808 006a FFF7FEFF 		bl	HAL_Delay
 809              	.LVL46:
 142:Core/Src/main.c ****   HAL_Delay(100);
 810              		.loc 1 142 3 view .LVU218
 811 006e FFF7FEFF 		bl	Buzzer_Off
 812              	.LVL47:
 143:Core/Src/main.c ****   Buzzer_On();
 813              		.loc 1 143 3 view .LVU219
 814 0072 6420     		movs	r0, #100
ARM GAS  C:\Users\HZW\AppData\Local\Temp\ccTJIHY2.s 			page 43


 815 0074 FFF7FEFF 		bl	HAL_Delay
 816              	.LVL48:
 144:Core/Src/main.c ****   HAL_Delay(100);
 817              		.loc 1 144 3 view .LVU220
 818 0078 FFF7FEFF 		bl	Buzzer_On
 819              	.LVL49:
 145:Core/Src/main.c ****   Buzzer_Off();
 820              		.loc 1 145 3 view .LVU221
 821 007c 6420     		movs	r0, #100
 822 007e FFF7FEFF 		bl	HAL_Delay
 823              	.LVL50:
 146:Core/Src/main.c ****   bsp_init();
 824              		.loc 1 146 3 view .LVU222
 825 0082 FFF7FEFF 		bl	Buzzer_Off
 826              	.LVL51:
 147:Core/Src/main.c ****   app_init();
 827              		.loc 1 147 3 view .LVU223
 828 0086 FFF7FEFF 		bl	bsp_init
 829              	.LVL52:
 148:Core/Src/main.c ****   /* USER CODE END 2 */
 830              		.loc 1 148 3 view .LVU224
 831 008a FFF7FEFF 		bl	app_init
 832              	.LVL53:
 833              	.L66:
 153:Core/Src/main.c ****   {
 834              		.loc 1 153 3 view .LVU225
 206:Core/Src/main.c **** 
 835              		.loc 1 206 5 view .LVU226
 836 008e B2EE000A 		vmov.f32	s0, #8.0e+0
 837 0092 FFF7FEFF 		bl	Lift_Move_To_Height
 838              	.LVL54:
 839              	.L65:
 210:Core/Src/main.c ****     {
 840              		.loc 1 210 5 view .LVU227
 213:Core/Src/main.c ****       {
 841              		.loc 1 213 7 view .LVU228
 213:Core/Src/main.c ****       {
 842              		.loc 1 213 10 is_stmt 0 view .LVU229
 843 0096 FFF7FEFF 		bl	Lift_Is_Reached
 844              	.LVL55:
 213:Core/Src/main.c ****       {
 845              		.loc 1 213 9 discriminator 1 view .LVU230
 846 009a 0028     		cmp	r0, #0
 847 009c FBD0     		beq	.L65
 215:Core/Src/main.c ****         break;
 848              		.loc 1 215 9 is_stmt 1 view .LVU231
 849 009e 0848     		ldr	r0, .L68+12
 850 00a0 FFF7FEFF 		bl	puts
 851              	.LVL56:
 216:Core/Src/main.c ****       }
 852              		.loc 1 216 9 view .LVU232
 219:Core/Src/main.c ****     
 853              		.loc 1 219 5 view .LVU233
 854 00a4 4FF47A70 		mov	r0, #1000
 855 00a8 FFF7FEFF 		bl	HAL_Delay
 856              	.LVL57:
 223:Core/Src/main.c **** 
ARM GAS  C:\Users\HZW\AppData\Local\Temp\ccTJIHY2.s 			page 44


 857              		.loc 1 223 5 view .LVU234
 858 00ac 0548     		ldr	r0, .L68+16
 859 00ae FFF7FEFF 		bl	HAL_Delay
 860              	.LVL58:
 153:Core/Src/main.c ****   {
 861              		.loc 1 153 9 view .LVU235
 206:Core/Src/main.c **** 
 862              		.loc 1 206 5 is_stmt 0 view .LVU236
 863 00b2 ECE7     		b	.L66
 864              	.L69:
 865              		.align	2
 866              	.L68:
 867 00b4 00000000 		.word	huart6
 868 00b8 00000000 		.word	rxcmd6_dma
 869 00bc 00000000 		.word	hcan1
 870 00c0 00000000 		.word	.LC0
 871 00c4 00CA9A3B 		.word	1000000000
 872              		.cfi_endproc
 873              	.LFE137:
 875              		.section	.bss.wrap_count.0,"aw",%nobits
 876              		.align	2
 879              	wrap_count.0:
 880 0000 00000000 		.space	4
 881              		.section	.bss.prev_omega.1,"aw",%nobits
 882              		.align	2
 885              	prev_omega.1:
 886 0000 00000000 		.space	4
 887              		.global	last_receive_hwt_time
 888              		.section	.bss.last_receive_hwt_time,"aw",%nobits
 889              		.align	2
 892              	last_receive_hwt_time:
 893 0000 00000000 		.space	4
 894              		.global	current_angle_speed
 895              		.section	.bss.current_angle_speed,"aw",%nobits
 896              		.align	2
 899              	current_angle_speed:
 900 0000 00000000 		.space	4
 901              		.global	omega
 902              		.section	.bss.omega,"aw",%nobits
 903              		.align	2
 906              	omega:
 907 0000 00000000 		.space	4
 908              		.global	omega_1
 909              		.section	.bss.omega_1,"aw",%nobits
 910              		.align	2
 913              	omega_1:
 914 0000 00000000 		.space	4
 915              		.global	rxcmd6_app
 916              		.section	.bss.rxcmd6_app,"aw",%nobits
 917              		.align	2
 920              	rxcmd6_app:
 921 0000 00000000 		.space	33
 921      00000000 
 921      00000000 
 921      00000000 
 921      00000000 
 922              		.global	rxcmd6_dma
ARM GAS  C:\Users\HZW\AppData\Local\Temp\ccTJIHY2.s 			page 45


 923              		.section	.bss.rxcmd6_dma,"aw",%nobits
 924              		.align	2
 927              	rxcmd6_dma:
 928 0000 00000000 		.space	33
 928      00000000 
 928      00000000 
 928      00000000 
 928      00000000 
 929              		.global	target_speed
 930              		.section	.bss.target_speed,"aw",%nobits
 931              		.align	2
 934              	target_speed:
 935 0000 00000000 		.space	4
 936              		.global	rx_index
 937              		.section	.bss.rx_index,"aw",%nobits
 940              	rx_index:
 941 0000 00       		.space	1
 942              		.global	rx_buffer
 943              		.section	.bss.rx_buffer,"aw",%nobits
 944              		.align	2
 947              	rx_buffer:
 948 0000 00000000 		.space	16
 948      00000000 
 948      00000000 
 948      00000000 
 949              		.global	uart7_rx_flag
 950              		.section	.bss.uart7_rx_flag,"aw",%nobits
 953              	uart7_rx_flag:
 954 0000 00       		.space	1
 955              		.global	rxcmd7
 956              		.section	.bss.rxcmd7,"aw",%nobits
 957              		.align	2
 960              	rxcmd7:
 961 0000 00000000 		.space	16
 961      00000000 
 961      00000000 
 961      00000000 
 962              		.text
 963              	.Letext0:
 964              		.file 3 "c:/Users/HZW/.eide/tools/13.2 Rel1/arm-none-eabi/include/machine/_default_types.h"
 965              		.file 4 "c:/Users/HZW/.eide/tools/13.2 Rel1/arm-none-eabi/include/sys/_stdint.h"
 966              		.file 5 "Drivers/CMSIS/Device/ST/STM32F4xx/Include/stm32f427xx.h"
 967              		.file 6 "Drivers/CMSIS/Device/ST/STM32F4xx/Include/stm32f4xx.h"
 968              		.file 7 "c:/Users/HZW/.eide/tools/13.2 Rel1/lib/gcc/arm-none-eabi/13.2.1/include/stddef.h"
 969              		.file 8 "Drivers/STM32F4xx_HAL_Driver/Inc/stm32f4xx_hal_def.h"
 970              		.file 9 "Drivers/STM32F4xx_HAL_Driver/Inc/stm32f4xx_hal_rcc_ex.h"
 971              		.file 10 "Drivers/STM32F4xx_HAL_Driver/Inc/stm32f4xx_hal_rcc.h"
 972              		.file 11 "Drivers/STM32F4xx_HAL_Driver/Inc/stm32f4xx_hal_dma.h"
 973              		.file 12 "Drivers/STM32F4xx_HAL_Driver/Inc/stm32f4xx_hal_can.h"
 974              		.file 13 "Drivers/STM32F4xx_HAL_Driver/Inc/stm32f4xx_hal_tim.h"
 975              		.file 14 "Drivers/STM32F4xx_HAL_Driver/Inc/stm32f4xx_hal_uart.h"
 976              		.file 15 "Core/Inc/main.h"
 977              		.file 16 "Core/Inc/can.h"
 978              		.file 17 "Core/Inc/usart.h"
 979              		.file 18 "c:/Users/HZW/.eide/tools/13.2 Rel1/arm-none-eabi/include/string.h"
 980              		.file 19 "Drivers/STM32F4xx_HAL_Driver/Inc/stm32f4xx_hal.h"
 981              		.file 20 "Drivers/STM32F4xx_HAL_Driver/Inc/stm32f4xx_hal_pwr_ex.h"
ARM GAS  C:\Users\HZW\AppData\Local\Temp\ccTJIHY2.s 			page 46


 982              		.file 21 "Core/App/lift.h"
 983              		.file 22 "Core/BSP/MI_motor_dev.h"
 984              		.file 23 "Core/App/app.h"
 985              		.file 24 "Core/BSP/bsp.h"
 986              		.file 25 "Core/Inc/tim.h"
 987              		.file 26 "Core/Inc/dma.h"
 988              		.file 27 "Core/Inc/gpio.h"
 989              		.file 28 "<built-in>"
ARM GAS  C:\Users\HZW\AppData\Local\Temp\ccTJIHY2.s 			page 47


DEFINED SYMBOLS
                            *ABS*:00000000 main.c
C:\Users\HZW\AppData\Local\Temp\ccTJIHY2.s:21     .text.HAL_CAN_RxFifo0MsgPendingCallback:00000000 $t
C:\Users\HZW\AppData\Local\Temp\ccTJIHY2.s:27     .text.HAL_CAN_RxFifo0MsgPendingCallback:00000000 HAL_CAN_RxFifo0MsgPendingCallback
C:\Users\HZW\AppData\Local\Temp\ccTJIHY2.s:91     .text.HAL_CAN_RxFifo0MsgPendingCallback:00000030 $d
C:\Users\HZW\AppData\Local\Temp\ccTJIHY2.s:96     .text.HAL_UART_RxCpltCallback:00000000 $t
C:\Users\HZW\AppData\Local\Temp\ccTJIHY2.s:102    .text.HAL_UART_RxCpltCallback:00000000 HAL_UART_RxCpltCallback
C:\Users\HZW\AppData\Local\Temp\ccTJIHY2.s:433    .text.HAL_UART_RxCpltCallback:000001f0 $d
C:\Users\HZW\AppData\Local\Temp\ccTJIHY2.s:892    .bss.last_receive_hwt_time:00000000 last_receive_hwt_time
C:\Users\HZW\AppData\Local\Temp\ccTJIHY2.s:927    .bss.rxcmd6_dma:00000000 rxcmd6_dma
C:\Users\HZW\AppData\Local\Temp\ccTJIHY2.s:920    .bss.rxcmd6_app:00000000 rxcmd6_app
C:\Users\HZW\AppData\Local\Temp\ccTJIHY2.s:913    .bss.omega_1:00000000 omega_1
C:\Users\HZW\AppData\Local\Temp\ccTJIHY2.s:885    .bss.prev_omega.1:00000000 prev_omega.1
C:\Users\HZW\AppData\Local\Temp\ccTJIHY2.s:879    .bss.wrap_count.0:00000000 wrap_count.0
C:\Users\HZW\AppData\Local\Temp\ccTJIHY2.s:906    .bss.omega:00000000 omega
C:\Users\HZW\AppData\Local\Temp\ccTJIHY2.s:899    .bss.current_angle_speed:00000000 current_angle_speed
C:\Users\HZW\AppData\Local\Temp\ccTJIHY2.s:953    .bss.uart7_rx_flag:00000000 uart7_rx_flag
C:\Users\HZW\AppData\Local\Temp\ccTJIHY2.s:455    .text.HAL_TIM_PeriodElapsedCallback:00000000 $t
C:\Users\HZW\AppData\Local\Temp\ccTJIHY2.s:461    .text.HAL_TIM_PeriodElapsedCallback:00000000 HAL_TIM_PeriodElapsedCallback
C:\Users\HZW\AppData\Local\Temp\ccTJIHY2.s:495    .text.HAL_TIM_PeriodElapsedCallback:00000014 $d
C:\Users\HZW\AppData\Local\Temp\ccTJIHY2.s:500    .text.Error_Handler:00000000 $t
C:\Users\HZW\AppData\Local\Temp\ccTJIHY2.s:506    .text.Error_Handler:00000000 Error_Handler
C:\Users\HZW\AppData\Local\Temp\ccTJIHY2.s:538    .text.SystemClock_Config:00000000 $t
C:\Users\HZW\AppData\Local\Temp\ccTJIHY2.s:544    .text.SystemClock_Config:00000000 SystemClock_Config
C:\Users\HZW\AppData\Local\Temp\ccTJIHY2.s:702    .text.SystemClock_Config:000000ac $d
C:\Users\HZW\AppData\Local\Temp\ccTJIHY2.s:708    .rodata.main.str1.4:00000000 $d
C:\Users\HZW\AppData\Local\Temp\ccTJIHY2.s:712    .text.main:00000000 $t
C:\Users\HZW\AppData\Local\Temp\ccTJIHY2.s:718    .text.main:00000000 main
C:\Users\HZW\AppData\Local\Temp\ccTJIHY2.s:867    .text.main:000000b4 $d
C:\Users\HZW\AppData\Local\Temp\ccTJIHY2.s:876    .bss.wrap_count.0:00000000 $d
C:\Users\HZW\AppData\Local\Temp\ccTJIHY2.s:882    .bss.prev_omega.1:00000000 $d
C:\Users\HZW\AppData\Local\Temp\ccTJIHY2.s:889    .bss.last_receive_hwt_time:00000000 $d
C:\Users\HZW\AppData\Local\Temp\ccTJIHY2.s:896    .bss.current_angle_speed:00000000 $d
C:\Users\HZW\AppData\Local\Temp\ccTJIHY2.s:903    .bss.omega:00000000 $d
C:\Users\HZW\AppData\Local\Temp\ccTJIHY2.s:910    .bss.omega_1:00000000 $d
C:\Users\HZW\AppData\Local\Temp\ccTJIHY2.s:917    .bss.rxcmd6_app:00000000 $d
C:\Users\HZW\AppData\Local\Temp\ccTJIHY2.s:924    .bss.rxcmd6_dma:00000000 $d
C:\Users\HZW\AppData\Local\Temp\ccTJIHY2.s:934    .bss.target_speed:00000000 target_speed
C:\Users\HZW\AppData\Local\Temp\ccTJIHY2.s:931    .bss.target_speed:00000000 $d
C:\Users\HZW\AppData\Local\Temp\ccTJIHY2.s:940    .bss.rx_index:00000000 rx_index
C:\Users\HZW\AppData\Local\Temp\ccTJIHY2.s:941    .bss.rx_index:00000000 $d
C:\Users\HZW\AppData\Local\Temp\ccTJIHY2.s:947    .bss.rx_buffer:00000000 rx_buffer
C:\Users\HZW\AppData\Local\Temp\ccTJIHY2.s:944    .bss.rx_buffer:00000000 $d
C:\Users\HZW\AppData\Local\Temp\ccTJIHY2.s:954    .bss.uart7_rx_flag:00000000 $d
C:\Users\HZW\AppData\Local\Temp\ccTJIHY2.s:960    .bss.rxcmd7:00000000 rxcmd7
C:\Users\HZW\AppData\Local\Temp\ccTJIHY2.s:957    .bss.rxcmd7:00000000 $d

UNDEFINED SYMBOLS
HAL_CAN_GetRxMessage
MIMotor_MotorDataDecode
HAL_GetTick
memset
HAL_UART_Receive_DMA
huart6
huart7
HAL_IncTick
HAL_RCC_OscConfig
ARM GAS  C:\Users\HZW\AppData\Local\Temp\ccTJIHY2.s 			page 48


HAL_PWREx_EnableOverDrive
HAL_RCC_ClockConfig
HAL_Init
MX_GPIO_Init
MX_DMA_Init
MX_USART1_UART_Init
MX_USART2_UART_Init
MX_USART3_UART_Init
MX_UART7_Init
MX_UART8_Init
MX_USART6_UART_Init
MX_CAN1_Init
CAN_Filter_Config
HAL_CAN_Start
HAL_CAN_ActivateNotification
MX_TIM12_Init
Buzzer_On
HAL_Delay
Buzzer_Off
bsp_init
app_init
Lift_Move_To_Height
Lift_Is_Reached
puts
hcan1
